review_id,source,text,rating,date,thumbs_up
a83756b0-1e31-423b-9aff-5a9ea34eb19f,Play Store,sooooo good delivery 🤌🏻🥀,5,2026-07-28T16:31:25,0
e1a7982f-4485-4db2-b776-bfb891fc444a,Play Store,nice app to order things,5,2026-07-28T16:31:13,0
41150c2e-bfd1-40ba-ab00-d70902778ce2,Play Store,"worst delivery partner,, before when it was new their service was amazing but now a whole trash.",1,2026-07-28T16:30:01,0
4a1cda56-daa1-4a58-a79f-d9c61be5038c,Play Store,damage loose pkt or bahut ganda pkt tha or sara khula hua tha veet ka pkt,1,2026-07-28T16:26:00,0
f770a41d-b551-4d50-8c7d-b9d2325859f6,Play Store,nice,5,2026-07-28T16:25:54,0
5dca94a9-9577-47a1-80f8-d6b9a7e52dfa,Play Store,nice,5,2026-07-28T16:22:59,0
6e87667a-8e00-409f-b6da-c8e6129c4cc6,Play Store,ok hai,5,2026-07-28T16:22:51,0
0a311e88-9af7-4eb1-ac84-859bdfc7a83a,Play Store,good service,5,2026-07-28T16:22:34,0
eccd00fd-a927-4bd1-831f-d0f7c06cc180,Play Store,sometimes it's very poor quality stuff. things r missing. we need to follow up. it's very irritating,2,2026-07-28T16:22:02,0
042270df-1056-46ef-b268-b8e57c89f073,Play Store,mujhe koi discount nahi milta Hai,5,2026-07-28T16:21:11,0
869f2379-7ef4-4f7c-9fe7-ee72d087e4e5,Play Store,good,4,2026-07-28T16:20:47,0
a7405dc5-9f02-4daa-a027-c8648ebf061e,Play Store,good,1,2026-07-28T16:19:45,0
efa10c36-5a55-4e89-a515-c0513a51e813,Play Store,delay in query revert,1,2026-07-28T16:17:36,0
d99fb462-95a1-459c-bf06-4160d37e1719,Play Store,niceeeeeee,5,2026-07-28T16:17:26,0
51f4ac50-e360-4788-b1db-f47b36d69582,Play Store,superb ✨,5,2026-07-28T16:17:05,0
d9ccf5bf-c675-4119-9ce4-c66cdf8816ab,Play Store,gud service,5,2026-07-28T16:16:56,0
d357e4d0-598d-4349-90e5-06cdbf9625a8,Play Store,Amm.best for the shopping I really love it,5,2026-07-28T16:16:35,0
7c763c44-4725-4b49-bc97-01f52a9559d3,Play Store,good 👍🏻,4,2026-07-28T16:13:46,0
4f9659ad-8170-40fa-9978-079d07086714,Play Store,ultimate fast delivery,5,2026-07-28T16:13:39,0
f907130f-a3fc-40ed-952f-f93b71c46bd7,Play Store,best,5,2026-07-28T16:13:35,0
402d965b-31f7-48bc-b1cc-a4a223b016d7,Play Store,"I love the blinkit,,,but additional fee on the products look bit dissaapointed...",4,2026-07-28T16:12:48,0
99c1d2be-b8af-496d-a9a7-c658dcf36455,Play Store,unsatisfied,1,2026-07-28T16:11:53,0
dfc2b768-105f-44db-ae34-4ee98d965f40,Play Store,good job 👍,3,2026-07-28T16:10:44,0
f56a2e30-df3e-47df-81f2-1976b54eeef1,Play Store,today I ordered some items from blinkit as usual.. but today's order I got a product which is empty... there is only a box,4,2026-07-28T16:09:50,0
829bdd51-90ff-42c9-b845-d00c8f9e11b6,Play Store,you cnt even cancel order sometimes,1,2026-07-28T16:09:08,0
936d9895-5a4f-46b5-9b54-f032b7e69bcb,Play Store,"Very good service, products, fast service",5,2026-07-28T16:08:40,0
a114c44c-6f3a-4527-bec0-63ad91112fe9,Play Store,good,5,2026-07-28T16:08:16,0
a9e29483-6337-4431-8881-deb33904437e,Play Store,good,4,2026-07-28T16:08:14,0
2a1ae6eb-237b-4855-a363-67b4e08658b6,Play Store,good,4,2026-07-28T16:07:44,0
f136f4d4-7ef7-40b4-9384-b17063170c0c,Play Store,very worst experience ever in a bread packet s,1,2026-07-28T16:07:34,0
711814cb-bd9b-4d51-b065-b574acd05e74,Play Store,Very Good,5,2026-07-28T16:06:35,0
d58419ce-8852-46ae-904e-e2a6c06eb377,Play Store,"I had a bad day, payment portal failed randomly, I needed that item urgently, and I don't have COD option too. forced to pay using upi, the payment failed and now I have to wait 3-5 days, l app.",1,2026-07-28T16:06:30,0
1d72dbd6-f399-404d-9457-96ce4801ff4f,Play Store,on time delivery by highly civilized delivery personnwl,5,2026-07-28T16:04:56,0
dfc267b3-9ad3-4194-bd6c-d2f273d10b36,Play Store,always feeling like a king make a wish and they just complit in 15 minutes,5,2026-07-28T16:04:53,0
ff200279-b951-4761-9739-454acdc7b778,Play Store,very bad service as they charged extra for booking .,5,2026-07-28T16:04:26,0
25442310-ec21-4577-ba81-442d8f572be6,Play Store,superb App..very smooth functioning and reliable products,5,2026-07-28T16:03:45,0
0071cc0c-4fe0-4fdc-92fe-369945577f79,Play Store,the best service in the world,5,2026-07-28T16:02:20,0
f4e783a0-2504-4966-b27d-94078c00475a,Play Store,"a delivery person was arrogant and rude . even after complaint in support no update, no message, no credibility. what is this blinkit",1,2026-07-28T16:01:43,0
cc264b83-ec6c-4c2a-b62a-53922fc4d0dc,Play Store,superb app,5,2026-07-28T16:00:47,0
2ffab0ea-d214-4a7e-8c82-e4187f6e4741,Play Store,good,5,2026-07-28T16:00:34,0
f85e95f1-9954-4050-80ad-337be9c1b62b,Play Store,very good platform for instant delivery,5,2026-07-28T15:59:07,0
0c230ed5-b2f7-4d17-889b-fe846d8e8f70,Play Store,good 👍,5,2026-07-28T15:57:30,0
ed700c05-39aa-42e4-b309-b13211927c13,Play Store,very easy sir,5,2026-07-28T15:56:55,0
68c05cd8-61b2-4eb5-9fd0-c5d20b7c9edd,Play Store,Did not receive all the products I paid for(online payment),1,2026-07-28T15:56:54,0
4c49dbe3-dcdf-47d1-9bac-33d9e236cde7,Play Store,good,3,2026-07-28T15:56:47,0
90358dd7-abf9-4962-aab7-c68ddbbd7a0c,Play Store,This app is for what if it cannot service in my area (biswanath chariali🤣),1,2026-07-28T15:55:31,0
12cead64-7e3e-47f3-9ecc-b54a2f8fa548,Play Store,too much late order. give that deliver the items in 8 minute and then delivered order in 20 to 30 minutes blinkts too late but product are god but there is no coupon or free delivery only give unnecessarily charge .....,2,2026-07-28T15:54:35,0
cc4ceaf2-2392-4e64-a122-ca1e609f35ef,Play Store,"MULTIGRAIN BREAD is packed dated 23.07.2026 , not satisfied, I will avoid blinkit",1,2026-07-28T15:54:21,0
2b00d157-d29d-4e60-b6ba-57a9ef5f9c11,Play Store,good,5,2026-07-28T15:53:47,0
476935d4-3283-43cb-861a-57fb929582af,Play Store,woww,5,2026-07-28T15:52:41,0
b4eb16d5-aecd-4591-90f0-02eb384612ba,Play Store,ambulance blinkit ki hi ho. time pe to aayega.,5,2026-07-28T15:52:03,0
38bf387f-8ab2-40c9-b34c-989b820a1e05,Play Store,"I am a fan of blinkit, how to use extra money, in good work wow, like ambulance service so many more coming. good app amazing service, next level.",5,2026-07-28T15:51:36,0
ca5bee24-2617-4934-b255-a955ffa539ba,Play Store,more items not available in this app ...try to stock all items,3,2026-07-28T15:51:11,0
1e1b6892-e3b9-46b9-9659-645e8b6d096a,Play Store,ok,1,2026-07-28T15:50:50,1
fff3b7bf-cd50-4373-8395-81d923e6da88,Play Store,prices are high for more commodities through this platform,5,2026-07-28T15:49:39,0
b41c159e-b3b0-41f5-90a5-3f17cebf5e9d,Play Store,wow nice nice good app,5,2026-07-28T15:49:01,0
a08b816d-5b69-4110-858c-a5694ef9ceac,Play Store,good app easy for daily use,5,2026-07-28T15:47:06,0
67bdb260-051b-4aa3-a842-7830969ae7b4,Play Store,very very good,5,2026-07-28T15:46:34,0
20839f70-aa91-4267-b6e3-277e5e4a295c,Play Store,worst customer service I am trying from 2 days to get help but no one is helping only chatbot gave reply and stuck on assigning you a assistant,1,2026-07-28T15:45:16,0
6ffbf2cd-b1d2-447d-9876-d1e95f973bef,Play Store,best App,5,2026-07-28T15:43:59,0
ae72ceee-44d1-4891-a98b-9c880f1b253d,Play Store,it is very fast and easy to,5,2026-07-28T15:43:46,0
a538a9b2-a999-4f4c-b1d6-1f2837c0669e,Play Store,very good service,5,2026-07-28T15:43:14,0
ab75aac8-7b43-4164-adc5-d6848ca5461d,Play Store,good,5,2026-07-28T15:42:00,0
6be16c69-8b87-466d-9344-fd74488247ef,Play Store,"Very disappointed with Blinkit. My order was delivered with a missing item (Cadbury Dairy Milk Mini Treats worth ₹149). I reported it immediately and even tried calling the delivery partner, but received no response. Blinkit rejected my complaint based only on internal records without providing any evidence that the item was packed or delivered. After multiple follow-ups and no fair resolution, I had to escalate the matter to the National Consumer Helpline. Poor customer support.",1,2026-07-28T15:41:12,0
ae3618f5-eca8-4aee-a636-546454103799,Play Store,super,5,2026-07-28T15:40:59,0
c33289e4-d16f-492e-9585-5c86a7c7e11d,Play Store,Good,5,2026-07-28T15:40:39,0
7da7e59e-c8e9-4df0-bd1f-48447236fb09,Play Store,very bad experience because 2 time I ordered blinkit delivered rong and defective product,1,2026-07-28T15:40:34,0
21e4cb41-7bf9-4754-bc1b-76435d5ccb36,Play Store,Always comes with the last second help,5,2026-07-28T15:40:01,0
7c6bf8c4-29d0-4fff-baa8-44bc2f53289c,Play Store,good,5,2026-07-28T15:39:40,0
600393f0-6483-4c41-acd0-47bbf8fe415c,Play Store,very fast service and good 🥑🥝,5,2026-07-28T15:38:51,0
0922386a-d8d8-415c-909c-66b5ec8123d2,Play Store,good service,5,2026-07-28T15:38:49,0
a58c6797-d788-4045-8120-ed1d981b5e3b,Play Store,it is helpful,4,2026-07-28T15:37:26,0
caf3e50f-475f-42a2-8557-7890630cb001,Play Store,good,5,2026-07-28T15:36:29,0
bb3b3ff4-275a-4a56-a55e-2001196cf6c4,Play Store,excellent service 👍,5,2026-07-28T15:35:56,0
0ca9679c-008a-49bc-98a4-aae428393ec5,Play Store,"Default This is extremely disappointing. This is not the first time I have faced this issue with Blinkit. I ordered Fortune Rozana Gold Basmati Rice expecting good-quality, full-length grains, but I received rice with a large number of broken grains. Despite reporting the issue with clear details, my complaint was not resolved. As a customer, I expect quality products and fair customer support. Ignoring genuine quality issues and refusing to provide a proper resolution is unacceptable. I have",1,2026-07-28T15:35:26,0
8d684690-9192-4950-89ca-2f340bf5797b,Play Store,good,4,2026-07-28T15:35:01,0
a68467c9-2a26-4336-bb37-5b570158278a,Play Store,good service,5,2026-07-28T15:34:54,0
870a2313-62dc-4e55-bf74-9017d841a4a6,Play Store,best app,5,2026-07-28T15:32:35,0
0a4c26dd-8092-4916-bb88-5e00d851cef1,Play Store,i love this app,5,2026-07-28T15:31:36,0
4a57ed61-fd8c-4b5c-9ecf-2489347e2cfb,Play Store,very good app,5,2026-07-28T15:31:22,0
772d2e8e-21ea-40aa-afba-962f38c406a4,Play Store,order procecc is easy,5,2026-07-28T15:30:29,0
b2d5478a-9864-40ce-bfe4-68c8dfcbd873,Play Store,👌👌👌,5,2026-07-28T15:30:08,0
7bb5c2b1-4b62-4c24-924b-3de31564def9,Play Store,very good 👍,5,2026-07-28T15:29:42,0
6a2f0c51-b2ff-44fb-b8fd-eddc476ed42b,Play Store,nyc service,5,2026-07-28T15:29:11,0
9e78ad57-9b7d-4b96-a3ed-2bd3140d1f8c,Play Store,"great , fast delivery, wish more items were added",4,2026-07-28T15:28:42,0
8d811431-f898-4108-bc69-4577eabd4618,Play Store,very good,5,2026-07-28T15:27:56,0
1934d56b-0b66-4660-b1ec-02d011df27cd,Play Store,super,5,2026-07-28T15:27:19,0
c1dddcd2-35eb-4654-aba6-11f4b3cb1c03,Play Store,"want to suggest, try to deliver product neat and clean where manufacturing date is clearly visible",2,2026-07-28T15:25:29,0
4556c96f-3aa3-44ae-850c-6d6b196aa1ec,Play Store,bad app . bad customer service,1,2026-07-28T15:25:18,0
05dee160-9700-49d4-8030-57003325f543,Play Store,nice 🙂,5,2026-07-28T15:24:22,0
a62c72ab-a7bf-443c-96fa-4755bb1ce9dd,Play Store,very fast service 🐕‍🦺,5,2026-07-28T15:23:01,0
b47c4928-ec89-4f17-9702-6bceefd26fb2,Play Store,good 😊,5,2026-07-28T15:22:49,0
fc207f7e-1ef6-46bb-8fa5-15d51f2ed0e1,Play Store,door tak nhi laye,1,2026-07-28T15:21:14,0
23ccb1b8-f98e-4be2-b358-b79f2365b006,Play Store,it's so good thank you❤,5,2026-07-28T15:21:13,0
5ffde807-0f7d-4f23-88e1-0606ee091493,Play Store,nice delivery app,5,2026-07-28T15:21:05,0
44798c29-0f44-4aeb-b0f3-ac48315f6116,Play Store,this very good,5,2026-07-28T15:20:51,0
7c7ed1dd-2e42-4910-b0ac-f45a4ba84819,Play Store,"Blinkit is really a amazing app, everytime.they give easy refunds and instant response to resolve my problem💗😭",5,2026-07-28T15:16:36,0
5b2d9790-b5b6-4964-b9da-1290dc3cb1b0,Play Store,payment is too much,5,2026-07-28T15:15:58,1
62c1fb44-b753-4e69-8094-22fe1094d914,Play Store,good,4,2026-07-28T15:15:50,0
7aaf320c-4de6-49a9-9df5-78967c4ced82,Play Store,best app for everyone,5,2026-07-28T15:14:51,0
060ff92a-d8af-4a61-8441-99cd5b2e3a34,Play Store,very nice work 👍🏻😃,5,2026-07-28T15:14:35,0
1de844b9-c746-4c22-84e7-c644df37335f,Play Store,thank you,5,2026-07-28T15:13:44,0
e4b7a63c-35f5-491b-bbc2-fe1c36a506f7,Play Store,good,5,2026-07-28T15:13:20,0
99fc60c9-3213-4b10-8863-41582c5f2970,Play Store,customer care service is not available so payment query is not managed.my payment is done but item is not delivered.what is the process of return My payment.,3,2026-07-28T15:10:59,0
d1411d01-4e87-4fcc-8419-283954fa5f27,Play Store,little bit costly,4,2026-07-28T15:10:35,0
0a7f6ed0-29d7-434e-ba8d-53e56a5ae974,Play Store,all item not good,1,2026-07-28T15:09:20,0
d78ec60d-e3d6-4bab-8d81-12565242e59b,Play Store,good and fast,4,2026-07-28T15:06:41,0
6a763de0-38fd-45b0-99fc-72abfbdab3ea,Play Store,great😃,5,2026-07-28T15:05:13,0
7791bad4-a49f-464d-bba4-6838ec45ee2f,Play Store,Easy and Fast,5,2026-07-28T15:03:44,0
a7308dc5-c6b9-4315-91e8-41ba96c91af4,Play Store,Goog,5,2026-07-28T15:02:35,0
83c9a696-1e12-4ce5-a431-271ca07ba14b,Play Store,Good services,4,2026-07-28T15:01:57,0
e14b1620-83f4-41db-80ac-96e07ba6a3b0,Play Store,. thank you 😊,5,2026-07-28T15:01:41,0
60bbcce9-0d2c-44c3-a40e-5f74a413a995,Play Store,ok -ok,4,2026-07-28T15:01:13,0
d2691ed2-2a80-45c1-9f7d-1ce1be0f8048,Play Store,excellent app 😃,5,2026-07-28T15:00:23,0
94358f94-8e0a-4a77-903d-b69faba23a0e,Play Store,nice app,5,2026-07-28T15:00:05,0
d21ba26e-60fb-44e8-bb4c-8f2757a720b4,Play Store,Good,4,2026-07-28T14:59:41,0
1aaa4e47-1a92-44b9-a5c6-050a9bd3bbd1,Play Store,not good experience. i placed order of spine gourd and also pay for that but in order not received fully. i complained for that but didn't get solution. worst application. i share my order id by mail. resolve my complain.,1,2026-07-28T14:57:51,0
b03ba47f-ad7f-4c51-bd7d-0e0fe8e035d9,Play Store,best service,5,2026-07-28T14:57:10,0
c8abf3da-86b1-4f25-9fce-cca2c32b39ba,Play Store,best app ...deliver in mints ..👍🏻,5,2026-07-28T14:56:47,0
55c3330b-f772-43cd-acf0-8e2cfbf258f3,Play Store,poor quality products and no response from the customer support,1,2026-07-28T14:56:13,0
5c645bbb-e8d4-4a99-b87a-cce4a3c05ebb,Play Store,the app is good but there is one problem that it is not free delivery tell me not at the items still 199 but there should be rs 100 that would be more suitable,4,2026-07-28T14:55:42,0
abc0404f-7210-4905-9a44-ebefdb82fde9,Play Store,good,5,2026-07-28T14:54:08,0
e52d0558-47d7-44f9-a502-7fb96adc992d,Play Store,very nice,5,2026-07-28T14:53:49,0
d3ee6a41-3849-482a-8cf7-f471997c4497,Play Store,Good,4,2026-07-28T14:53:22,0
ce77dbaf-74ef-422d-9e2b-ba2ffafd1a8f,Play Store,Best app 👌,5,2026-07-28T14:52:03,0
dd45575a-9086-4480-99e9-5551bb94bbcb,Play Store,good,3,2026-07-28T14:51:56,0
d9856d7f-5964-45fb-9a99-c954e7c6c7fc,Play Store,very good,5,2026-07-28T14:50:35,0
9336f9b1-9cc6-4bb4-bdc1-fa097bd6ff5f,Play Store,way too much delay,1,2026-07-28T14:49:37,0
e8e8e03a-117f-4568-8c95-a54460dc6f11,Play Store,nyc❤️,5,2026-07-28T14:48:37,0
59295552-42c7-4b36-a293-ca75ddc215a6,Play Store,nice service,5,2026-07-28T14:46:48,0
4206e435-78fa-43d7-9fef-531a46c1702d,Play Store,good,5,2026-07-28T14:46:24,0
cb61b26c-00cd-4f91-8a46-a92ca603a4ec,Play Store,why always cod is not available on the app 😡😡😡😡😡😡😡😡😡😐,1,2026-07-28T14:46:18,0
c96374ad-906d-4205-9fd7-80c84ce39d0d,Play Store,Excellent,5,2026-07-28T14:44:44,0
387bca84-f3bc-4371-882f-b51d2cce51f1,Play Store,i love blinkit but it is not available in my city please get you make it available .,4,2026-07-28T14:44:30,0
9342f733-d6e4-47ea-9b1e-dc62f7d8e35a,Play Store,Very helpful,5,2026-07-28T14:44:17,0
98b65c39-bb78-4ad6-b938-ee364d8c6655,Play Store,Overall experience is ok .But once they sent me a 1 Litre detergent which had only 400 ml .They offered replacement but thats not the point .Icaught it bcoz it felt light .,3,2026-07-28T14:42:20,0
9ae0fe7d-c974-434a-a9d2-0fe8c5cac125,Play Store,amazing 😍,5,2026-07-28T14:41:50,0
a93f74a5-ad3c-4a9a-bad3-598649462e8e,Play Store,is areaa me store mere se 1 km dur he fir bhi delivery nahi dete man chahe order available or man chahe order unavailable kitne din se request kr raha hu lekin koi sollution nahi he isse achha big basket,1,2026-07-28T14:41:01,0
e7a4aca9-53c4-421b-b20c-cfd8e6e4a938,Play Store,blink it take extra money for making an excuses 3rd class app,1,2026-07-28T14:39:35,0
6ed75d1e-3330-4678-93e9-a7dc6002dfc6,Play Store,good,5,2026-07-28T14:38:57,0
fe6673fa-194e-442c-8be8-3c739dc03132,Play Store,👍🏻🙂 nice,5,2026-07-28T14:36:01,0
b02d4911-9c6d-4504-accf-4738641f4b20,Play Store,Great effort by mirayam & blinkit team in delivery of food to a poor and deserving girl in Jharkhand kudos to you,5,2026-07-28T14:35:32,0
c0fda8a9-8f3e-482b-8d89-cac657c6bd44,Play Store,Very Nice Services,5,2026-07-28T14:35:15,0
5b523592-85d5-4649-b926-f1cbf3ce374a,Play Store,best experience low price in very nice product I buy guitar from blinkit,5,2026-07-28T14:33:58,0
a962dbc6-3814-4f5a-affb-fd16a98facea,Play Store,good,5,2026-07-28T14:32:39,0
2776a308-16ad-47ce-8e9e-77d676175412,Play Store,nice,5,2026-07-28T14:32:25,0
e9de7501-2ab5-48e8-9629-f19ba7d80eda,Play Store,very mast h mazaaa aa jayga saman kharid ke itni jldi delivery,5,2026-07-28T14:29:38,0
e63a3bb8-72e2-4716-956f-0d630dc75256,Play Store,very bad service,1,2026-07-28T14:28:28,0
ba72013a-b756-4565-a2f0-d1e1d8781914,Play Store,"charge more, expensive, take extra unnecessary charges",1,2026-07-28T14:27:27,0
88b23b32-26e4-4475-a53d-728e4f8cb0cd,Play Store,what the app is this never visit in exact location,1,2026-07-28T14:26:47,0
0f2492f9-c66d-4529-b4c8-dc30ff315081,Play Store,made life easier,4,2026-07-28T14:26:26,0
830457b0-ebf3-41d0-ac08-c82351e84706,Play Store,NICE 🙂,5,2026-07-28T14:26:25,0
67a46dd3-378d-49bf-b091-622ead5d8e63,Play Store,good,5,2026-07-28T14:25:33,0
fb62be84-3e40-4e19-a09f-1c02d9f07391,Play Store,Best 👍💯,5,2026-07-28T14:25:28,0
1bb81602-1da1-470b-a665-d504c71ef141,Play Store,👍🏻,5,2026-07-28T14:24:59,0
9bc3acb6-d44d-4da2-b14b-7550d3fe4f02,Play Store,nice nice,5,2026-07-28T14:24:49,0
860a0029-04a7-4c92-b365-37daedf8ab1e,Play Store,good service blinkit,4,2026-07-28T14:24:04,0
c5f652ee-f0ad-4ca7-855d-072f9a65e54f,Play Store,ok,3,2026-07-28T14:23:13,0
365de9cb-4b02-47cd-90b4-647a264bc0b2,Play Store,this is one of the best delivery app come in 10 minute,5,2026-07-28T14:20:54,0
7e2ec60d-7381-4a32-a1af-8f065d91839d,Play Store,ok,5,2026-07-28T14:20:08,0
78db02e6-cd59-4e8d-95b4-b212eeb5bca8,Play Store,good,5,2026-07-28T14:20:00,0
b69fb94f-3e92-470e-9619-e96e2693c282,Play Store,QUALITY OF SERVICE; 10 % DELIVERY GUY FAULT BUT 90% COMPANY. DON'T BLAME DELIVERY GUY AT ALL.,1,2026-07-28T14:19:44,0
7d6177a9-b95b-4e9e-bbb9-7f4f2a49717e,Play Store,mera order ni receive hua or pese cut gye,1,2026-07-28T14:18:03,0
0a02e0f7-90b8-448c-9568-ea0fd2400e1f,Play Store,good 👍,5,2026-07-28T14:17:27,0
1bbb4fd9-6fb9-4835-9ef4-dd060676241b,Play Store,okay,2,2026-07-28T14:16:37,0
da0c1abe-8f99-4b34-b92c-e602f59f99b7,Play Store,good app,5,2026-07-28T14:16:36,0
f7da85f8-91d9-4364-afc0-f084c6ad2088,Play Store,good,5,2026-07-28T14:16:20,0
432c210b-2d44-42fb-9686-13944b127611,Play Store,best app for ever,5,2026-07-28T14:07:48,0
612b8d58-9f17-4096-8832-432c6f09b6f5,Play Store,always ready and quick,5,2026-07-28T14:06:37,0
081618aa-911b-4ddd-8201-2c97dd42beaf,Play Store,nice 👍,5,2026-07-28T14:05:01,0
9c0b72f8-03a5-4d0c-a6f4-ea6a7932378d,Play Store,but don't shows best and cheapest price,4,2026-07-28T14:04:02,0
5a8b8242-ecb2-4724-be90-d3dfb96df600,Play Store,extra leta h,1,2026-07-28T14:03:26,0
a85c6176-58a5-4eea-b8da-ee5f8d0e2b47,Play Store,good,5,2026-07-28T14:02:13,0
3858a19d-6414-4d34-beb2-1f6a82ebdfe9,Play Store,very good. 👍,5,2026-07-28T14:00:02,0
9963f4d5-55f1-4484-a9ee-1d4c82dc8e70,Play Store,easy to order,5,2026-07-28T13:59:57,0
6865e7e2-0832-4b35-be10-7398e4868e6e,Play Store,they send me spillage items and when I try to complaint they didn't assign a support executive for one hr still waiting for there response,1,2026-07-28T13:59:18,0
8b35fd3f-a321-44b3-9448-6a1f6357f7e4,Play Store,good service,5,2026-07-28T13:58:31,0
a8b3e163-8f1f-49f5-8b5c-5fb7db6f86be,Play Store,good 👍,5,2026-07-28T13:57:19,0
55239663-9891-46f7-8353-995d55891a8d,Play Store,ok,2,2026-07-28T13:56:35,0
137c2dbf-a5c8-448b-9d83-afd190e6b99b,Play Store,Quick delivery Polite support team Variety of products,5,2026-07-28T13:53:19,0
952636fa-8f3f-4fcf-828b-a54c55ed378f,Play Store,best,5,2026-07-28T13:52:58,0
f0ff6529-3116-485d-b1be-a60815d7d325,Play Store,good 👍,5,2026-07-28T13:52:26,0
dab9992a-5b62-4d8e-871c-8a711a24caf0,Play Store,mast,5,2026-07-28T13:51:12,0
6816a44f-ddf8-4eee-b431-83bcf2b7bb6b,Play Store,"last minute app, doing fab, rate is little high but everything is available",5,2026-07-28T13:47:03,0
c5865e89-9cf6-4b2b-81b7-35946a1783e6,Play Store,absolutely night service,5,2026-07-28T13:46:35,0
bf486d13-f335-411c-9eec-ce25dc6d5d5b,Play Store,👍,5,2026-07-28T13:46:06,0
20a3b8c0-c1c9-4afb-b998-f1ef02070abd,Play Store,not delivered properly...items were leaking.. all items got leaked and not good...,1,2026-07-28T13:45:50,0
df04df36-22f9-4a26-8bca-5e10d02cc344,Play Store,good,5,2026-07-28T13:45:08,0
4c19286e-4615-4780-b241-fcb48ec66437,Play Store,fast delivery,5,2026-07-28T13:44:47,0
8c7f5128-a825-4847-b7cf-b605c9ca3097,Play Store,first time check your service,3,2026-07-28T13:44:26,0
7eabbddb-b708-4d9e-b8ff-c43eaf47acfe,Play Store,"Very fast delivery,everything of need is available",5,2026-07-28T13:43:32,0
c7d5ea29-ba20-4a45-a491-9e98fe6c6e82,Play Store,good,5,2026-07-28T13:43:19,0
b73b7e71-fccf-404a-8066-b78203947569,Play Store,👍,5,2026-07-28T13:42:27,0
af6be399-f3dc-4b16-a2d9-47b85ddc9f20,Play Store,order missing more please check before you receive the order neither you cannot get money,1,2026-07-28T13:40:37,0
b7173377-0d57-44ad-896c-0426b99c7bf4,Play Store,great app from great people with great services,5,2026-07-28T13:40:05,0
5bb4b387-ad68-4a59-b5c5-32eb573f4ccd,Play Store,fast delivery,5,2026-07-28T13:39:42,0
7e2e811f-c634-44df-9114-19fce8832a0e,Play Store,bad,1,2026-07-28T13:39:21,0
8c9d09b4-97f9-4e46-9ef9-05956ec94f7b,Play Store,one of the worst app they are something that i didn't even order and also they didn't give me what i ordered and they say they can't resolve this issue seriously i want my replacements and refunddddddddddddddd,1,2026-07-28T13:38:42,0
900a16dd-e9da-492b-a350-9a541e1d3dac,Play Store,I luv it🙌,5,2026-07-28T13:38:29,0
f50fbca2-cdf2-4671-9025-7821b5d1904b,Play Store,nice 👍,5,2026-07-28T13:37:35,0
00f0b4f0-3b84-46c4-a578-8329bcfcddc7,Play Store,very fast and good behaviour of delivery man,5,2026-07-28T13:37:03,0
f44504b2-b1a5-4949-991d-79204b1c0023,Play Store,great,4,2026-07-28T13:36:38,0
72271de1-a07e-488d-9b5f-5311d2b7b7c0,Play Store,very good service,5,2026-07-28T13:36:10,0
14dcdccd-ca62-4a6d-8622-3347caf5465d,Play Store,good,5,2026-07-28T13:35:50,0
ec08eb00-2b0a-4bf1-8e29-14150f0cbfad,Play Store,good service,5,2026-07-28T13:34:45,0
0cf83d04-63a6-49f5-b8b2-26ab78f5bd22,Play Store,sometimes order change or damaged,4,2026-07-28T13:34:32,0
79bc7e78-9dce-46b9-96ca-a889b7a65cad,Play Store,u could Add some medical things and can make it as a 10 min amazon,4,2026-07-28T13:34:31,0
e59729f4-7926-4928-ae12-9d231029d7ed,Play Store,super,5,2026-07-28T13:34:20,0
113ac8b6-4987-4814-becc-870b5ed72bd3,Play Store,good work bu blinkit,5,2026-07-28T13:34:03,0
40778384-1c19-4eda-9655-36f772f93328,Play Store,very good service and fast delivery,5,2026-07-28T13:33:06,0
7b814ae5-6605-4420-9a5f-9743e874caf4,Play Store,good,5,2026-07-28T13:32:41,0
c45e058e-3492-485e-b6e9-ddddc02a373b,Play Store,good,5,2026-07-28T13:32:07,0
b7db8c2c-5d46-455b-b2d0-16dc5423daab,Play Store,super fast delivery of quality items.,5,2026-07-28T13:31:26,0
fbebe2c2-bc9d-4622-a51f-8bd05f47d707,Play Store,best dilevery app,5,2026-07-28T13:31:25,0
e20e0281-e54d-4279-9128-289a30ed5de1,Play Store,This platform always provides lesser quantity than stated in its app. Never order fruits and vegetables from Blinkit. If you reach their customer care they will ask you to weigh and give proof like customer is supposed to keep weighing machine in their house,1,2026-07-28T13:30:07,0
8fc33fe0-abf7-481e-b941-6c803c1db45d,Play Store,❤️✨,5,2026-07-28T13:29:49,0
1abdf414-0c22-49d4-b755-889a8dcb0222,Play Store,"worst customer service product not replacing and refund, money waste blinkit products, don't buy from blinkit",1,2026-07-28T13:29:44,0
6ea692d2-0fff-45e5-ab27-41a4a8cec419,Play Store,ULTIMATE PRODUCT & ULTIMATE DISCOUNT PRICE,5,2026-07-28T13:29:08,0
5b1ddcbb-5173-4c38-bf19-40ace5ff2cc7,Play Store,Greater than expected,4,2026-07-28T13:28:36,0
24965033-9a77-426a-b371-307ce5583e6b,Play Store,Very fast delivery and very awesome thank you blinkit app today I order second time very fast delivery thank you so much blinkit,5,2026-07-28T13:26:46,0
94064ffe-b499-4b93-a9e5-bb91a9810dbe,Play Store,blinkit is very good work and right time delivered your product.,5,2026-07-28T13:26:04,0
8fa5c393-1170-491c-be1f-57bb551086ff,Play Store,"like your service, really very helpful this 10 min service. one suggestion you dont need to give big paper bag. i can directly collect my stuff from your delivery man.",5,2026-07-28T13:24:11,0
199ba435-133b-4105-ad9b-cf0cddfc2477,Play Store,good,5,2026-07-28T13:23:29,0
31293923-b0f7-4555-9687-d290340c5d99,Play Store,Mohd Ramzan 👍,5,2026-07-28T13:21:34,0
0f01cba0-dc29-4b5b-9250-2016e120154f,Play Store,Too Bad experience also customer care not responding positively,1,2026-07-28T13:21:06,0
b8a6bac1-8a3f-4380-8d07-d4a3e3558939,Play Store,"Mera money account se cut gaya,order nahi hua ,money refunded nahi hua , 5 - 7 working day se jyada ho gya ,kiya refund nahi hota hai blinkit pe , next time se aap use nahi karunga ,very disappointed, ordered fail wala aap se remove ho gaya hai,jo order hua received kiye wahi sirf show kar raha hai",1,2026-07-28T13:20:22,0
068dae0b-ca2b-4764-935d-ed9fdd7669cf,Play Store,this app is very fast delivery,5,2026-07-28T13:19:02,0
d63fb7b4-82b9-42cc-8857-f3af9f3be68e,Play Store,"as the first time the buyer ordered a boatt c-c charger with adapter and received only cable, delivery person is not taking responsibility, and help and support is totally missing, this feels like a scam to me",1,2026-07-28T13:19:01,0
5b94a5bf-99f3-4762-964e-aba65a7219d5,Play Store,good 👍,5,2026-07-28T13:18:35,0
87f1e1d6-8f7a-44c6-8b35-b635e1021618,Play Store,super,5,2026-07-28T13:18:27,0
14092ddf-9e0e-4631-a171-9f4074df91f0,Play Store,ok ok,4,2026-07-28T13:18:10,0
c042025b-410b-4569-b499-31a1d93b05f2,Play Store,bahut badhiya,5,2026-07-28T13:17:47,0
f1207db2-1e55-4a06-9e0b-09be19ffd500,Play Store,"abhi kya review dene ka inko, sab ek jaiseeeEe h😂😂",1,2026-07-28T13:15:17,0
c7650a5e-1d29-4e17-9260-809788909493,Play Store,just WOW,5,2026-07-28T13:15:05,0
a73f065f-2f9e-4da5-83dc-879f176a9505,Play Store,💯,5,2026-07-28T13:13:54,0
3b51d220-7fc4-49cf-a276-ad778b054d4f,Play Store,best,5,2026-07-28T13:12:52,0
158fe7bf-a76d-4e5b-8fbb-7ffa3cd5703d,Play Store,very good,5,2026-07-28T13:12:38,0
faaf4a14-57a9-4674-a85d-b8f318805601,Play Store,veerrry ggggggoooooodddddddd,5,2026-07-28T13:11:28,0
53347b2b-5eee-4bc1-84c2-c60c53e6a72d,Play Store,"Yes helpful app in this monsoon no other apps delivered any more products but blinkit is still in the field in this situation, but his Dilevry partner is so liaer he don't deliver the product, he stolen my product",5,2026-07-28T13:10:02,0
8c9ff376-473b-4e58-9016-deb21bb3d983,Play Store,wrong item received but body ready to listen,1,2026-07-28T13:09:38,0
9253535e-40b9-4e8f-b4b0-b3acd693e5d0,Play Store,very nice thnx blinkit to provide service at home❤️,5,2026-07-28T13:09:06,0
06a8d8b8-961b-498a-9099-5e51d4984523,Play Store,very good,5,2026-07-28T13:07:01,0
4c86cad0-3ba4-4b49-945a-4b5c96bd8162,Play Store,kharab sade huye vegetables delivery,2,2026-07-28T13:06:26,1
0507fb39-fa23-48a4-a4b6-86e4960f51c5,Play Store,best delivery app ever 🫶🏻,5,2026-07-28T13:03:39,0
79f0ec11-178d-4b6a-8916-c53b4f0d8247,Play Store,very nice and trusted,5,2026-07-28T13:03:17,0
318f15d3-b1cc-406f-a0d2-237e61dce372,Play Store,Awesome interface and service experience,5,2026-07-28T13:02:26,0
2b150bc0-0d1e-4407-8ab5-d3a9489949be,Play Store,fast Dilevery parsal,4,2026-07-28T13:00:54,0
4b963001-ad55-4e48-ae9f-bfd852d0f8d8,Play Store,very nice,4,2026-07-28T13:00:18,0
b04bf3d2-677e-4953-9470-64b11f2d236c,Play Store,nice,4,2026-07-28T13:00:12,0
58574a18-e475-458d-bebb-4351ae5758b4,Play Store,good,5,2026-07-28T12:59:42,0
65dbfb8d-00ff-444b-a440-c6dca867d180,Play Store,i am impressed 💯😁,5,2026-07-28T12:57:52,0
1ee0e0a1-53f4-43d5-bb4d-ed60bb2c01a6,Play Store,don't help any Time,1,2026-07-28T12:57:45,0
62580cee-aaca-4b33-94fb-eb7aca2d9754,Play Store,Good,4,2026-07-28T12:54:11,0
e26f8c45-5f28-4ae7-bfbc-9b3ac32626ff,Play Store,amazing app and services,5,2026-07-28T12:54:11,0
174347f6-516d-4494-a1c8-ef939b5814b4,Play Store,really good service,5,2026-07-28T12:52:47,0
fa153072-0fdb-4a3b-9ae4-4c9aa912f5b1,Play Store,"Bought an item at 29, ended up paying 89 for the product. 2km distance and charging 30 rupees for delivery, 20 for small cart charges and 10 rupees for handling charges. is there not any percentage of the product price to apply these charges? i orefer to uninstall once the order is delivered.",1,2026-07-28T12:52:34,0
b23c2628-eb91-4ba9-8421-a99c1bb4eb7f,Play Store,best,5,2026-07-28T12:50:52,0
cfcd6d5b-6fab-464d-b9e5-c97847ee3bbf,Play Store,good but give gift on my birthday dx,4,2026-07-28T12:50:51,0
d1c0a6bf-0942-4058-9def-28971b98b04e,Play Store,"They never refunded for the wrong product delivery ,returned also but still no refund 👎👎. Disappointing . UNINSTALLED.",1,2026-07-28T12:50:17,0
6f8a4700-e776-4700-a8c3-db24059eeeb9,Play Store,very disappointed with the return policy of this app I have ordered 100 plus products on this app but I wanted to return one product but they will not do it 100 excuses against state very disappointed and so uninstalling it,1,2026-07-28T12:49:59,0
67680d4c-9a17-4038-90f1-3beaa151f7b5,Play Store,very good 😊,5,2026-07-28T12:48:46,0
e25cb14d-c5b6-46b4-918a-ce847ceea03a,Play Store,best app. 😚😚,5,2026-07-28T12:48:03,0
e205ab25-ec76-4853-acbe-f397fde6fce2,Play Store,"costing compare to other platforms, hidden charges always lies with chor blinkit",1,2026-07-28T12:46:30,0
7409cecd-aa37-475e-a10b-1bb537d24c89,Play Store,good,4,2026-07-28T12:45:06,0
0cba0b7a-3a6a-468f-81ec-5b0821d52e1d,Play Store,good,5,2026-07-28T12:44:34,0
aad7936c-04c8-4f97-9531-a3ac4a51915a,Play Store,sometimes quality not good and it's very difficult to return it. when it's not good you should make arrangement to take back on the spot of delivery,3,2026-07-28T12:43:58,0
15bace98-4972-4b0f-8b7b-5c3f4a18d1be,Play Store,very nice 👍🏻👍🏻👍🏻,5,2026-07-28T12:43:46,0
fbdcc440-cf29-4622-9b99-abf4bafe9daa,Play Store,good service 👍,5,2026-07-28T12:43:33,0
a61aa5fb-faaf-4383-9319-536340733733,Play Store,Good,4,2026-07-28T12:42:55,0
b9227b2c-14f1-4d2a-b81d-0619aafe4f3f,Play Store,the best app for ordering....easy to order and fast delivery,5,2026-07-28T12:42:26,0
2bb34a2b-ec17-478e-af5e-a7fca6f8ef36,Play Store,good,5,2026-07-28T12:41:58,0
12441dd1-dd1b-44e7-b915-85929de9d9bf,Play Store,good,5,2026-07-28T12:41:05,0
c59ef70b-b702-4dcc-8035-e8cc7a5ed607,Play Store,so fast,5,2026-07-28T12:38:45,0
cb0572b0-177a-4228-9d31-42d644a1c8f7,Play Store,"getting delivered in last minute is something to be appreciated, I really liked ur services like well packed without plastic used and safely delivered on time or sometimes earlier. delivery agents deserve to be thankful for their services. Thank you🙌🏻",4,2026-07-28T12:36:08,0
e38e5709-680e-4c11-a66c-2ff3115f4414,Play Store,bhut axa app hai,5,2026-07-28T12:33:34,0
9b23c9bf-79d8-413c-b7da-eb11f11f02bf,Play Store,very good👍,5,2026-07-28T12:33:05,0
307966b5-b011-4f83-b26c-cb9b26ac8f7e,Play Store,good,5,2026-07-28T12:32:42,0
042f630c-0990-4cd8-8a18-c283485000db,Play Store,This is the best,5,2026-07-28T12:32:09,0
1847e862-9a12-45c5-802b-1ae7c3ef995c,Play Store,super,5,2026-07-28T12:31:18,0
f4640f07-aaef-41d0-ad6b-7f1f61594427,Play Store,some time never come at door step,4,2026-07-28T12:30:59,0
9dd9150e-ed98-4ce9-83c8-ad4f73f9ecf5,Play Store,worst behavior of your delivery partner very worst means very worst I was try to cancle the order but it won't if it is like this how can we order again in your store very worst I will never purchase anything from you,1,2026-07-28T12:26:02,0
8a8565d0-9c2c-4b9e-aeab-46e358120eba,Play Store,for instance delivery but very expensives,4,2026-07-28T12:25:09,0
63c44f6e-9998-4275-ac57-6becb03acd85,Play Store,🤩,4,2026-07-28T12:24:00,0
198a2531-c0b0-49af-ad17-d0512c963602,Play Store,this is amazing,5,2026-07-28T12:23:34,0
9adbad1e-3951-458c-a882-b387573b3301,Play Store,Different variety and different sizes of products not available.,1,2026-07-28T12:23:17,0
52fd58da-c188-4ec0-894d-aa8c9ab88ce0,Play Store,good,5,2026-07-28T12:21:27,0
16d9c2d6-b387-4d0b-bcf9-687c64cc2309,Play Store,nice app,5,2026-07-28T12:21:04,0
2fc0be4a-c832-45a1-94d1-90b33b1d953c,Play Store,good,5,2026-07-28T12:19:18,0
8bd48e6c-d653-411a-971d-0859dda99d0c,Play Store,They deliver the wrong product and then stall when it comes to the return process.,1,2026-07-28T12:18:42,0
a4c47ceb-c225-4833-b731-9231f7943fa3,Play Store,nice,5,2026-07-28T12:18:19,0
6161321f-1e6e-4bf0-aea1-9037728befb6,Play Store,excellent service,5,2026-07-28T12:16:48,0
a314da48-638f-48bc-af6c-9292bed4c6c7,Play Store,Items and especially the delivery boy both are too good. thank you for such prompt services. keep it up. Radhe Radhe,5,2026-07-28T12:11:27,0
4ca1df53-40d1-4a40-bff2-827119b9c9ed,Play Store,no doubt this app is realy nice but the prices of groceries is expensive comparing with other apps because so much of charges are there and not only charges but many things are expensive for no reason than other apps,4,2026-07-28T12:11:11,0
799249b3-0c27-433c-a4b4-0551fee9172e,Play Store,good,4,2026-07-28T12:10:58,0
1a8408b7-5673-4208-b876-e2ed75be50f9,Play Store,excellent,5,2026-07-28T12:09:42,0
f18da830-6aae-455e-94ff-06d1a6f843e1,Play Store,very bad experience with customer care everyone should try unother aap,1,2026-07-28T12:09:16,0
c18a12e0-be1a-4b3a-88a0-46c192ca7d69,Play Store,good sevice a,5,2026-07-28T12:09:12,0
822d7df1-2f1c-42bc-8395-8870f405c71d,Play Store,nice🤩,5,2026-07-28T12:07:50,0
40014a3b-8c90-43bf-a4da-640f74928834,Play Store,lightening speed delivery..,5,2026-07-28T12:07:00,0
1f36fc7e-10f0-45ce-89b5-901c887c777d,Play Store,👍👍👍,5,2026-07-28T12:06:14,0
52a1467e-30b2-4e1a-88c4-5fab3ad7be66,Play Store,just blink it 🤗 and you will receive whatever you want 💕,5,2026-07-28T12:06:13,0
c9581f40-2576-4152-88f0-0dbe0498ecc7,Play Store,good app,5,2026-07-28T12:06:06,0
accec649-59f9-4595-9c59-bc0a20576e62,Play Store,nice when ur are needed,5,2026-07-28T12:05:22,0
99f24cb3-ac30-40b8-80c6-176d37e285fa,Play Store,excellent service,5,2026-07-28T12:03:56,0
275a52de-c476-4733-a490-3b6c3bb5349a,Play Store,good,4,2026-07-28T12:03:06,0
be470d35-3ca8-4a07-8147-d913617f2b75,Play Store,excellent 👌👌👌👌,5,2026-07-28T12:01:58,0
493744cc-7fe5-4cc8-8376-38d18ed853fe,Play Store,nice,5,2026-07-28T12:01:15,0
e2bcdefe-abbb-407d-b7cb-fcb4796b84af,Play Store,good,5,2026-07-28T11:59:20,0
97cd91b9-7d5f-4a09-86d9-632b8c8f0b08,Play Store,better than others,5,2026-07-28T11:58:53,0
5a6d8422-233c-41af-b811-9b826f311907,Play Store,good,2,2026-07-28T11:57:35,0
383effe5-62cb-4c2a-8856-14f010632b3a,Play Store,delivery charges is very high,5,2026-07-28T11:56:12,0
b34a73d5-a785-48ac-8f6d-f6fa9b00f84d,Play Store,nice work for blinkit,5,2026-07-28T11:55:37,0
79c3ac80-f6fd-4689-8fcc-92aaf0c101a9,Play Store,thanks for blinkit,5,2026-07-28T11:55:00,0
c79b75fe-c6b4-4bf6-8fa5-250bd2fe3536,Play Store,Good 👍,5,2026-07-28T11:53:28,0
0c424652-448d-4cf9-a426-cd034a7fe9cd,Play Store,very good sarvice,5,2026-07-28T11:52:52,0
654d871b-6be8-4384-9278-e375bf26fae1,Play Store,This is very good,5,2026-07-28T11:51:20,0
087e8cbf-651b-4116-be9d-6c663ddf1778,Play Store,mast sarvice fast delivery 5 star rating,5,2026-07-28T11:50:05,0
5cd1c5b4-a600-4b28-820b-60580154eb1c,Play Store,🥰,2,2026-07-28T11:46:56,0
07d83d8a-1a3a-418c-ac4f-c98cdb0b89be,Play Store,Best app for fastest delivery available on playstore unlike jiomart which crashes regularly blinkit never does I used to order things which are very necessary at the point of time and it never dissappointed me. A big thanks from me to the developers and delivery persons.,5,2026-07-28T11:46:56,0
5a30e656-960b-449b-a54c-49e2d913d14b,Play Store,nice,5,2026-07-28T11:46:55,0
2fe43484-e419-4c86-99fc-3262c03b5c0a,Play Store,man other websites give damaged product but blinkit does not it is very good but they increased the amount to get free delivery very goood,5,2026-07-28T11:46:06,0
40910171-d3ce-49e4-9c40-ac63c45276e6,Play Store,viraj residency near by,5,2026-07-28T11:45:22,0
6e561305-cbc7-47d8-9117-18c5cd90fab7,Play Store,good,5,2026-07-28T11:44:02,0
7ace8728-c3c2-41f3-aa2c-62ed3ca0a179,Play Store,ok,1,2026-07-28T11:40:21,0
4ea7fa57-1ee0-43cc-b696-bf60286074e3,Play Store,शानदार,5,2026-07-28T11:37:37,0
957436cb-b4a1-4760-b7df-db5fe7b2122f,Play Store,good ui,5,2026-07-28T11:37:35,0
8c2c2496-16eb-4d8b-9ced-c711ca844d70,Play Store,rude delivery personel,3,2026-07-28T11:36:21,0
40e4a227-21ab-4ab5-84ca-a535d149af60,Play Store,worst app did not deliver all items and also they did not refund my money. don't order bulk items from this app.,1,2026-07-28T11:35:27,0
ef3ad5d8-eb92-4931-a5a4-9bee46e25b36,Play Store,good,5,2026-07-28T11:33:52,0
f28d71dc-9dac-4c52-b3de-07e767fc91ec,Play Store,nice app 🙂👍,5,2026-07-28T11:33:03,0
60f19c0e-1661-4545-9dba-2a7946fef7c9,Play Store,super,5,2026-07-28T11:32:31,0
a8856a64-fba1-4d31-baf1-1190e11106d3,Play Store,good,5,2026-07-28T11:32:25,0
d37747d7-b95a-49b3-9702-819000d36d2a,Play Store,This Company Service is Best For emergency BEAUTIFUL App,5,2026-07-28T11:30:35,0
fb4d59b7-cedb-4543-8d27-03526e901add,Play Store,fast service,5,2026-07-28T11:29:34,0
fe848789-0f71-4784-912c-6fcc114775b4,Play Store,good,5,2026-07-28T11:29:20,0
e6631554-c6c4-45ad-88fa-0eb1d03ad725,Play Store,very bad . because I order something less is coming and we are paying for that items 😞 bad experience,2,2026-07-28T11:29:15,0
6834175f-6a61-4452-a9d8-38e1f4c340c7,Play Store,ok,5,2026-07-28T11:28:37,0
4a2d2d6f-8ac0-4471-9b65-d5073d43d2ca,Play Store,very good app,5,2026-07-28T11:28:12,0
88955e8d-f48a-40a8-af56-01fcdb038d33,Play Store,it's really good,5,2026-07-28T11:27:33,0
275c0daa-24e6-4fb1-8eea-029218752509,Play Store,nice 👍👍👍👍👍👍👍👍👍👍,5,2026-07-28T11:27:16,0
4fbebbcc-7960-4a02-9f3f-70b829f21841,Play Store,best,5,2026-07-28T11:26:30,0
cf393da5-f7a6-4b1d-8e0e-ceb29d3dac95,Play Store,very good service 👍,5,2026-07-28T11:25:58,0
560c503c-4faf-46a5-b001-6e6a0fda696c,Play Store,promoting offers through third party app and not giving cashback as mentioned,1,2026-07-28T11:24:18,0
f7609c2e-cf62-4607-8572-56a917746d3f,Play Store,"It's good that you're providing service to the public, but there should also be an option to return goods that don't deliver, otherwise, the customer's trust will be lost, and this isn't good for business. I love blanket But the service needs to be better.",1,2026-07-28T11:24:12,0
c5cb9e5b-71d1-4a38-8ad7-3237d0575e8b,Play Store,good,5,2026-07-28T11:21:12,0
463028af-9377-4f3f-bb05-88731816ec98,Play Store,good job for bli plnkit people,5,2026-07-28T11:21:05,0
3edb95af-5aaa-4a53-bf38-7274e70fdd90,Play Store,nice,3,2026-07-28T11:21:04,0
5d73e93e-c313-48e7-a44c-cf881d4b1788,Play Store,"I placed a COD order for ice cream worth ₹302. At the time of delivery, I tried paying online via Google Pay. The payment initially showed as failed, so I paid ₹302 in cash to the delivery partner. However, two payments of ₹302 were deducted via Google Pay from my brother's account. I have received the refund for one, but the second payment of ₹302 is still not refunded. Since I already paid in cash, please process the refund for this extra Google Pay transaction as soon as possible",1,2026-07-28T11:20:10,0
6ab7d0e9-f214-46f4-b736-a5e3d5579c2d,Play Store,Nice 👍 hai,5,2026-07-28T11:19:10,0
21586cdb-3f58-47da-bae4-bb962d54cdfd,Play Store,good delivery,4,2026-07-28T11:18:23,0
7dad5615-068f-40c8-bf77-32625a6c1e46,Play Store,excellent service,5,2026-07-28T11:16:58,0
2bdae4c5-1d15-4461-8994-bfd8bf0291b1,Play Store,too good,5,2026-07-28T11:16:13,0
47e19f50-b97f-4b12-8993-7ea393e6dccd,Play Store,good,3,2026-07-28T11:15:48,0
b18b3cb0-411f-4220-9037-2734bc36f2a2,Play Store,this is the best but it took 12 rupees handling charge which I do not understand why ?,5,2026-07-28T11:15:03,0
3a01b06f-1690-4a68-abde-686f2d2ba401,Play Store,good 👍🏻,5,2026-07-28T11:14:21,0
9eb427ca-3d07-4e26-a4d8-2e9d4fc261b3,Play Store,thik thak,5,2026-07-28T11:14:21,0
778e6185-5ff2-49c2-9993-68cef540e687,Play Store,dry fruits items is not fresh & heavy cost,1,2026-07-28T11:13:41,0
b550c7ce-f7d3-4fef-9e07-1adde5ba7323,Play Store,🤘🏾,5,2026-07-28T11:11:16,0
f43bdb4f-3a5f-47d9-aeb8-4472d44ce50c,Play Store,They will mention 7 days replacement in the product page but after ordering and when product does not work they will not provide replacement. scamming people. even after providing video proof they are not ready to provide replacement. scam service.,1,2026-07-28T11:10:31,0
6c20e071-6eaa-47ca-b889-cb23a2b8d856,Play Store,👌👌,5,2026-07-28T11:08:27,0
79ee5e3c-807a-4933-b133-11216e3db37e,Play Store,nice 👍,5,2026-07-28T11:06:33,0
5498a4b8-7dd4-4037-9fff-b3b38372cbd5,Play Store,pure product nhi bhejata missing rahata hai ab kabhi nhi mangaungi,1,2026-07-28T11:05:52,0
34fba052-cd57-4007-abb2-3124c5a61e00,Play Store,it's Good 😊 I am Happy With Blenkint,5,2026-07-28T11:05:23,0
1ff72bb1-e157-4b99-aaba-c8bd54c2e5c5,Play Store,This is very useful app,5,2026-07-28T11:05:07,0
ab373d6d-6a35-4186-98c5-bf7637739d24,Play Store,good,4,2026-07-28T11:03:12,0
f01e837b-0e79-4819-929b-9c4fbd85250f,Play Store,the services are so poor products are missing with even payment is full,1,2026-07-28T11:02:37,1
fd91f6d6-e150-4849-bfdc-6e7234ad85d0,Play Store,good ☺️,1,2026-07-28T11:02:16,0
adef8319-eaee-4cda-954b-0716179801eb,Play Store,price thoda jada le liya,5,2026-07-28T11:01:46,0
c4779c8e-fc6d-4a0f-b330-a503762cd2d2,Play Store,"too much expensive ( amazon now, zepto are better than blinkit)",1,2026-07-28T10:59:56,0
e25a9eda-6524-47c9-b3a4-f5b7384c5cf6,Play Store,Nice 👍,5,2026-07-28T10:59:36,0
7dc4a97f-c8dc-46c2-8cb6-75415fd4ebbc,Play Store,good 👍,5,2026-07-28T10:59:06,0
bf7d505f-c2fe-4226-b86b-d681f7dc1062,Play Store,very good 💯,5,2026-07-28T10:58:55,0
41644b9b-a62e-41db-a047-f6fbbd375e34,Play Store,good,3,2026-07-28T10:57:44,0
15a1f9a2-a1fb-446b-9d6d-7151063e08fe,Play Store,gud,4,2026-07-28T10:57:31,0
ca1ad097-43af-4a27-ab2e-9838cc189151,Play Store,👍 good,5,2026-07-28T10:57:16,0
b92d5b13-09a8-4337-8455-8512464fcfe2,Play Store,very good service,5,2026-07-28T10:55:51,0
f709655b-ba7f-42b8-bad6-3ad47778141e,Play Store,good service near my home,4,2026-07-28T10:53:23,0
88c851dd-56b0-4d82-a407-ba568a93be39,Play Store,good,5,2026-07-28T10:52:14,0
730d767f-de04-4e61-89bc-be6786c191f2,Play Store,it app is very easy to order but. I have ordered one c type connector but it's not working when i try to exchange that problem their is no option in this app and i wrote mails also they didn't resolve my issue if you want order any electronic thinks don't order others app better than this they provide return and exchange and refund also if product is not good in this add every time need to write a mail if product is not good this not good app time wast money also waste.offically uninstalling app,2,2026-07-28T10:50:43,0
7fcb103f-067f-4665-b6d1-d48697f0ca04,Play Store,good,3,2026-07-28T10:50:20,0
3ad63e9e-3144-47b5-9c3c-7b3a6dbad008,Play Store,bad,1,2026-07-28T10:49:47,0
ad6499f9-5cee-42a7-b434-389d8d2a4eec,Play Store,waste customer support ... simply looting money,1,2026-07-28T10:49:34,1
3ac9bdcc-9085-4430-976b-6f05f0700e67,Play Store,very good 😊😊😊😊😊😊😊 very very happy 😊😊😊,5,2026-07-28T10:48:39,0
f8238c69-618f-4a43-b66b-ddeb9dfda05e,Play Store,App works smoothly. Delivery is quick.,5,2026-07-28T10:47:43,0
219fd017-924a-4a0a-85f6-b5cfdb894269,Play Store,it's very is very good but that you order something it cannot be cancelled,4,2026-07-28T10:45:15,0
1b6afc20-c142-4901-b738-f4ce899e34b2,Play Store,this is best aap India's fastest delivery aap 👍,5,2026-07-28T10:44:35,0
91913ebb-41fb-4ab7-8ba8-8afaec8912a5,Play Store,ok,5,2026-07-28T10:43:36,0
6cdb575f-83b4-4067-a094-496c36794781,Play Store,very nice ☺️,5,2026-07-28T10:42:34,0
1a842c5a-da10-41a0-b7fc-6397bc21589a,Play Store,nice 👍👍,5,2026-07-28T10:41:35,0
5a049469-8190-495c-a8a2-5978002851da,Play Store,very good,5,2026-07-28T10:41:24,0
95f067c4-33f9-49af-a277-c8a1ed52f95f,Play Store,very good service,5,2026-07-28T10:41:21,0
3ee15bed-505c-4ebb-bd4c-ea9fd9c7d9d0,Play Store,One thing I dont like about delivery is that the delivery persons do not wear helmet. Blinkit should make it mandatory for delivery persons to wear helmet while delivery.,3,2026-07-28T10:40:43,0
f5bcd81c-4595-48d4-846a-34c077dbc827,Play Store,i ordered chicken on blikit they are fully expired all expired items sending blinkit dont use The App costomor support Closing chat without resolving my solution my child food poisoning after etan chicken now at hospital dont oder at blinkit place High charges also place go market and buy,1,2026-07-28T10:40:13,0
a877d0ab-15bf-4506-b8aa-f5d968f5e29b,Play Store,good,5,2026-07-28T10:39:59,0
fa23eb07-8b76-49ed-a6a6-fdad8c56c9ac,Play Store,first time order,4,2026-07-28T10:37:31,0
bb6f9ab7-44bc-4e58-86c4-6dff55326190,Play Store,Nice,5,2026-07-28T10:36:29,0
83af0a22-25da-4643-92d3-edc22f36626f,Play Store,very good app blinkit,5,2026-07-28T10:36:15,0
46a2fd44-a99e-4ea7-a7cd-1205564cb41a,Play Store,good👍,5,2026-07-28T10:35:40,0
c421418b-e959-4df8-9bf5-548999ddc0b3,Play Store,fooling people by posting wrong quantities of product. customer support is also very poor,1,2026-07-28T10:34:59,0
14bc621c-8f56-4dc6-8f6f-9e874342f146,Play Store,good 😊,5,2026-07-28T10:34:55,0
087f3fea-f3ce-4c98-a2ea-83d9cf5b2151,Play Store,this is a nice app very best to order,5,2026-07-28T10:34:47,0
aabb962c-0fc3-4c67-a705-11f8c3a768b8,Play Store,bahut hi aacha,4,2026-07-28T10:33:58,0
81548bd9-c682-4f8e-b456-fa1eacaf7312,Play Store,"This app is bad, they don't take any accountability, so I ordered olive oil for my family staying in my hometown and I stay at a different place. So now they delivered the order without the cap of the bottle. My family shared images but there is no option to upload images on the customer support channel. I even mailed them the pictures and asked for a replacement but they said they can't do anything. So the final result - I have deleted my account.",1,2026-07-28T10:31:42,0
d01ff1e7-c590-40b8-b5db-c0c50b11a057,Play Store,good service,3,2026-07-28T10:31:23,0
5eb14b56-275e-439c-a2fc-916f344bae00,Play Store,thenks,5,2026-07-28T10:30:05,0
d6d8d92c-51ec-4b47-a7e2-6a6b92905d96,Play Store,it provide us damage old used products it's not worth it is very poor app I recommended do not download it stall my money,1,2026-07-28T10:29:52,0
375d0d40-de9c-4331-9da7-ff59f882439c,Play Store,it is a very nice app.. i am very satisfied 😊😊,5,2026-07-28T10:29:41,0
206eecdf-7da2-40d7-b142-72ab39259ea9,Play Store,good 👍,5,2026-07-28T10:29:24,0
c90e2bf6-ae93-4b30-807c-9af2772bf1fb,Play Store,Saviour,5,2026-07-28T10:29:19,0
1f66997e-f2b6-4dd1-b423-1e7ab71f5a0a,Play Store,The delivery is instant fast and I truly like their services..The riders are also very familiar.. A thing I would recommend is that you should focus on particular uniforms for the delivery guys ...overall it's a great choice for me..I will be glad if you'll include more and more options..I highly recommend this ...and you all are doing a great job...I'll Keep BLINKING ♥️.. Highly recommended...✨💫 Thank you 💫✨🥰..,5,2026-07-28T10:29:15,0
736df691-1027-4362-93e5-42ee1e8b5e7b,Play Store,good app for rainy season & other emergencies,5,2026-07-28T10:28:48,0
ee162aca-37a5-4c36-bf42-7a86036d9539,Play Store,bad,1,2026-07-28T10:27:22,0
2eee646b-ad32-4cf8-bb88-8b24c3e7f1d8,Play Store,excellent,5,2026-07-28T10:26:50,0
cd7a111d-7372-4d9b-9bae-eca774663cc7,Play Store,very nyc,5,2026-07-28T10:26:00,0
087fdd84-4fac-4b32-affe-274f611f6f1c,Play Store,good,5,2026-07-28T10:21:45,0
2762157f-f72e-4842-821f-81c53ec7de5c,Play Store,good 👍,4,2026-07-28T10:19:26,0
d898ccc7-9ec9-43f8-aa02-61084dff5d12,Play Store,Excellent,5,2026-07-28T10:18:05,0
b3d015e8-ff24-4b31-9ea0-755d6cf64b53,Play Store,please check before product missing and items is there box in 4 pcs available but girls take 2 pcs take box check and take money no return no response company,1,2026-07-28T10:17:46,0
b8a9a9c2-221e-46d4-9bfe-bffe9bd98fb4,Play Store,Bast For Gym person because a lots of protein intact just do anything in a blinkit,5,2026-07-28T10:16:35,0
d9fef31d-6351-4838-bc5b-c7c77716897e,Play Store,good service,5,2026-07-28T10:15:22,0
a010de29-27c5-47d5-a9ff-a680db99f473,Play Store,Don't buy any product from Blinkit they are totally unprofessional. They don't know how to retain there loyal customer,1,2026-07-28T10:14:48,0
36902d40-0890-4a7b-859c-b9892a9e9de6,Play Store,Good Deleviry System,4,2026-07-28T10:13:42,0
df309379-bf90-4d26-b4a3-8414407479da,Play Store,good,5,2026-07-28T10:13:22,0
53197a2c-c4be-4b92-b845-5950290bb372,Play Store,great experience shopping with blinkit,5,2026-07-28T10:13:21,0
14f4d997-8fd3-4d7e-af2a-0067e19524c8,Play Store,fantastic,5,2026-07-28T10:12:26,0
65a1ee6f-4453-435d-ad45-b61938a3572e,Play Store,good,5,2026-07-28T10:11:16,0
1652c832-3395-4ac3-8269-b2dfef7afae3,Play Store,wonderful app,5,2026-07-28T10:09:24,0
ed128422-937f-417e-b61c-08481e2abd29,Play Store,too much good,5,2026-07-28T10:08:39,0
b7652495-c365-4003-a215-7bbeb5565e01,Play Store,poor customer service. i have to pay two times for the same item 😠😠😠😠,1,2026-07-28T10:08:31,0
5997d052-2240-45d8-bd3f-3038c5b0b5b6,Play Store,good,5,2026-07-28T10:07:33,0
415bdd8b-3591-4732-9837-43fbfbe6a7fe,Play Store,nice,5,2026-07-28T10:06:57,0
ad266f85-57ef-42f7-a771-33e81fc5b309,Play Store,good aap,5,2026-07-28T10:06:15,0
b5c78020-9cf5-4b59-9ecd-2ba75b59180b,Play Store,excellent,5,2026-07-28T10:04:23,0
0fee6e81-d519-48a8-882b-bb60d34f9a17,Play Store,Nic,5,2026-07-28T10:04:06,0
291c7cc8-06e3-4d99-8254-bb8c3e029da2,Play Store,good sarvice,5,2026-07-28T10:03:59,0
961a249c-7aa3-4a55-a3a3-f1ae7f48ddd5,Play Store,best,5,2026-07-28T10:03:54,0
3cd555b6-826b-4483-baf4-5f7ed63719ff,Play Store,very good 👍,5,2026-07-28T10:03:23,0
89b1e574-3a6b-469f-bde0-266772babdeb,Play Store,they don't have change anytime then pls cancel the cash option,1,2026-07-28T10:00:21,0
8ee894d2-5d11-470e-97f2-1fa4c13870de,Play Store,thank,4,2026-07-28T09:59:40,0
d6312953-63ba-4bc3-890a-07ef6524cea8,Play Store,Fast and accurate door to door delivery,5,2026-07-28T09:59:04,0
fc546a66-0129-40cd-ac39-021dce279384,Play Store,superb on dot service.,5,2026-07-28T09:58:35,0
b9520ac6-ca1c-47eb-a780-0cb0e5826862,Play Store,good and fast delivery,5,2026-07-28T09:56:35,0
fa1de9f6-9d97-48a2-ab6b-4679cec98b66,Play Store,super,4,2026-07-28T09:55:37,0
185af6b1-6af3-4754-8ca8-83c64bb8adc0,Play Store,excellent,5,2026-07-28T09:55:08,0
54e1e116-b416-4fb7-a63e-0ceb58cf8841,Play Store,very fast,5,2026-07-28T09:53:49,0
ed10b445-2866-4e12-9b67-18485ebda369,Play Store,we have paid money but not got the items which were ordered,1,2026-07-28T09:52:52,0
7105e983-7c19-4a75-87a6-7ce17fb34f76,Play Store,good,5,2026-07-28T09:52:28,0
0ff35d5e-5488-4f29-976a-9644f6bad0c4,Play Store,great service experience,5,2026-07-28T09:52:19,0
98541f06-9cb4-4168-9006-4ebffdad458c,Play Store,Fast service 👌🏻👍🏻,5,2026-07-28T09:50:10,0
ace36840-8782-467e-b0b3-4e155b673093,Play Store,quick service,5,2026-07-28T09:49:46,0
e9259f8e-d58a-414d-8edc-66f4908db9f0,Play Store,service is too good,5,2026-07-28T09:48:41,0
9af528bb-f080-4782-8b57-7aeb5f14f5aa,Play Store,good 👍,5,2026-07-28T09:45:55,0
ff4a5eba-28be-43a9-a9ef-16dcdec886c7,Play Store,nice 👍,5,2026-07-28T09:44:57,0
96818627-34d8-4c45-9990-a01327e908fb,Play Store,thik,5,2026-07-28T09:44:41,0
d1895e8d-a74e-4b43-87e5-fd0d0408ae14,Play Store,Fast delivery,5,2026-07-28T09:44:03,0
bf933fbf-ce21-47e4-bff7-7ea7f7403fd4,Play Store,Good,5,2026-07-28T09:44:03,0
5b12ff9e-b6ad-4517-aee9-e36d26446052,Play Store,"Blinkit proves it all!!! My busy work schedule and my accommodation, too away from nearby shops, which don't have groceries of my preference, Blinkit provides what I wish, within the specified time. Thank you Blinkit Team Mehsana..",5,2026-07-28T09:43:56,0
6885e17a-a5bc-4968-a7ad-57335ae56c47,Play Store,too good and fast,5,2026-07-28T09:42:58,0
2a3cb2b0-7dd0-473c-a3ea-7762d6e7638b,Play Store,best,5,2026-07-28T09:40:34,0
37c65034-b938-46c0-9786-1b89779005af,Play Store,very fast,5,2026-07-28T09:39:56,0
da619fa2-8f81-41fc-8ec5-c2bdd0aa49b7,Play Store,ok,5,2026-07-28T09:39:23,0
7c6de761-880c-4c18-aa1e-4bf601aea4bd,Play Store,worst experience ever,1,2026-07-28T09:38:03,0
f089c73c-c704-4fff-8b1c-c5c010811a77,Play Store,Things are available but costly,4,2026-07-28T09:35:20,0
f50b99bf-6909-4dce-93d6-7081b8fe6ed3,Play Store,satisfied service by blinkit,5,2026-07-28T09:35:10,0
f1a34012-0c18-4ef9-a0bd-0f246b788d92,Play Store,good,5,2026-07-28T09:34:56,0
e9f29666-8d2e-4e7f-b696-9761e251534e,Play Store,fine,4,2026-07-28T09:33:48,0
0075ba66-0c0e-4365-9d3b-b48ea7b54f0f,Play Store,Fast Service,5,2026-07-28T09:33:41,0
577c0c2c-b672-4f70-b8b8-a87aeaae9fcc,Play Store,good app services,5,2026-07-28T09:33:35,0
e84db51b-7b02-4633-a26d-2d9fc688dbc3,Play Store,ok,4,2026-07-28T09:33:16,0
359fe3e9-b870-442d-b711-4f1104d99652,Play Store,good,4,2026-07-28T09:32:27,0
6f1a147b-47e0-4778-8180-651a3e159c3f,Play Store,good services,5,2026-07-28T09:31:07,0
f94336ef-716d-42c2-a057-490dcde5411f,Play Store,good,4,2026-07-28T09:29:50,0
b0f98343-7ccf-4851-ac53-323d02914537,Play Store,amazing and so good all fresh. I feel so go on go at your door step in no minutes. love Blinkit very convenient,5,2026-07-28T09:27:59,0
5c24f24a-913c-4d6f-b9e0-8aa0609ff29e,Play Store,thank you for everything.,5,2026-07-28T09:26:13,0
6d072553-4ea6-4543-a0b2-02d88a4c4634,Play Store,very nice and fast delivery,5,2026-07-28T09:25:16,0
744ed5a3-d0b9-4aae-9cff-09bcb0cf41ac,Play Store,price high,4,2026-07-28T09:25:04,0
78d3ddd4-832e-4100-8fa8-d4fcac188c66,Play Store,very nice work,5,2026-07-28T09:24:22,0
0c51f2e2-7cb1-470d-a004-110d5cceb046,Play Store,too expensive,2,2026-07-28T09:18:05,0
f0167cce-1dc4-419f-9cf2-aaa2c0e087bc,Play Store,very great app. For when we forget to bring gifts etc it's perfect. But I gave 4 stars 🌟 because it just prevents from leaving the house but it is a great app for elderly people,4,2026-07-28T09:17:33,0
2e4114d6-7356-4754-85b3-848ee019d547,Play Store,good,4,2026-07-28T09:16:35,0
8d06ac6f-0f65-4fc8-a9a2-29b2909d6ee0,Play Store,its very helpful app I wish ke y sb city's me available ho kuch place ese h jha ye ab tk nhi phoch pai pls blanket do something,5,2026-07-28T09:15:57,0
d280fac1-581c-4b3b-b83f-c29ed0be26bc,Play Store,good sarvice,5,2026-07-28T09:13:09,0
5ac74f40-71cb-4323-bf62-b00b79d041c1,Play Store,nice,4,2026-07-28T09:12:43,0
01b77235-41c1-4e63-949d-ed6435c9e731,Play Store,Too expensive,4,2026-07-28T09:11:13,0
055b712c-9e34-41b7-aea5-86b0306dbf0a,Play Store,ek number service hai,5,2026-07-28T09:11:11,0
ffd7c73a-c128-4fab-9b59-6c00b7d55723,Play Store,very useful,5,2026-07-28T09:10:29,0
26ae869d-101d-4112-ba8e-a42629dd9260,Play Store,fast delivery,4,2026-07-28T09:09:57,0
99eea99b-8997-4d43-b700-e5b0679b3b5e,Play Store,very nice,2,2026-07-28T09:09:53,0
2c5cb613-b6d8-42e2-8341-6d65e6cdb8ee,Play Store,nice 👍🏻,5,2026-07-28T09:08:17,0
6081c21b-e385-4cf9-a8ee-2102bc932652,Play Store,very Quick service,5,2026-07-28T09:08:06,0
bfc08587-78a6-40f6-99c6-46dc34e3b2e8,Play Store,good,5,2026-07-28T09:06:27,0
1008343c-50c9-48d0-8f5f-6a7f14322d29,Play Store,sending faulty goods with fake promises to be replaced in 7 days after the complaint they need to video in the chat box or their system doesn't work for uploading video very bad experience with blinkit.,1,2026-07-28T09:04:31,0
fed10cf4-fd23-4db0-b212-f406937b5125,Play Store,very good,5,2026-07-28T09:04:22,0
4d2d5f21-5729-44a2-b53c-7c1a4a3d4e40,Play Store,Fastest delivery service in our city.👏👏👍👍🇮🇳,5,2026-07-28T09:03:15,0
e1a9753e-2b36-49b4-89a9-ea340ae6a415,Play Store,best service and timeing is very perfect,5,2026-07-28T09:02:33,0
a72900f7-57b1-404d-85cf-43e93dce6a5e,Play Store,v good,5,2026-07-28T09:01:06,0
530f2dea-109e-4506-9929-060190afdf3c,Play Store,nicee aap,5,2026-07-28T08:57:10,0
6755d128-c61f-4545-a289-e6a9ad03d3da,Play Store,The delivery was delayed around half an hour.,1,2026-07-28T08:56:15,0
e0799ee9-4872-4290-a037-fa4d94730de9,Play Store,ok,2,2026-07-28T08:56:11,0
65e87ada-cd53-45f7-a835-eeae988f35fe,Play Store,good,5,2026-07-28T08:55:45,0
144c713f-e294-418d-a4b7-310e62989a1d,Play Store,good service,5,2026-07-28T08:55:35,0
fbea64de-7ab1-455c-af3b-ba0fbd2c5c51,Play Store,very fast,5,2026-07-28T08:55:22,0
891a73a9-693a-467c-a3fd-269590707a31,Play Store,lovely,5,2026-07-28T08:55:19,0
4b43cfb5-cff1-45ad-a418-d97482c71001,Play Store,nice 👍,5,2026-07-28T08:53:58,0
d7b04da4-3f9c-4713-9074-435b37e8b331,Play Store,very nice 🙂,4,2026-07-28T08:53:09,0
ec685bd2-4f8a-4fc6-90ae-2610f8c40ca4,Play Store,very poor service...we order one thing and they deliver something else,1,2026-07-28T08:51:58,0
24439a37-721c-4676-9e77-b40ff600ca87,Play Store,good,5,2026-07-28T08:45:58,0
8a799b8d-c406-4682-ac22-240f0e840cb8,Play Store,Good,5,2026-07-28T08:45:28,0
3d4342fb-d6f9-41fe-a5a1-5a7f87ef879e,Play Store,good,5,2026-07-28T08:45:08,0
16ee70c2-4e6c-4a0c-bbdd-1ec38b10829f,Play Store,Fantastic 🤩,5,2026-07-28T08:43:42,0
488e408c-2446-4489-bf75-450b377913b6,Play Store,grear work,5,2026-07-28T08:40:47,0
f775dbba-8efb-406e-aaa0-ada6ecbd3127,Play Store,you are not providing offers to be applied mentioning can be applied once. Multiple times payment options should be there,2,2026-07-28T08:40:42,0
db41675a-850d-4d8e-b80f-af1354166781,Play Store,good app if you have mo8,4,2026-07-28T08:40:31,0
9321e2c8-9a00-40e0-a889-a84abfcd9f39,Play Store,"Blinkit is genuinely one of the best things to have happened. I may not know the people behind it, but the way the business is built and the service it delivers reflects remarkable thoughtfulness, humility, and care. If Blinkit were a person, I'd see someone who leads with innovation and intelligence while always putting people first. Every interaction feels inclusive, personalized, and deeply customer-centric, making it seem as though the goal is to improve people's lives rather than profit.",5,2026-07-28T08:37:47,0
15561083-b535-4169-b7a9-49523776f4fb,Play Store,good 👍,5,2026-07-28T08:36:53,0
64b20050-bec8-47ea-8dbc-1270e44eb5ff,Play Store,Good 👍,4,2026-07-28T08:31:33,0
654fcf40-2b06-4db5-8343-fa7cf4bd6c6a,Play Store,very late service but good quality of things,4,2026-07-28T08:29:59,0
204484aa-2a04-451b-90ed-9f0cadf7c3c2,Play Store,"Mother Dairy cow Milk recieved same day expiry kab se blinkit se milk use karna suru kiya hai. No one hearing my voice. kuch bhi feedback me likho no action, no any change by blinkit.",3,2026-07-28T08:29:25,0
9f166e47-2108-4c62-bbab-50ee58a4947b,Play Store,good delivery service ❤️,4,2026-07-28T08:29:24,0
52146f03-5d7e-461d-b960-583e98489657,Play Store,very good,5,2026-07-28T08:28:43,0
8d4a0f6f-b438-4eed-9b0d-c2fce0de95b1,Play Store,"Great app,quick delivery, amazing quality products 👌",5,2026-07-28T08:28:34,0
f40b4fd9-f263-4279-9f0f-1c2343227aa5,Play Store,"very helpful But some things, like pet clothes, are not available on Blinkit.",5,2026-07-28T08:26:06,0
579401d0-f5a0-44ae-8496-855acf856ed2,Play Store,Nice,4,2026-07-28T08:25:45,0
baf0dbc4-3ab3-412f-b6f2-6790eb943b09,Play Store,good,5,2026-07-28T08:25:23,0
42964096-079a-4bb2-bb00-e3279e023657,Play Store,super,5,2026-07-28T08:24:45,0
0efd3bd0-24ec-4e9f-b593-090de98b838d,Play Store,good,5,2026-07-28T08:20:52,0
dff446ff-a66f-40eb-88eb-67b5cb42d73e,Play Store,The service is good but pricesvare definitely higher than other players in the grocery delivery segment.,3,2026-07-28T08:19:54,0
a809be02-14e8-4944-a166-ed4b20016815,Play Store,Emargency delivery. Good support. Value for money & Friendly attitude.,5,2026-07-28T08:17:38,0
450be771-ffc6-4082-865f-577a3b4447b1,Play Store,worst service I have order flavour of kiwi I get tango in creatine,1,2026-07-28T08:16:27,0
76d0989d-3be5-4303-8428-a3f0d44723d6,Play Store,good services,5,2026-07-28T08:13:57,0
d328380b-4bc5-40a0-a780-3468470e6419,Play Store,wow,5,2026-07-28T08:10:15,0
ada0ef86-8373-46d8-ac1a-342d8265e4d0,Play Store,good,5,2026-07-28T08:09:26,0
fa7e3405-a7f6-4c37-b228-8e82aed62b5b,Play Store,not good 👎,1,2026-07-28T08:06:59,0
7975bd5b-8f21-477b-bfbc-fa824bc2e850,Play Store,nice app,5,2026-07-28T08:06:42,0
8e134159-f82f-4bf1-aeed-e0b732e2bfd9,Play Store,good,5,2026-07-28T08:06:09,0
e57f0e55-e94d-4301-bfe3-6a4007cf5874,Play Store,I'm so happy😊,5,2026-07-28T08:05:38,0
9fd02883-0b2f-4dc8-bb81-0abcf4040432,Play Store,Some items are left out and some are in reduced weight example Vegetables you tell it is half kg but weight is 300 gms please dont cheat the consumer,2,2026-07-28T08:02:31,0
7b6f51eb-c2a5-4532-97f0-7321042e6e41,Play Store,good service,5,2026-07-28T07:59:04,0
6e5bf155-4f71-4ba7-a6b2-1eec67764a54,Play Store,super,5,2026-07-28T07:58:01,0
fd45abb1-e3e7-4632-acb8-bbc813ed4065,Play Store,very good,5,2026-07-28T07:57:56,0
f02d6b71-dd5d-4cec-a107-3d1ee5611412,Play Store,woooooooow,4,2026-07-28T07:55:54,0
31100dd5-cce5-498e-a0ea-e3449b034f04,Play Store,Excellent,5,2026-07-28T07:55:32,0
4f45dc76-ee45-43fa-9a45-0044edb46ff9,Play Store,besttttt experience just download it and useee fast nd furious orderr bestt of all time thank youu,5,2026-07-28T07:51:10,0
72048c44-67e7-43d0-a673-0fc0e108bd6c,Play Store,"Fruits and vegetables items are useless and poor quality, price are very high as market price.",1,2026-07-28T07:50:54,0
cc71bdf9-492a-41f8-8595-799643b1f2c5,Play Store,good service,4,2026-07-28T07:50:24,0
aa63cdc0-31ff-4100-90ad-b15b86c9ed39,Play Store,handling charge nahi lgana chahiye,4,2026-07-28T07:47:57,0
3f0a273b-694f-485a-b63f-8b6f6f415630,Play Store,good,5,2026-07-28T07:47:53,0
b972bdf4-038d-4740-88c2-6fd493204040,Play Store,nice,5,2026-07-28T07:45:50,0
8938a896-d0d2-41d7-8f2b-b1464b11dc53,Play Store,not available in my area pls blinkit available your app in our. area,1,2026-07-28T07:43:23,0
7704add2-2992-41be-bbe6-213cc5a109ce,Play Store,Exceptional convenience,4,2026-07-28T07:43:04,0
26020b3f-caa0-48fd-a556-999b747a035c,Play Store,"They deliver products very late, delivery partners stops at some place, deliberately delivering late orders.",1,2026-07-28T07:42:30,0
5c1df8ee-65ef-4476-81cb-1d0deb6e937a,Play Store,okkk,5,2026-07-28T07:40:13,0
56d54ae0-620b-48b2-9cea-50b62f2689f7,Play Store,very useful app for urgent needs👍😍,4,2026-07-28T07:40:02,0
b5d19a11-2262-45f0-a22f-87b9c8e56a2b,Play Store,"Grocery service is top notch but hat's off for the Ambulance service from Blinkit, keep up the good work.",5,2026-07-28T07:39:48,0
7ccaeb23-ca77-44d0-af1e-50f19784724c,Play Store,good,5,2026-07-28T07:38:24,0
bf9e874d-a6d5-4e9b-a758-43b15bec5671,Play Store,very nice 👍,5,2026-07-28T07:36:10,0
2a6ca6a5-f395-418f-a37d-9943e6b7c360,Play Store,nice,4,2026-07-28T07:35:47,0
cd6cd7e2-322b-497b-845a-00133224693e,Play Store,good,5,2026-07-28T07:34:46,0
58c55d0b-5de1-4691-ad57-682c0ef1a7c4,Play Store,"blinkit is really a last minute saver app , it is the best and fast online delivery app , all the things will arrive fresh and neatly packed with maintaining the best cleanliness , thank you",5,2026-07-28T07:33:47,0
2f7163de-ede9-4d19-84b8-185fa11b5140,Play Store,delivered in fast delivery staff is very humble,5,2026-07-28T07:29:18,0
1c8591e2-ae30-4774-9127-7052a25f91c2,Play Store,deli er boy 600 total bill I have given two 500 notes change he is not giving or he is balance amt to my gpay and orguing with me in the morning morning,1,2026-07-28T07:28:59,0
ad531e6f-7949-49f2-bcde-9177d904aed3,Play Store,good,2,2026-07-28T07:27:46,0
eea15c99-6b62-4b33-abe0-0d27032e33cb,Play Store,thank you,5,2026-07-28T07:25:37,0
39fb0ef1-7738-4032-9b60-cd7ea05ddc3a,Play Store,nice,4,2026-07-28T07:25:00,0
6f97ca4b-23a4-47db-94e0-d7c65df0a6c2,Play Store,lot of cancels and refunds take 7 days at least,4,2026-07-28T07:22:11,0
3931d814-49f1-4ceb-8eae-dc03d2fc2748,Play Store,good,5,2026-07-28T07:19:37,1
c85dc08c-6d70-4b41-8afb-6ec18f3fb146,Play Store,he is best grosriye delivery app free delivery,5,2026-07-28T07:19:15,0
c62e4dc8-6ab5-491d-8ec6-abf72756f235,Play Store,problem hai,1,2026-07-28T07:18:12,0
6acbc538-3135-414b-8c8c-303741e3c63a,Play Store,"guyz Don't buy anything from blinkit. they only provide rotten things and then they don't have any option open for customer for resolution. better use Bigbasket, flipkart,jio mart and other delivery. they are 1000 times better than this. there is no option to give ZERO star else I could have given that.",1,2026-07-28T07:13:20,0
0daa84aa-c82c-4573-8508-0f25ae07c4f7,Play Store,okay,3,2026-07-28T07:12:27,0
2b741f53-6add-442a-a3c0-18a572a9a5c8,Play Store,piz reduce the price of item,4,2026-07-28T07:11:24,0
909c3454-be1e-43a3-bc47-63fe577bb090,Play Store,weri easy to use iam soo happy,5,2026-07-28T07:10:08,0
26789f51-cafb-4c06-a2c8-e26a55b43a0c,Play Store,ok,4,2026-07-28T07:09:50,0
607338b6-c277-487c-945c-5376a29c51bf,Play Store,good,5,2026-07-28T07:08:39,0
74f27b37-b7e6-4420-bc71-40b56ec46e64,Play Store,good,5,2026-07-28T07:08:27,0
b0701c76-7eb3-4157-aa78-fa7b63ff892f,Play Store,good,4,2026-07-28T07:07:15,0
7608fea2-86d0-4259-8ac6-d1690f7a517d,Play Store,"I received my earbuds order from Chembur via Blinkit. Both earbuds appear to be the same side, so they do not fit properly in the charging case. Also, the earbuds were loose in a plastic packet instead of being placed correctly inside the charging caseorder the ear buds both are same ears and fitting in shell the buds has came in plastic not in shell it is from chembur blinkit",1,2026-07-28T07:06:28,0
5a01beb2-d31b-415b-ada4-b641d3c948df,Play Store,Great! I like how functional this app is.,5,2026-07-28T07:06:16,0
6376163f-26e3-4587-82a4-92dde8a86abc,Play Store,very good,5,2026-07-28T07:04:09,0
907b7a7c-c69e-4271-8975-f7e750b9ee9d,Play Store,gud,5,2026-07-28T07:03:34,0
c62ed41f-6242-48d8-ae72-705ccd38887d,Play Store,easy to buy,5,2026-07-28T07:02:45,0
7b195539-58ef-40ca-8c8e-5ab9a55d7722,Play Store,good,5,2026-07-28T07:00:47,0
84cea257-4a41-43f9-8c6d-7b3361a382ad,Play Store,bad,1,2026-07-28T06:57:52,0
fa493f51-a5e5-4ce2-a6aa-8f3d2db2ae15,Play Store,outstanding,5,2026-07-28T06:57:38,0
ca758775-b721-4dcc-94c1-d4ce90e85644,Play Store,good service,5,2026-07-28T06:50:28,0
2d5beac9-6e97-4562-82a3-cedb099aa006,Play Store,Quick and best app,5,2026-07-28T06:49:54,0
5195a3a5-ed7b-4ac2-b118-e5798e989af4,Play Store,ok,5,2026-07-28T06:41:53,0
6bdeb72a-9211-4a3d-b0a9-93428ed4a5cf,Play Store,nice,5,2026-07-28T06:41:22,0
7f83a98c-d81e-4dc0-a2e6-035f1a676800,Play Store,best products,5,2026-07-28T06:36:12,0
1001a178-fce9-46f5-b71a-366d4cebf85b,Play Store,User friendly. can be a little more competetive,5,2026-07-28T06:25:26,0
c7435164-d7b6-47da-8018-0e72f956cae3,Play Store,best app...,5,2026-07-28T06:21:27,0
c2c8bfe2-e2ea-41fb-8a0c-1fd0ba8ea10b,Play Store,rain charge is taken 20rs but rain is not there in my area,1,2026-07-28T06:14:41,0
46976db0-0803-47b3-9c0f-d81426bf7275,Play Store,nice 👍🙂,4,2026-07-28T06:02:35,0
74894a79-d5f3-477b-bde0-715981d26e79,Play Store,Thank you!,5,2026-07-28T06:01:42,0
a97c407d-b430-421d-9a2c-1fdaa76bf1da,Play Store,BLINKIT SAVE MY LIFE WHEN I WAS SUFFERING FROM HUNGER U SAVE ME 😢❤️🥺,5,2026-07-28T05:55:28,0
f8ee2b57-0ac9-4a47-96de-77b34c8b5497,Play Store,delivery charges are high,4,2026-07-28T05:55:24,0
66d2b16d-0a34-42f3-88b0-af520c6677bd,Play Store,కొంచెం మంచి కూరగాయలు పంపించండి ఫ్రూట్స్ గాని ఇలా కూరగాయలు గాని కొంచెం క్వాలిటీ ఉండట్లేదు నెక్స్ట్ వచ్చేసి ఒకదాంట్లో రేటు పెంచుతున్నారు తగ్గిస్తున్నారు ఎవరైనా బ్యాగ్ కి మినిమం ఫైవ్ రుపీస్ తీసుకుంటే బెటర్ మిగతా వ్యాపులు అంతే తీసుకుంటున్నాను,4,2026-07-28T05:34:15,0
d2521269-a32d-44ad-b6d1-c60902cf08bf,Play Store,not good experience bakwas h ye app delivery delay h bohot problem h isme,1,2026-07-28T05:32:14,0
b91b072c-0e7c-4b11-9ac6-26ee54051768,Play Store,Nice aap,5,2026-07-28T05:24:45,0
03935183-64bc-4b3a-bb13-8da0156b7268,Play Store,nice,5,2026-07-28T05:22:12,0
e7e4f49c-6cfd-45a1-afb2-f98322e9c2b2,Play Store,return karna hai,1,2026-07-28T04:36:23,0
2bd971c2-3136-4705-bb8a-b3bbac86be86,Play Store,very good 💯,5,2026-07-28T04:22:01,0
53da8c07-0bd5-446d-ae8f-b3fb2263547d,Play Store,I like it,5,2026-07-28T03:57:25,0
89b5c7e2-cc08-4ad0-8b91-d5ab5d39371b,Play Store,achha hai aap,5,2026-07-28T02:57:41,0
6ef8984e-013f-4c8e-a04e-376906cdcb36,Play Store,handling charges are very high. No customer support to make complaints about after delivery issues.,1,2026-07-28T02:51:04,0
7546f0f9-2e10-474b-b5b6-73ec7a17c778,Play Store,"Some innovations make life easier. Others save lives.A heartfelt thank you to the entire Blinkit Ambulance team for showing up when every second mattered.Your speed, professionalism, and compassion gave us hope in one of our most difficult moments.A special appreciation to Albinder Dhindsa for the vision behind Blinkit's 10-minute ambulance service. This isn't just innovation—it's a lifeline for countless families.Thank you for proving that the fastest delivery can also be the most meaningful.",5,2026-07-28T02:26:40,0
842c0bf5-2e57-4b51-a3ea-011e787a9ee1,Play Store,Bahot Khatarnaak Log He 2 Baze Raat Me DELIVERY Karte Hain inko To Medicine Bhi Delver Karna Chahiye Aur Ambulance Services Shuru Karna Chahiye,5,2026-07-28T02:24:26,0
2821712b-b89c-412f-94e7-7b3564a15abe,Play Store,good,5,2026-07-28T02:18:09,0
42f8f60a-dab1-40a7-9284-57d21649d00c,Play Store,"it's one of the most convenient apps ever. But I had one suggestion, it would be great if we could have scheduled delivery options so it becomes even more convenient. kudos to the team for their constant efforts!",5,2026-07-28T01:57:20,0
ec629d5c-e9e3-4360-849e-7f835bb1540d,Play Store,worst experiance my refund is not credited in my acccount but blinkit shows refund is complete where is my money ?? dont buy,1,2026-07-28T01:51:10,0
24935a7d-7172-4e40-a976-c75e4bc85d6b,Play Store,best,5,2026-07-28T01:49:19,0
48d32adc-ce83-40ee-883c-595c90d0d49e,Play Store,blinkit per scam ho raha hai main sabse request Karta Hun Ki is app per koi bhi Saman Na Le return ki guarantee lete hain per yah return nahin lete aapse yah baat bhi nahin karenge aur baat karenge to aapko bhi jakar rakhenge main sach mein Kah Raha Hun Main abhi tak Apne rs 2000 is app per koi bhi app mat Apne paise kharab karne ho to please chalaea per bahut ganda scam ho raha hai yaar,1,2026-07-28T01:48:19,0
6af38c64-30fc-4720-a9dd-58f1516cc130,Play Store,very good 👍,5,2026-07-28T01:44:10,0
ef84c7d2-3ba5-4e69-917b-d59501a196ee,Play Store,rain sergu kaun leta hai bhai,1,2026-07-28T01:25:30,0
544797d2-d61e-4ae3-993b-14fee9fcd4c8,Play Store,awesome 💯,5,2026-07-28T01:19:04,0
8e6f518d-e37f-48cb-8bfa-f6ac0a19351b,Play Store,best aap,5,2026-07-28T01:17:06,0
ee6a26a3-7e10-40d8-8b5f-e21acb6ffe8e,Play Store,good performance..,4,2026-07-28T01:06:46,0
84b10d1b-7e8a-4d4b-99bd-7fce6b6e948c,Play Store,so good,5,2026-07-28T01:05:33,0
978354fe-3630-422e-984d-dc27807a57fb,Play Store,no office,1,2026-07-28T01:03:43,0
83cf598f-2b1e-4674-bcab-5117570daf67,Play Store,good,5,2026-07-28T00:58:42,0
54d64258-8e4c-4c69-bb83-da432418ac91,Play Store,instamart se sahi hai but ek dikkat hai blinkit mai nutrujona fash wash kafi cheej nhi milti hai istamart mai 12 baje ke bad kuch nhi milta,5,2026-07-28T00:58:28,0
d46bce7e-9b52-4d0a-a96f-1a92e40b8939,Play Store,super,5,2026-07-28T00:57:18,0
b092730c-036c-4d1a-b400-26d6f56a0356,Play Store,great...awesome service specially medicine very easy and convenient.,5,2026-07-28T00:55:52,0
8fb8cc7e-2ee4-4210-a40b-ebfd5a476a66,Play Store,good,5,2026-07-28T00:53:20,0
5932d13b-2254-46fb-9fff-159a5a13caf9,Play Store,good,5,2026-07-28T00:41:14,0
bc84d055-97c9-474b-936a-2f2dcb0fa3af,Play Store,nice,5,2026-07-28T00:41:01,0
6fd1677f-a396-4e23-8c78-f8d87963476e,Play Store,no response bad blinkit,1,2026-07-28T00:38:44,0
a9436025-3ec8-4571-a3c2-bdc0f4588949,Play Store,"Emergency: Heavy Rain 🌧️ Solution: Blinkit ☔ Unknown location + Heavy Rain = No Problem! 😎 Kuch hi der me Raincoat doorstep par! 😂🚀 Aaj laga Blinkit sirf convenience nahi, emergency partner bhi hai! 💛",5,2026-07-28T00:37:02,0
ed45d782-32a2-4702-9bf0-eddd815fdfc7,Play Store,good,5,2026-07-28T00:33:06,0
ebd2fdd4-58d4-4a01-be8d-cb3fe4b78ad3,Play Store,"blinkit will charge you for anything like handling charge, surge charge or late night charge etc!! they never delivered on time..nor did they handle the order properly... deleting this app ..the worst",1,2026-07-28T00:31:28,0
8f3e6283-d85a-450d-9a17-51b6a7a1f662,Play Store,gooood🚘,5,2026-07-28T00:27:56,0
c76dd974-697d-44a7-8135-0a6b725c3ed9,Play Store,nice,5,2026-07-28T00:26:36,0
e3a08235-c0e6-4a0d-aebc-8c3da9275770,Play Store,worst delivery experience,1,2026-07-28T00:25:19,0
0361ae29-4c2d-461f-82b7-855584da16b8,Play Store,good,5,2026-07-28T00:24:33,0
9810f76e-9220-4a00-8894-e81e537c9656,Play Store,very nice and good 😊😊😊😊,5,2026-07-28T00:18:58,0
5a989c5c-36d0-418e-9da3-a412555182bb,Play Store,best apps,5,2026-07-28T00:16:23,0
820b5986-a760-41d1-a545-3aac4f749559,Play Store,nic service n very helpfull..,5,2026-07-28T00:15:18,0
ed7bf20f-8fc3-47de-8dc2-911c57649292,Play Store,very good delivery partner,4,2026-07-28T00:14:27,0
d75e5f6c-ba0e-424a-aa27-e37b10caac47,Play Store,fast and super quality,5,2026-07-28T00:13:00,0
9d6f4b13-77e0-4777-8fce-ce6ccced2a69,Play Store,good,5,2026-07-28T00:08:51,0
f9e5e9c5-dfa4-4266-a8c1-c2865699fedd,Play Store,too much delay,1,2026-07-28T00:04:30,0
d5360d6f-bae4-4c10-a3b7-dc7ad5df42dc,Play Store,ek no.,5,2026-07-28T00:04:14,0
85e26f9b-bcb7-47b3-86a2-99df17c0739e,Play Store,fast delivery,4,2026-07-28T00:04:07,0
2066444a-4c23-4ac7-99dd-310423799ed4,Play Store,bhadiya,5,2026-07-28T00:03:18,0
b8ae288b-d0c9-4a1f-a00d-6c857ab0a20c,Play Store,not bad,4,2026-07-28T00:01:32,0
eb28e851-c916-4c65-99d0-c7db91438267,Play Store,Good,5,2026-07-28T00:00:24,0
a9f22fa0-faf0-4bff-b67d-b9ebd1712705,Play Store,best app rn even ambulance services are provided,5,2026-07-27T23:59:13,0
c048476d-1d59-42a0-a480-af0d2dd49c79,Play Store,very faster delivery,5,2026-07-27T23:58:44,0
91c470e7-8035-42f6-88fe-58ab35ae3099,Play Store,superb,5,2026-07-27T23:58:44,0
c4728cfa-cab3-4371-aad0-f97513ab2588,Play Store,good,5,2026-07-27T23:58:41,0
433da684-6801-4f88-884f-2c0661922b66,Play Store,good,5,2026-07-27T23:58:25,0
cef78755-f2db-44a8-8a1b-cb6a34e2e3f3,Play Store,superb,5,2026-07-27T23:58:08,0
d3f10abd-1532-4ed8-af09-5c72c55f8b5c,Play Store,really helpful,5,2026-07-27T23:55:00,0
38feb29c-08ca-41c6-8364-27dcb3dfb47d,Play Store,🤙,5,2026-07-27T23:51:59,0
7950747b-9a4b-48e9-850f-7b69c1c383c5,Play Store,"I lovetheir service,....itsmy all time fav day or night....",5,2026-07-27T23:51:19,0
d0bbc9ba-fc98-4e97-b23f-793abfe289a4,Play Store,On time,5,2026-07-27T23:47:31,0
3cb70af7-e87e-4199-b91a-7c585f23210f,Play Store,very poor service..cid available but delivery foes not return any cash to owner,2,2026-07-27T23:46:59,0
1cb9b251-c866-4a2f-a131-0781151255d1,Play Store,good,5,2026-07-27T23:44:01,0
e847f9d7-7346-496a-9fa9-8966589316a9,Play Store,good service,5,2026-07-27T23:41:24,0
34786d2b-6ccf-4e9d-a29f-bd9fd2af2f9e,Play Store,worst app worst experience they are sending expired products. don't buy.,1,2026-07-27T23:40:24,0
4beed05a-2e0b-4e2f-8027-e0c9f9d4d6dd,Play Store,"the app is quite expensive, as compared to other similar platforms, same product is given at a higher price although the quality of fruits is good, but still the high prices cannot be afforded by everyone.",3,2026-07-27T23:38:48,0
f04806ff-06d2-4752-92d0-1ee6fdaa02c7,Play Store,super,5,2026-07-27T23:38:03,0
2b1f142e-5161-423c-b18a-45fcd2d4d2e8,Play Store,"It's the best app to order your grocery items or fruits and vegetables, if their is any problem with your order then it literally resolves it efficiently.",5,2026-07-27T23:37:38,0
a176938b-b62c-4d66-8ffa-c4c5382e76ac,Play Store,very convenient at odd timings,4,2026-07-27T23:36:51,0
e348e5ab-2c69-4c47-9806-d7733ff6dd69,Play Store,thank you so much blinket is very nice app,5,2026-07-27T23:35:55,0
2fff7dce-4b53-4d1d-b38a-9b0b63b15e9c,Play Store,good service,4,2026-07-27T23:35:36,0
572fe2e9-e69d-4700-baba-fd93af8266b8,Play Store,very poor service,1,2026-07-27T23:35:21,0
aa287850-5375-4ad9-be68-4d8063580e98,Play Store,superb,5,2026-07-27T23:34:56,0
0ce957b7-c015-4189-a316-8fad5d3175a1,Play Store,supertt work 👩🏻‍💻,5,2026-07-27T23:34:30,0
f2159cca-efc9-407e-a486-44ce0d959e09,Play Store,good,5,2026-07-27T23:33:03,0
0f3cd4fd-aed5-49d1-a10b-7a0ec630af66,Play Store,Really loved it 😍,5,2026-07-27T23:32:19,0
6f4d3b3e-b63a-4722-8f4a-5b7f31b3a2a4,Play Store,ok,5,2026-07-27T23:31:31,0
517cee31-5ce2-4fc9-b236-867c930003f7,Play Store,nice,4,2026-07-27T23:31:25,0
b5710d29-dcb7-4386-bba5-21a572dab665,Play Store,nice,5,2026-07-27T23:27:16,0
c8ce7945-85dd-47f6-a4d3-440502aa78c3,Play Store,nice work,5,2026-07-27T23:27:00,0
68702bab-04d9-4ece-bd4e-cfa947b0ed17,Play Store,very very fast,5,2026-07-27T23:25:25,0
905c071c-8d46-4a7b-9a80-5e5270592eb2,Play Store,fast and reliable,5,2026-07-27T23:24:53,0
d5826db6-3257-4a3d-a492-2980e81f0a3e,Play Store,Best,5,2026-07-27T23:24:47,0
b1f4b5fc-a4b5-4888-bec6-67d09fa26a30,Play Store,"Quick response team.. great going , never loose your trusted one.",5,2026-07-27T23:24:28,0
80daab00-ce7e-425c-9283-000f34a3dc89,Play Store,sirf sirf duplicate sirf sirf duplicate sirf sirf duplicate all product,1,2026-07-27T23:23:46,0
7ba5511e-d0f0-4a82-a5bf-1fe1a0463d1c,Play Store,excellent,5,2026-07-27T23:23:00,0
7682ee4e-bd6c-4967-871a-a68ed288fc13,Play Store,Very useful app,5,2026-07-27T23:22:24,0
f0afebc2-9a2f-4962-964f-7d223d80e87c,Play Store,the store is just 980 m away from my home i ordered too many things many times sometimes i got freebies with the orders the delivery is fast reliable and it never let down thank you blinkit and blinkit delivery partners,5,2026-07-27T23:22:13,0
402033f4-fb71-4c0e-aeb6-b6b58f758239,Play Store,not bad this is very good app,5,2026-07-27T23:20:44,0
842aa412-8782-4d53-9c88-823082a6a576,Play Store,good app,5,2026-07-27T23:18:40,0
50c9bfe2-649d-475b-83cd-74e724b7bba4,Play Store,👍,5,2026-07-27T23:18:24,0
0f31dbb8-1723-4e70-aa49-03c4db7dc3e5,Play Store,very nice app,5,2026-07-27T23:17:52,0
2d5daca2-08b4-4530-8817-a0788dd68c52,Play Store,Best service 🥰,5,2026-07-27T23:16:24,0
d75c2123-2558-4f39-a872-080aab774b22,Play Store,super,3,2026-07-27T23:16:03,0
ad110d17-768f-464a-8f05-e2ce5d0d6357,Play Store,best,5,2026-07-27T23:15:35,0
3f049c23-2de8-454e-b79f-477dccd6814e,Play Store,"pathetic experience. Despite paying for the order, some or the other item is missing and there is no customer support. The automated response and AI are of no help. just get rid of the customer support and at this point because whatever you are offering is useless. it's not support. it's just ""trouble the customer""",1,2026-07-27T23:13:40,0
129db80e-5c32-4e0d-9e08-3d7bdc2295fd,Play Store,super,5,2026-07-27T23:13:36,0
feebde39-8d29-4db6-af2e-a8f8cf66c145,Play Store,good,5,2026-07-27T23:12:17,0
52a2f220-4acb-4525-b736-58ea7e0fcd22,Play Store,blinkit Is a very convenient app. it's very good for daily essential.,4,2026-07-27T23:11:14,0
506c0731-2c92-46a9-8d5b-7c1789256074,Play Store,Good,5,2026-07-27T23:10:20,0
b6f6afa3-ca61-4cff-95f7-d23d7a3c5d59,Play Store,nice,5,2026-07-27T23:09:25,0
6f594375-64c9-4649-9e33-b3ffc6037d63,Play Store,super blinkit within 5 minutes lo delevery complete chesthunaru,5,2026-07-27T23:09:16,0
bf1aea2f-0cb3-402b-a386-dd848e604f07,Play Store,fast delivery,5,2026-07-27T23:08:34,0
f1940d33-090b-42bc-9d11-6d1cdb405e99,Play Store,super,5,2026-07-27T23:08:02,0
7298709a-99be-4ca6-bde0-1801fc06923f,Play Store,very good,5,2026-07-27T23:07:46,0
0a6f6d38-2fb3-4f0f-b6f8-dcfca8e7b893,Play Store,best h yaar,5,2026-07-27T23:07:29,0
58fff178-2a58-4c4a-ae04-f35a5826ab98,Play Store,always charge more and more handing and platform fees each time on each order,1,2026-07-27T23:07:01,0
5bc00a68-707d-4858-b18e-b5352df85eb7,Play Store,nice 😊,5,2026-07-27T23:06:51,0
a49b3d83-de07-4216-95c2-ec91981463f2,Play Store,good,5,2026-07-27T23:06:51,0
ee87bf99-9f01-406f-83b9-47ceed8f8163,Play Store,not as seen in image,1,2026-07-27T23:05:56,0
aae4d822-d687-4609-9f23-bfb7d8c7ad2b,Play Store,good,5,2026-07-27T23:05:05,0
150bc927-f8f8-4447-bc6d-c79d3744759b,Play Store,wonderful experience,5,2026-07-27T23:02:50,0
896eba1c-940b-4d8b-bdde-29ca7a34baf1,Play Store,as expected,5,2026-07-27T23:02:27,0
3680f9f2-1788-4c74-8d3f-2dd4164f13d1,Play Store,always share incorrect order,2,2026-07-27T23:02:21,0
b681efa2-1efb-4ecb-a9b8-c0faa4309852,Play Store,good,5,2026-07-27T23:01:37,0
713c2df6-ea32-46f9-8abf-27fa25cd44a4,Play Store,it's very good I like very much,5,2026-07-27T23:01:21,0
320812e1-0bd8-4148-adc0-5c4b35e980c0,Play Store,good,5,2026-07-27T23:01:00,0
94d1958d-7280-4913-93eb-71b5bae6c64f,Play Store,brand acga bahut hai,4,2026-07-27T23:00:57,0
6d291026-3c47-4536-beed-251e52c90df4,Play Store,Sirf Dublycat Maal he iske paas bhi ise load mat karo,1,2026-07-27T23:00:21,0
e484e7ff-3f14-4c5c-aa2f-63a69892b69d,Play Store,best hai,5,2026-07-27T23:00:07,0
339f445b-04df-4936-bdd5-f1c902e22627,Play Store,trusted app,5,2026-07-27T22:59:05,0
204fc537-8ac6-4f99-aa61-8567809215b5,Play Store,on time order,5,2026-07-27T22:53:41,0
a119e026-7107-4d7e-b2ca-6e2f8cc93c17,Play Store,good 👍,5,2026-07-27T22:53:15,0
d94544ce-1d76-426e-ba62-6249b9dc6569,Play Store,i have selected 3 article which one Free product but free product not received. this is not good for customer point of view.,1,2026-07-27T22:51:58,0
9c0798ae-3970-4a28-97c3-ec860af14434,Play Store,first i firstly orderd for more than 3 then the cancel my order after accept and refund place for 3-4 business day very cheap service don't order.,1,2026-07-27T22:51:41,0
e8685c3f-8ede-44de-9e0b-1e2bc5bde4d6,Play Store,it's to be good experience every time,5,2026-07-27T22:50:59,0
55a60aea-dd69-4b20-bf4a-f582c4979a99,Play Store,good,5,2026-07-27T22:50:32,0
cc14d9e2-e667-4a41-9434-18e8eafbca99,Play Store,good,5,2026-07-27T22:50:28,0
ab905c37-85e5-49ad-8ff0-6efc43ab1429,Play Store,Blinkit use cold storage stores to deliver rotten and expired products don't ever trust them for your family health. They even manipulated labels to alter manufacturing dates and expiry dates. In india they knew they could easily get away with such malpractice. Don't rate them just for convenience and quick delivery. Quality and authenticity of products are not reliable.,1,2026-07-27T22:49:15,0
90209c25-52eb-49b5-b2d4-7688ea88cc3f,Play Store,very useful app. I hope you give me more discount 😅 after the review 😂,5,2026-07-27T22:47:55,0
eb65652a-18db-4dd5-b288-cf3a32e3d45e,Play Store,I Love Your Service Now Thank You,5,2026-07-27T22:47:28,0
ae31e241-1b99-4a13-b948-6b08f771ade3,Play Store,pleasant,5,2026-07-27T22:47:01,0
45b6e753-23e1-4b6c-8725-e2576b73c4a8,Play Store,very good service,5,2026-07-27T22:45:11,0
0b58eaa2-2a27-4cf0-853a-d2ec4a49c38d,Play Store,well it was good app to order groceries,4,2026-07-27T22:45:09,0
b179a59c-8747-456c-ae1e-2fb9260e9be3,Play Store,good,5,2026-07-27T22:44:04,0
049fd183-b850-466b-892d-ff36935654f9,Play Store,good 👍,5,2026-07-27T22:43:50,0
2047ac0f-352a-486d-ac73-b96c3ceb969c,Play Store,nice app to use,5,2026-07-27T22:43:14,0
210b80e9-375c-4a36-b722-4fd3b262fe9c,Play Store,old stock item delivered sometimes,1,2026-07-27T22:41:04,0
b5888c82-4835-422b-ab69-5d63f6554bf7,Play Store,it's good I enjoy the delivery drivers are the best .today experience was my best experience I got delivery from deepak he was the best devilery partner till today .i really appreciate his work,5,2026-07-27T22:40:49,0
82c03bd2-528e-4e1c-904d-ee23cfe8155b,Play Store,worst experience,1,2026-07-27T22:40:44,0
ea727298-cf96-453d-8bf3-46751066ae93,Play Store,very late service at my region,1,2026-07-27T22:39:44,0
a707f875-3627-4f50-ae3f-4fbc5be60e33,Play Store,good sarvice,4,2026-07-27T22:38:49,0
5fcceabc-e6c3-4605-bd20-ca3c14d8c7c0,Play Store,excellent,5,2026-07-27T22:38:26,0
f840606c-d959-436f-a41e-9d8eded182d0,Play Store,worst chat support,1,2026-07-27T22:38:07,0
763887ec-2a0e-4b6b-ab42-6ae706c0c8d7,Play Store,best,5,2026-07-27T22:38:03,0
ad55d718-acd7-402f-a7bf-f2a0bb1f346c,Play Store,all best,5,2026-07-27T22:36:38,0
f5e3aa96-4d0e-416c-8ad9-438d89a83e11,Play Store,really usefull app with great customer support good job blinkit,5,2026-07-27T22:36:37,0
22dcbc8f-45ec-4fc8-8510-22c8afb85bb9,Play Store,best,5,2026-07-27T22:36:06,0
90e47ca5-816d-4d75-851b-1d0319a5c756,Play Store,Happy,5,2026-07-27T22:36:02,0
3af220d7-4605-47e2-8757-3d179dce0e67,Play Store,good,5,2026-07-27T22:35:49,0
110ff143-58a9-4033-9483-679c6b5d493f,Play Store,good service,5,2026-07-27T22:35:46,0
70e9e741-9da0-469f-83fe-a3101acd6c47,Play Store,every thing is ok,5,2026-07-27T22:35:11,0
7de91636-5a08-4a97-ad9b-eea54365d55d,Play Store,bakwas,1,2026-07-27T22:32:28,0
d0cd8ec1-0b40-4351-b141-4dc9ead8a717,Play Store,jadi vejo,2,2026-07-27T22:32:13,0
0e04f9ea-cf5f-4860-b4f9-3d1de9feed97,Play Store,good 👍,5,2026-07-27T22:31:55,0
b1997737-7bf4-4a4d-8330-c13122e7e536,Play Store,uhhh,5,2026-07-27T22:31:24,0
d63d7069-0fc6-4e06-babd-d41344e18f08,Play Store,this app is very good,5,2026-07-27T22:30:53,0
036be6c6-2fe5-4597-a123-0d7f41c9f3b7,Play Store,I think that it is a fastest delivery that I have seen👍👍👍👍,5,2026-07-27T22:29:54,0
a3834ee7-d4eb-4bee-83d3-7630a2c07e7b,Play Store,Great,5,2026-07-27T22:29:42,0
8f76539b-51b3-40fa-9eb6-fad18057b07f,Play Store,all time when i ordered i received it really with in time,5,2026-07-27T22:28:03,0
9c5a4bd7-491d-4d31-99ef-11366d3579f2,Play Store,very nice product 😃,5,2026-07-27T22:27:35,0
b8e223db-c3b5-444f-8d2a-2569828931b5,Play Store,good,5,2026-07-27T22:27:03,0
fd6eabb7-5761-403f-8522-a62f9ed9f854,Play Store,I have ordered a product for ₹60 but when I'm seeing the total amount it's showing ₹115. Like they are charging a very high amount for delivery charge and others. Thus I am requesting to all of you that donot order anything from this app. In my opinion this is the worst app I have seen.,1,2026-07-27T22:25:49,0
2f4f1064-0044-4895-bd66-a64422e32ff8,Play Store,Wonderful,5,2026-07-27T22:25:45,0
eff6f10b-1725-47c5-8299-abf5983ce2fa,Play Store,good app,5,2026-07-27T22:24:49,0
347ef94c-18cd-42b6-b244-28d0376c0a2c,Play Store,"Blinkit's service is absolutely terrible. I have been a customer for two years and have purchased many items, but my recent experience was awful. On July 27, 2026, I ordered products worth ₹2,500, including a pair of Noise earbuds; the sound quality was poor, and the fit caused ear pain. I requested a return—even offering to exchange them for a more expensive model—but their service was so bad that they flatly refused the return. So, everyone should think twice before shopping with Blinkit.",1,2026-07-27T22:23:48,0
69ec48f6-8874-4cfb-82ef-6f769d5f1f24,Play Store,customer service support is not good,1,2026-07-27T22:23:31,0
e010c46c-2187-4061-8368-cfaa3aa62708,Play Store,very good app..... 🫶,5,2026-07-27T22:23:24,0
1fd2f30c-b8da-42e5-8114-12c955af5ec3,Play Store,excellent,5,2026-07-27T22:23:01,0
49ab13fb-5456-4230-bf74-e393ca3ad75a,Play Store,It's a good app for everyone 👍👍⭐⭐⭐⭐⭐,5,2026-07-27T22:22:20,0
09b0eab0-c45a-46c7-9294-bd5a061aa97a,Play Store,Always fast delivery,5,2026-07-27T22:21:01,0
027d91a9-0736-4f20-ae40-505429d68858,Play Store,blinkit is actually the best and the service is really good and trustworthy!!!,5,2026-07-27T22:20:38,0
bbaf05a7-19ba-43f6-8af2-571171781e58,Play Store,100percent like blinkit but didn't like delevery partner in mumbra city they are very rude and cancellations are high always they want to do cancel the order by customer they call and say plz cancel kro mam bhot andar hai dur hai other cities partners are best,5,2026-07-27T22:20:35,0
199f9b6c-53b6-4ef4-ad53-45fe7cd33e05,Play Store,best any time service. 👍,5,2026-07-27T22:20:02,0
0c37884c-c0a0-4e93-b695-3ae8d60f2410,Play Store,good packing,2,2026-07-27T22:20:01,0
42d57687-fddb-49b0-84eb-882ebea78be7,Play Store,I ordered first time on this app now very fast delivery and good packaging..,5,2026-07-27T22:19:41,0
7c211bb7-b402-44d0-a19b-53c878da7684,Play Store,good,5,2026-07-27T22:19:11,0
0664ea72-1323-4669-bb06-7bac3d751723,Play Store,The medicine delivwey and doctor consultation us too good feature,5,2026-07-27T22:17:15,0
b28906dc-1f11-42e0-86dc-42597d473251,Play Store,slow delivery,3,2026-07-27T22:16:33,0
d4b2b64a-c9dd-4358-85f8-101b4f94d4db,Play Store,good,5,2026-07-27T22:16:18,0
1199d4db-a39f-429a-910f-155965843ef4,Play Store,Good,5,2026-07-27T22:15:27,0
e20de378-61b0-47ee-8b9e-9fb44ab4c61f,Play Store,"Hi! Would have suggested this app to others but not anymore, cause as mentioned by the government the delivery app is not suppose to charge any additional extra fees but BLINKIT is doing so, whereas I only wanted 2 products but BLINKIT is charging extra i.e My total product price cost ₹191/- +where the app is charging me Handling charge₹5/- +Delivery Charge ₹30/- So My grand total comes to ₹226/- I would like this issue to be resolved or else I have to raise this concern is the Consumer forum",2,2026-07-27T22:12:20,0
ebefa370-f1fe-4f96-b0fb-7a6f564b9899,Play Store,amazing i was really happy for this service,5,2026-07-27T22:11:49,0
f1105ee9-af2d-406b-821a-95dd6ca248db,Play Store,yas,4,2026-07-27T22:11:22,0
6e5d7b8b-cfdc-401f-945f-8fbc2d60eef4,Play Store,good,4,2026-07-27T22:11:16,0
5c380bc8-b436-4460-b51b-4c6d2ba04871,Play Store,Very good fast delivery appp,5,2026-07-27T22:10:45,0
086c1f5e-a3ae-4fd0-81bb-d2e1bde71adf,Play Store,very good sarvice,5,2026-07-27T22:09:57,0
67df9816-39d1-46de-bb1c-789970080433,Play Store,👍👍👍,5,2026-07-27T22:09:40,0
8aa54a53-3894-4b1a-9b7b-a1360e859600,Play Store,bekar service he lutate he ye log order b pura nai krte juthe he mene 3 ltr milk mangaya tha or unhone 1 ltr hi diya or pese b return nai krna he unko bekar log he,1,2026-07-27T22:08:42,0
4d387eab-5b23-482a-945e-0769aeee66ab,Play Store,bad,1,2026-07-27T22:08:25,0
4376626e-225a-48ad-8321-f422cf8dabec,Play Store,fruits me milawat kyo karte hai yadi tin mango magate hai to tino tin quality ke kyo kharab hota phal bhi pack kardete hai kwality ka khyal rakhe,3,2026-07-27T22:08:17,0
82574be5-e248-4c64-a4ee-50c22c545a13,Play Store,I love blinkit,5,2026-07-27T22:08:12,0
fcb067a9-cffa-48bd-9bfd-acb678195d9f,Play Store,Best instant delivery,4,2026-07-27T22:07:41,0
ba38ff08-a13c-4cd5-9458-238bef073cf6,Play Store,good,5,2026-07-27T22:07:38,0
ded55066-49d7-45f8-a920-4adb5cee98d8,Play Store,good,5,2026-07-27T22:07:23,0
cb94295b-0ed1-4a44-8400-298495225a38,Play Store,👍,5,2026-07-27T22:05:18,0
14be829d-b9b9-40c8-8dd5-91f291480b29,Play Store,India's fastest app,5,2026-07-27T22:03:41,0
3b516ab9-90e9-44e7-a191-1166d581712d,Play Store,helped me when I needed the most mainly for taking printouts for assignments 😅👍,5,2026-07-27T22:01:53,0
74016390-6a2b-4a91-870a-5706539b8c78,Play Store,free delivery ke naam par cheat krte ho aap log,1,2026-07-27T22:01:02,0
2a33366e-d48b-4904-8846-9631b4ccce5d,Play Store,good,5,2026-07-27T22:00:23,0
b7db5680-0aed-4ce6-ad56-2d2d564c84ec,Play Store,very good service,5,2026-07-27T21:59:58,0
b6899664-c55e-4d17-aa17-38094dc1a00b,Play Store,True companion,5,2026-07-27T21:58:51,0
1c66731e-a225-4e9e-9521-51e3e59bd878,Play Store,💔,1,2026-07-27T21:58:19,0
e39ea76e-f138-413c-ae22-65af038346c2,Play Store,good,5,2026-07-27T21:57:56,0
3aad13c5-7e06-435d-891c-e478ed5e5e52,Play Store,It was one of the best platforms. Some delivery boys are a bit problematic.,4,2026-07-27T21:57:07,0
e140e5fb-3ae9-4f5b-9b2c-f3e311baafbe,Play Store,good 👍,5,2026-07-27T21:56:06,0
f003ce86-0f97-46bd-abcf-c6a35e0e467c,Play Store,it's good 👍🏻,4,2026-07-27T21:53:44,0
639027ff-59f0-44fc-ba1c-d2bb09a0de85,Play Store,very useful,5,2026-07-27T21:53:11,0
5ba56f70-1536-4319-a96d-19521b7b62ad,Play Store,very good service,5,2026-07-27T21:52:58,0
38af9df9-12e4-4913-bcc1-96de081ed461,Play Store,it best delivery app I have ever seen,5,2026-07-27T21:52:05,0
aedbefae-c1b4-44f4-899f-7805cb2e2b76,Play Store,good work Blinkit all staff,5,2026-07-27T21:51:34,0
b0e2ac45-d52b-441f-b8ee-b5502da0ad38,Play Store,diffrent item in the pocket,1,2026-07-27T21:49:15,0
bb1f78a3-f3d7-4211-8447-d99d87baf16d,Play Store,delivery charges kam karo,3,2026-07-27T21:48:00,0
aef0c13e-af99-41cf-9a3d-add99c292508,Play Store,Customer care support very nice.,5,2026-07-27T21:47:44,0
dc839d83-0eea-4efe-bbc5-83f9addbe72d,Play Store,good,5,2026-07-27T21:47:24,0
2cf1eed1-910f-4dc2-8cc8-414b80045c0f,Play Store,we are very unpleasant with the delivery boy.. No blinkit carry bag with boy rudely replied Carry bags are usually out of stock by the evening.,1,2026-07-27T21:46:58,0
5f5683cc-0c9d-441c-9711-6208c8af22aa,Play Store,thank,4,2026-07-27T21:46:46,0
954d1cd0-2aa5-4596-935b-3a33d644751b,Play Store,good service 💯,5,2026-07-27T21:44:39,0
60a65969-4d91-48de-8f81-0c5db9b7d731,Play Store,very worst experience,1,2026-07-27T21:42:12,0
1319e820-0402-45bd-b3d2-c6ec40abe02b,Play Store,good 💯,5,2026-07-27T21:42:03,0
d4f74e88-0bfd-40c7-b73e-d05aeff1c70f,Play Store,taking too long time for order placement,3,2026-07-27T21:41:32,0
4e552307-dde2-4d9a-8b04-aa9283d53891,Play Store,thanks for your help,5,2026-07-27T21:41:28,0
6ac3e1b9-3e43-427e-9ca9-c505dafcc36e,Play Store,👌👌,3,2026-07-27T21:41:04,0
7738ade8-4655-41d2-ad0b-4f697c01f817,Play Store,v good app,5,2026-07-27T21:40:59,0
ed4c2f65-ded9-4d0b-a41a-103d3c59759b,Play Store,ok,5,2026-07-27T21:39:47,0
d38ca74b-b4ee-478f-a0c6-e8f4e46fcc29,Play Store,Good app easy convinient Groceries,5,2026-07-27T21:39:29,0
e7af87bb-7232-4e11-8331-23b27563cb72,Play Store,average,1,2026-07-27T21:39:27,0
2a0d257e-91cf-49b8-bdb3-4e246590c5c4,Play Store,good service,5,2026-07-27T21:38:47,0
527100aa-78dd-4cb6-912e-64c6b3c75aad,Play Store,worst delivery app,1,2026-07-27T21:38:38,0
9ccb9303-db50-405a-8e75-e89307af4dfa,Play Store,good one,5,2026-07-27T21:38:33,0
c2b1e8ed-66a5-42a2-b4a7-1c33d4821d18,Play Store,in time,5,2026-07-27T21:35:04,0
7843bdf4-cbfe-4739-a582-049854727105,Play Store,fast delivery 🚚,5,2026-07-27T21:32:36,0
1c6587f6-9e01-4663-acce-7fa3b57e2cd2,Play Store,very good,3,2026-07-27T21:32:21,0
03edb3a7-90b9-4f40-ba13-ec57900a29f2,Play Store,nice,3,2026-07-27T21:31:45,0
e652e577-d0bd-44e4-b97a-8b3fa2707763,Play Store,best app for shopping,5,2026-07-27T21:31:12,0
02ce4be0-e751-46d6-a45a-aed098768ed3,Play Store,my experience with blinkit is very good I used this app since very long,5,2026-07-27T21:30:10,0
11fadfe4-f403-4853-80e0-7dedbbd4a58f,Play Store,best food services app💗,5,2026-07-27T21:30:04,0
425e32ec-eded-4f9e-97b7-ea1d2377cf8f,Play Store,Happy 😇,5,2026-07-27T21:29:57,0
544c058a-49a7-47eb-8fcd-a513cf2fccaf,Play Store,bad experience,1,2026-07-27T21:29:55,0
c4e1fd66-1f9e-4bcf-b7df-6785f01430a8,Play Store,good,5,2026-07-27T21:29:50,0
dc37ac38-e7b4-4271-be13-3270a24d6664,Play Store,"Customer care executives are mannerless. sometimes they do send products without any seal, after raising complaint they don't bother to resolve",1,2026-07-27T21:29:10,0
12bf95d3-da40-4922-91f2-70cdbfd31b45,Play Store,Good,5,2026-07-27T21:29:08,0
536041e8-fd42-464a-bd73-0f6959d46607,Play Store,Rotten orange,1,2026-07-27T21:29:03,0
5413cdd9-14fe-48f6-984d-96b224804e71,Play Store,Awesome experi,4,2026-07-27T21:28:40,0
cdeed746-1b5e-4d5b-a5a8-650403458c34,Play Store,awesome delivery and experience,5,2026-07-27T21:27:44,0
cbf48e12-c26b-4b6e-a64d-524b7d815066,Play Store,very nice,5,2026-07-27T21:26:58,0
2cfb2c68-02d2-4d09-9cfe-f71e94dea721,Play Store,wow I just like the fast delivery and cheapest items like I m ording from Amazon Flipkart like every item blinkit have phone smart watch and all electronics 🫡🫡🫡,5,2026-07-27T21:26:20,0
57c498aa-c45b-4e14-a5be-6ef4f344452d,Play Store,delivery partners doesnt want come at. door step.,2,2026-07-27T21:25:58,0
935539b0-f945-4464-9d60-b320a5a150ee,Play Store,good,5,2026-07-27T21:24:37,0
b1ac511f-3c77-4f68-85a6-4bd039ed8b7c,Play Store,nice,5,2026-07-27T21:24:09,0
3d7e35fd-27df-41a0-aa41-043df7a3e2ff,Play Store,super,5,2026-07-27T21:23:37,0
cb11b5bd-8bb5-4850-8607-304b49bc9736,Play Store,there is no policy for cancellations,1,2026-07-27T21:23:29,0
686ce1ce-e63c-42b7-a6cb-286a7bb5f8f6,Play Store,5star,5,2026-07-27T21:23:19,0
70e85390-3e5e-4faf-b4e5-04a56ead90b8,Play Store,good,5,2026-07-27T21:23:15,0
127cac60-62a6-4b46-aa22-4733db4bf449,Play Store,Just love it,5,2026-07-27T21:21:25,0
e9a1cc59-0748-4747-87f8-aa505f1254b9,Play Store,good,5,2026-07-27T21:20:39,0
1d6c9714-59f1-4855-a835-2e02cc4b50f3,Play Store,this aap is not good at all low coustomer helping,1,2026-07-27T21:20:19,0
8b32c53c-15b9-4d82-a81d-1eab6428c332,Play Store,nice app for last minute,5,2026-07-27T21:19:36,0
1a7e8cf9-8d62-4c9a-8f2c-4c92f9045bad,Play Store,ok,5,2026-07-27T21:18:50,0
a64cdd89-2412-487c-983c-5f33d08b24c5,Play Store,good 👍,5,2026-07-27T21:17:43,0
094f1ff2-f206-45b2-9019-e30d1d89e631,Play Store,nice,5,2026-07-27T21:17:40,0
51ae72d6-4a72-4464-be71-fc3920e4491f,Play Store,ooo.,4,2026-07-27T21:17:23,0
777bee6e-bd03-44f5-9685-d94486b47493,Play Store,gave bad product and refuse to refund,1,2026-07-27T21:16:47,0
9afae9da-3cef-4a00-861d-a985dd951289,Play Store,perfect,5,2026-07-27T21:16:22,0
c83d987a-d631-4997-ab9d-cf3ca188c050,Play Store,very nice,5,2026-07-27T21:15:33,0
86d3d4dc-8ed9-4d0d-9dc7-75c67f769a21,Play Store,nice,5,2026-07-27T21:15:05,0
7585d164-9ace-45d8-b93c-779411e0575b,Play Store,very easy and fast delivery,5,2026-07-27T21:13:48,0
bcf93811-17d2-414f-b232-71317522c05e,Play Store,"good items, fast delivery.",5,2026-07-27T21:12:33,0
69cb105d-fa83-4591-8310-62d85f95147e,Play Store,fast delivery,5,2026-07-27T21:12:22,0
670f6e1a-ba3e-4f2f-b133-99c7f4666a0d,Play Store,good,5,2026-07-27T21:11:27,0
2aeda255-c6c8-4e75-b3b8-4078dab9b4b0,Play Store,it's very fast and good app we orders many things and they delivered very fast in minutes thank you blinkit,5,2026-07-27T21:11:24,0
7fcffce2-4db4-4fa1-9d29-c2bc63f67c14,Play Store,oki,4,2026-07-27T21:11:09,0
318128cc-fdfe-4e18-a932-aea2ac492851,Play Store,nice,5,2026-07-27T21:11:01,0
fc3c7224-a743-49fa-8d1e-b529d7ae6813,Play Store,Always on time n the most trusted. Wish to see discounts on special days or weekend on fruits n desserts.,5,2026-07-27T21:09:48,0
d4031599-262e-45bc-a70e-757f2a6b8ca5,Play Store,good colity,5,2026-07-27T21:09:34,0
b0986fc9-3e0b-427d-ab05-870f6222d01e,Play Store,good,5,2026-07-27T21:07:39,0
06e43c84-7fdb-4e16-a8f0-9d9de9a69cfd,Play Store,sabse ghatia app in the whole universe,1,2026-07-27T21:06:08,0
d7b9c06f-07de-4062-8143-2b9ad8dc8ce4,Play Store,All good,5,2026-07-27T21:04:34,0
8a3538f6-107e-408e-9bc7-45f391f3052d,Play Store,good,5,2026-07-27T21:04:10,0
15a31fe7-1dce-4afa-aad7-1eae662e603d,Play Store,fast delivery good 👍,5,2026-07-27T21:03:54,0
bfced14c-c377-4ad7-9efd-8c4f48719f59,Play Store,Service first,5,2026-07-27T21:01:54,0
c0fa1f50-05a1-4704-97af-41e8fc9da9c3,Play Store,looting people,1,2026-07-27T21:01:35,0
138bc367-9256-4b2a-8b7b-6a8fcfb92923,Play Store,good service,3,2026-07-27T21:01:21,0
f4ac9a2c-5774-4202-a2a4-c51fd49d58dd,Play Store,best app for fast delivery,5,2026-07-27T21:01:11,0
397df988-d2c7-4232-9b76-cb949b9c5e13,Play Store,sometimes they send rough vegetable stop it,3,2026-07-27T21:00:47,0
e8212435-3267-40c3-b425-87161208e9a1,Play Store,Good and prompt service rendering in our area. keep it up.,5,2026-07-27T20:59:29,0
22d8bd15-b622-44bd-8d84-9ae58851e8f7,Play Store,good app,5,2026-07-27T20:59:24,0
a66b8736-55bd-45b6-90d0-e6fa109b9485,Play Store,"I had a very disappointing experience with Blinkit. I ordered fresh vegetables, but the quality was very poor. The vegetables were not fresh and looked old, with some already starting to spoil. This is not what I expected from a quick grocery delivery service. I hope Blinkit improves its quality checks before delivering products to customers.",1,2026-07-27T20:59:10,0
f199f2ed-bb73-417d-937c-6a669ba87df1,Play Store,Delivery too Delayed,1,2026-07-27T20:57:22,0
1c061c79-555e-4bce-9332-b6568fc927f3,Play Store,good quality,5,2026-07-27T20:57:10,0
83cf06bc-ab67-4fbf-be54-ffe54f1ecbed,Play Store,good,5,2026-07-27T20:56:49,0
4f79d0c3-94be-445c-8dd9-5fbbce3d2bc5,Play Store,good service,5,2026-07-27T20:56:17,0
ff115806-deb9-4835-b014-b5e3136a6e96,Play Store,"super speed delivery, very use full, i use regularly Thank you Blinkit.",5,2026-07-27T20:56:12,0
e1c3147c-47a4-4f7c-beae-61eddb797190,Play Store,"everythings fine but the paper bag, it's not strong enough to cary few heavy items and not more than one bag is given to lift that weight",3,2026-07-27T20:56:06,0
5ae47a92-1f3e-4ae2-a829-778d710d5b2f,Play Store,good,5,2026-07-27T20:56:03,0
cbe77aa1-3a34-4369-b7f1-5e21ec5dae0d,Play Store,good,3,2026-07-27T20:55:56,0
5fb95599-d282-45d0-a419-edb7aa9c5ca3,Play Store,okk,4,2026-07-27T20:54:24,0
9c73f7ca-d9f0-4112-9591-50c7db306a33,Play Store,good,5,2026-07-27T20:53:03,0
13222678-5082-4be4-ab8e-d8c6dafc460a,Play Store,good 👍,5,2026-07-27T20:51:41,0
e235a537-47bf-4dfe-86b8-c35724da1ed9,Play Store,very good experience of placing order but I don't have experience of customers help desk,5,2026-07-27T20:51:39,0
ed907f3f-e7e2-4530-853e-a8f2aa0b9e6b,Play Store,👍,5,2026-07-27T20:51:13,0
d1bc7ad3-781d-41a9-90ae-15e0b8148662,Play Store,The app is very best I like it thanks to Blinkit I really like the app🤗😊😇,5,2026-07-27T20:50:51,0
0e3f7aec-3ca2-4e19-a3c4-8e639c8e2bf0,Play Store,👍,5,2026-07-27T20:49:50,0
b643769a-63f5-40f5-b66c-e2c4139caa60,Play Store,nice,1,2026-07-27T20:49:31,0
928684c8-06eb-4634-aa2d-cadaee161de6,Play Store,best app,5,2026-07-27T20:48:45,0
1de389a0-6aed-450d-9351-eb1f6d2e3218,Play Store,Very Good,5,2026-07-27T20:48:38,0
15faa857-31d6-4ca0-b4dd-c88a8d169909,Play Store,best packing and safe product,5,2026-07-27T20:48:11,0
8170fbab-8e98-45a3-b2fc-e7873a5685b4,Play Store,ok,5,2026-07-27T20:48:07,0
801cb4ba-65eb-4de1-a869-21ddfb56d846,Play Store,simple payment,1,2026-07-27T20:47:28,0
037555fb-4ba0-41f7-8e27-2cac5b6752e3,Play Store,it's best in emergency at our place,5,2026-07-27T20:46:56,0
18ad2018-5f60-4fc9-8610-66a2e28b39ff,Play Store,fast and easy,5,2026-07-27T20:44:54,0
12a218e4-019a-4389-8804-1d4e498b8c47,Play Store,good 👍,5,2026-07-27T20:44:22,0
3d451db2-24dd-4d0f-8893-d6ada6b859d3,Play Store,"I love blink it service, unexpected bahut hi jaldi Mera order delivered Ho gaela",5,2026-07-27T20:43:59,0
42458449-424a-4608-963f-1aa38f2ad708,Play Store,good services nice faster services,5,2026-07-27T20:38:48,0
bb600cc1-8feb-477a-af30-de76d65d99fd,Play Store,great,5,2026-07-27T20:38:29,0
b40ee964-9257-4e9a-b5e4-469cead5037f,Play Store,in first order you get cash on delivery and in second we don't get cash on delivery and the product is 125 it convert into 210. 🤢🤮,1,2026-07-27T20:38:29,0
df7bb49b-7c9b-4020-a4f6-51ce0fd3a250,Play Store,"Only delivery guy was rude, rest was good",5,2026-07-27T20:38:24,0
89ccd11c-c7f7-4bd9-a3ad-feacfc2eb251,Play Store,super,5,2026-07-27T20:38:21,0
992550c9-4d40-4b36-abc3-a53f434960ab,Play Store,very good service,5,2026-07-27T20:38:14,0
81ba072f-df93-40c8-b1dc-270418446fd3,Play Store,2 products order kiye the online payment se 1 product bheja hain in cheaters ne,2,2026-07-27T20:37:49,0
55969603-10f7-424f-9f01-0806427cd765,Play Store,peak,5,2026-07-27T20:37:22,0
8e509b17-3c38-42e9-a5d5-3a87c3a6a489,Play Store,all is good but the help feature isn't that much helpful. I bought an umbrella which came faulty and then when I reported about it I says something went wrong the whole timeee😭😭😭.... curse yuo blinkit,3,2026-07-27T20:36:30,0
6bb7b1fa-ddaa-4903-9ea4-5dc859f4aba6,Play Store,Support for customers and options in it are not satisfactory,2,2026-07-27T20:35:50,0
f26e06c5-b219-4a02-8c5c-0a4eea65ae11,Play Store,good job,3,2026-07-27T20:35:48,0
cfb9095b-76c7-4aa8-90b4-d92dadc844f2,Play Store,cod not available,1,2026-07-27T20:34:44,0
809d335f-992d-4c99-8688-456835bddbc2,Play Store,good 👍,5,2026-07-27T20:34:41,0
620cbbca-f11c-4260-afb4-456dc5adac4a,Play Store,fast time po☺️,4,2026-07-27T20:34:35,0
d6fb1d26-fbeb-4968-abd6-0ef0018406be,Play Store,I love it for fast delivery 👍😊,5,2026-07-27T20:34:03,0
1c9284bf-71dc-4e17-ac21-d513feb331f5,Play Store,takes hidden delivery charges,1,2026-07-27T20:34:00,0
a2ac0fdf-60d6-49bf-900a-ccddbb5143a7,Play Store,nice,5,2026-07-27T20:33:52,0
f93dff80-b423-4cd6-a82e-a4122abc9cec,Play Store,good,1,2026-07-27T20:33:34,0
94fbd0d6-0448-4180-aaa6-66c46a77af5c,Play Store,Make abhi eggs available back again at my location (Bhavnagar) or I'll uninstall blinkit in next 30 days,1,2026-07-27T20:33:33,0
021ed5be-5953-4e3c-a43f-41cb136db304,Play Store,very good,5,2026-07-27T20:33:00,0
a9c6f7cb-23f6-411a-bf89-2fa8fac850de,Play Store,very good service,5,2026-07-27T20:32:55,0
dda305e7-d614-4170-8152-0e314dfd11db,Play Store,the delivery boy is not delivered on my current location he called me 1 km or more than 1 km from my location Ahmednagar is a good location for blink it,1,2026-07-27T20:31:43,0
ad6348bf-7d39-44aa-b458-28ae94353aca,Play Store,good,3,2026-07-27T20:31:32,0
7e666716-6960-4e46-8c76-16c1876cb729,Play Store,The App is so good,5,2026-07-27T20:31:19,0
b95ada62-dc3a-4640-938d-5178523da234,Play Store,"I had ordered eggs worth 311 rupees, I order from blinkit most of the time but today when I had ordered 30 tray eggs the eggs were visiblygone day with bugs and rotten eggs, this is not the first time too as I had once the same this when I order. I had even reached the coaster care AI and it gave me 311 rupees worth of bloody coupons, not even refunding me properly. poor experienceand quality.",1,2026-07-27T20:31:18,0
fb66a6a3-0f43-43af-904c-df68ad5a9f22,Play Store,good,3,2026-07-27T20:31:15,0
8eb90059-59d9-42eb-ba05-30adffbd4f7b,Play Store,very good app fast service,5,2026-07-27T20:29:57,0
b092d1ce-2ffa-4ce0-8b28-ee778ba3bb5f,Play Store,nice service,5,2026-07-27T20:29:30,0
0fff4c6e-2e5f-4469-84f9-89a35c17af27,Play Store,very very slow 😞,1,2026-07-27T20:29:02,0
e7ef0d1d-7005-424e-b903-60db2893f8ca,Play Store,some times it take too much time to open,3,2026-07-27T20:28:58,0
c13caa31-9a8e-45ee-b2fc-5687e5ab497b,Play Store,good,3,2026-07-27T20:27:49,0
adc877d9-570d-4574-a043-6b89f3f99231,Play Store,Time r wron,1,2026-07-27T20:27:28,0
4ea71984-5b2c-4081-9f2d-bbe311ba45bf,Play Store,🤩nice :) 1000000/1000000 good💯,5,2026-07-27T20:27:28,0
12fb2efd-4813-4bbd-832d-5dd3f3658e3b,Play Store,very bad exp,1,2026-07-27T20:27:01,0
6b9b1c05-1121-4626-8350-67d18bed996c,Play Store,amzing,5,2026-07-27T20:26:34,0
7383e3d1-d891-4d3e-b0b3-fae75f72e810,Play Store,3rd class delivery time 😞,1,2026-07-27T20:26:23,0
949d6488-5a8d-4027-b5cd-f8a229c304e8,Play Store,good,5,2026-07-27T20:25:46,0
2404f67e-8b5f-4ed3-9553-facc8ed859df,Play Store,Good service,5,2026-07-27T20:25:36,0
e7175397-1974-4862-85ba-08428740cdcc,Play Store,it's useful but diet Coke is not always available 😕😭🥀 which is my fav ..! -owners daughter..!,4,2026-07-27T20:23:48,0
b0cd82a4-0620-4dc9-bfd6-18f3b5df00a0,Play Store,nice,5,2026-07-27T20:23:10,0
02b8b0e2-e3f7-4211-99e5-049f6f259a5b,Play Store,good,5,2026-07-27T20:22:17,0
0ed3e313-e5fe-44ae-a108-922f77638f30,Play Store,good,5,2026-07-27T20:21:35,0
67bcb970-ca18-4614-b457-c6cf873d62c0,Play Store,good,3,2026-07-27T20:20:49,0
4ce2f173-cb90-40d3-afef-55b33c77c76e,Play Store,let delivery,1,2026-07-27T20:18:51,0
6576e17d-fee2-4dee-8164-58e5a80bc83f,Play Store,"Timely service, reliable always.",5,2026-07-27T20:18:44,0
64203762-c10b-4b44-8be5-3c120777b195,Play Store,Really better than other apps quick services,5,2026-07-27T20:17:48,0
8008b2e2-fee6-4635-a099-ed2f0e5fd849,Play Store,fine,4,2026-07-27T20:17:46,0
701187ac-14c3-4e1f-aa84-b4d7192c2204,Play Store,ok,5,2026-07-27T20:17:42,0
2f921683-0711-4245-b3d6-f2a94561d181,Play Store,nicear...😊☺️,5,2026-07-27T20:17:40,0
7696c2bf-c063-4773-bea6-6e799e1ff776,Play Store,good experience you get a free consultation with doctor when you have to order any medicines I feel thankful for this app .,5,2026-07-27T20:17:06,0
7b346642-87ee-4158-9d14-f7300b741e1a,Play Store,it is a good app for grocies,5,2026-07-27T20:16:40,0
fd11d841-ebca-4658-9f6c-de5959d14fcd,Play Store,good 👍🏻,5,2026-07-27T20:16:37,0
82f4409d-327d-4165-99dc-a103d1cff442,Play Store,fast and clean products fresh vegetables,5,2026-07-27T20:16:18,0
8aa66a7d-23ea-443e-bd09-1cdf5850804a,Play Store,fast service,4,2026-07-27T20:15:26,0
919d9286-c024-4247-8652-d91ca3d7f417,Play Store,always receive torn envelope,1,2026-07-27T20:14:32,0
b552d7e9-83ed-402f-8feb-8be9385bd84e,Play Store,super,4,2026-07-27T20:14:21,0
aa40e8b5-a523-4347-aae3-e5a8fe21358f,Play Store,i ordered something else and they delivered something else support isn't working and it's not getting any refund,1,2026-07-27T20:13:48,0
85a11d84-e8a1-40a6-bcdf-577e9cf8b56f,Play Store,expired milk was delivered,1,2026-07-27T20:13:01,0
53869f93-0044-41a7-a649-ef429b142cdf,Play Store,Good,5,2026-07-27T20:12:14,0
cdfcb19c-5104-4cd5-8a52-fc685f58e3bb,Play Store,delivery comes not but given time but comes late,2,2026-07-27T20:11:44,0
3dc7893f-b826-47f6-84e2-610a68cc44a1,Play Store,_VERY MUCH HELPFUL_,5,2026-07-27T20:10:59,0
f46e693d-aa6c-4620-aec7-5b6aa424ddfb,Play Store,it's good,4,2026-07-27T20:10:27,0
a6b2b5a5-5c62-476a-982f-d8519a39bfab,Play Store,good service,5,2026-07-27T20:10:26,0
e061ca0e-2b31-4082-bc7d-26719ba044af,Play Store,good,5,2026-07-27T20:09:31,0
7158b006-19c0-4e77-a0dd-5a14ed5c6b9a,Play Store,😃 Good so far!,5,2026-07-27T20:08:07,0
6bb46f53-edf3-473c-b767-72ae7132d441,Play Store,good,5,2026-07-27T20:08:06,0
740726c5-c9de-4316-8ce5-e3c9dafa881f,Play Store,good service 👍,5,2026-07-27T20:07:12,0
d70b041b-9308-4178-ab10-1d2c9ec526c7,Play Store,good,4,2026-07-27T20:07:06,0
5e65b358-6db9-4ea3-afb9-0b2155844fd6,Play Store,nice,4,2026-07-27T20:07:04,0
ca461a83-0d3f-45ba-8a7e-03e1b41c84a8,Play Store,People in the next street getting the orders delivered to them. But don't know why the app saying it is unserviceable area.,1,2026-07-27T20:06:36,0
48055da3-c03e-4e3d-895d-ac9df1805dec,Play Store,"I ordered a product on Blinkit on 10th July. Due to an issue with the product, I returned it immediately. They stated I would receive a refund by 15th July. The status shows 'refund processed,' but I haven't received it yet. Contacting customer support has not provided any proper help. Can I get some clarity on this, or is this a fraudulent app?""",1,2026-07-27T20:06:30,0
626d93b9-133f-42a5-90e5-0aec312760a6,Play Store,bkl se refund toh dia nahi jata faltu ki itni badi company leke bethe hai,1,2026-07-27T20:06:20,0
818cad8f-2a83-4928-a6cd-04fa25ff0303,Play Store,nice app,5,2026-07-27T20:06:11,0
cb5d1732-88f4-42d1-85ad-1fe90260e1d4,Play Store,👍🏻,5,2026-07-27T20:04:40,0
1019e041-eb8f-470e-aa47-240eaf9f908d,Play Store,😎,5,2026-07-27T20:04:13,0
0489b10d-5b7e-4ff9-8003-cb6a7fbf8fa8,Play Store,very gorgeous 🥰🥰,5,2026-07-27T20:02:32,0
fcdaf5c3-b61a-497a-800d-59f403a91147,Play Store,gud,5,2026-07-27T20:02:32,0
fd158856-5bb6-4087-987f-6f5f6ca09f4b,Play Store,Outstanding,5,2026-07-27T20:02:00,0
b4e1a8c9-8871-4af4-b33b-9de3e780cbf2,Play Store,Everything is good here fast delivery benefits thru coupon,5,2026-07-27T20:01:43,0
1f5fec11-0659-4b8e-b401-9ee73bf8e0d2,Play Store,services are good and product also,5,2026-07-27T20:01:07,0
a0aee9ad-e8c6-4c1f-8c1b-1a2bf220daf4,Play Store,best,5,2026-07-27T20:00:15,0
5c2b463e-efd9-47d9-a9f8-0c24a8b5e8af,Play Store,good service 👍,5,2026-07-27T19:59:03,0
966daf70-ccb8-4cc7-8e99-ce910a8ccfb4,Play Store,Great!!,4,2026-07-27T19:58:11,0
ea313e71-bc8f-4068-aefc-66ffff5bc9c3,Play Store,Nice App,5,2026-07-27T19:57:58,0
159af9bc-8360-40ab-9ee5-6245c9dcc6f4,Play Store,nice,1,2026-07-27T19:57:34,0
a57c75d4-44a7-439e-adb6-77edc9472540,Play Store,best app,5,2026-07-27T19:57:27,0
50531354-217c-417a-85c7-1d83dcb48d27,Play Store,1st time order,5,2026-07-27T19:57:05,0
2f4d1a0d-3b69-409c-8226-8d5cff8f2f69,Play Store,Blinkt is a Great app,5,2026-07-27T19:56:44,0
f1237505-11ec-4434-907e-975db35d57ae,Play Store,thank you for the service,4,2026-07-27T19:55:38,0
a81ff627-9393-4e53-a84b-5e80ed9e8979,Play Store,good,5,2026-07-27T19:53:23,0
42c7ba68-a2e4-4dda-9fa5-7d9f2a24a77b,Play Store,good service and best product,5,2026-07-27T19:53:05,0
65e44070-9cd6-4846-a5f8-a32adecf9619,Play Store,"I love this app so much because of fast delevery and lowest price and free delivery. it is available on west bengal, malda also in malda there are smooth delevery and the employee are very kind",5,2026-07-27T19:52:00,0
2fdc5dae-3392-47bb-84cb-625de6932400,Play Store,vegetable bahut costly hai,1,2026-07-27T19:51:35,0
87e782e8-3bb0-4631-874f-c9abf6f242b6,Play Store,Very Fast❤️,5,2026-07-27T19:51:08,0
b855c73c-be54-4ebb-a368-530df5ee5787,Play Store,not using proper bages for order such a bad experience,1,2026-07-27T19:50:54,0
da4b03cc-f583-461e-8243-7a6e7f443009,Play Store,amazing App,5,2026-07-27T19:50:01,0
00eb28b5-c72f-4ac7-91f9-37ef4fd418bd,Play Store,ok,3,2026-07-27T19:49:58,0
1dca002b-316e-40bd-9227-1e7e4738eb80,Play Store,I ll see after receiving order i heart about it it is awesome,4,2026-07-27T19:49:57,0
e7db8f02-43a4-4d29-9d4c-afa9f327ce4c,Play Store,Delivery charge is too high.Purchase 6 Banana rate is 38 but delivery charge is 55..,1,2026-07-27T19:48:51,0
d0497bb7-508f-45f1-82e7-1db2a71951fd,Play Store,nice,5,2026-07-27T19:48:41,0
f7a98327-a972-41f0-b113-2e0299f71e40,Play Store,good,5,2026-07-27T19:48:04,0
f63c06c2-2991-4aec-9f41-8d0985519a19,Play Store,"ordered chicken and it came rotten and was smelling very bad, i had to throw it away. when i complained they refused to provide me any refund. i will never use blinkit in my life.",1,2026-07-27T19:48:00,0
51a2ecdf-e95d-420d-95ba-12d67b44ab6f,Play Store,very good app,5,2026-07-27T19:47:37,0
804995e8-94e9-4727-90f2-b1dd20c20cae,Play Store,good,3,2026-07-27T19:47:01,0
f18a8932-638c-462c-af08-b573e1838f97,Play Store,faltu ki fee le lete hai or order dekhte hai to use order kar dete hai,1,2026-07-27T19:46:38,0
d5121e59-eef4-4f04-80fe-5fe06a2327c9,Play Store,good,5,2026-07-27T19:46:33,0
17a01a80-fdbc-4e12-9061-8e02ca406c1b,Play Store,plz fast deliver kijiye,4,2026-07-27T19:46:24,0
db33d58f-4886-4885-9670-7acc2c96f232,Play Store,good 😊,5,2026-07-27T19:46:03,0
b8ad9e51-6692-40ee-924a-61b1f727a560,Play Store,need delivery times at 24 hours and also fresh quality always,4,2026-07-27T19:45:55,0
182a42c3-175e-4f89-993c-b950a79f4efc,Play Store,good,4,2026-07-27T19:45:29,0
d9d78c0d-f3fa-4502-9b01-38cbbf1c0229,Play Store,good,5,2026-07-27T19:43:49,0
d53bf478-27b5-4136-a86d-eacd5a02ba6d,Play Store,super,5,2026-07-27T19:43:38,0
1aa7b91a-f807-4a7b-869d-bb407cfa3b04,Play Store,nice experience,5,2026-07-27T19:42:33,0
1da2c09d-11b4-4953-ac8c-5cec96c7d3e2,Play Store,very bad 😞,1,2026-07-27T19:42:00,0
731c97f3-f180-44de-afbe-1baf92650a9b,Play Store,super,5,2026-07-27T19:40:06,0
8f0a5383-5b95-4581-b59e-3a60c24d14e5,Play Store,Good service 👍🏻,5,2026-07-27T19:39:45,0
c6f2cbc5-9281-48c0-8124-fc7309f80ad8,Play Store,it's a good app,5,2026-07-27T19:39:37,0
2b4ce2e9-a7da-4bac-8061-207b2c4e1af7,Play Store,nice,5,2026-07-27T19:38:23,0
d455d722-408e-4bc0-996f-d2a7f0b2b883,Play Store,good service 💯,5,2026-07-27T19:37:17,0
4ca3a94e-bd42-41b6-8ec3-79eb8fc03c56,Play Store,Niceee app,5,2026-07-27T19:36:01,0
986c63d6-dc0c-4ec0-bc24-36aa2f13cd00,Play Store,It is good. 👍,5,2026-07-27T19:35:59,0
f3babe2f-025d-43bb-ad3d-0924a7efaa5e,Play Store,need to update some locations for delivery,4,2026-07-27T19:35:56,0
438c7973-53ce-46d0-9b2f-63658dd5b96c,Play Store,👌 best,5,2026-07-27T19:35:34,0
ef0f9c36-3adc-4211-ba67-672f21371811,Play Store,good flate form,5,2026-07-27T19:35:05,0
101aca4f-c574-422a-b57d-60fcc15a77d7,Play Store,good,5,2026-07-27T19:34:21,0
02e6a1a1-ba35-40ea-ba9d-b9674a5c3a96,Play Store,It's good but I didn't like that cash on delivery isn't available for first orders below 99,4,2026-07-27T19:33:14,0
a53d17e7-0bfb-4cf3-b359-cfa72c8a6b6a,Play Store,useful in urgency,5,2026-07-27T19:31:43,0
ea8876cc-995a-4e27-9ebd-1c638bdd5206,Play Store,good,5,2026-07-27T19:31:42,0
7b357d9c-05e2-46d3-a8aa-34f6fc64e52d,Play Store,I love this app,5,2026-07-27T19:30:43,0
68162581-ecad-436f-8b49-5d9b0c458a0b,Play Store,does it's work well🙂‍↕️,5,2026-07-27T19:30:01,0
3517e6d8-81bd-46d9-9979-de286198f60d,Play Store,good time delivery,4,2026-07-27T19:29:50,0
7e7ea1a0-468a-4ed4-b618-e00c1499cbf6,Play Store,awesome,5,2026-07-27T19:29:25,0
38e7fb44-0a74-44d6-a327-5e469e6b30d3,Play Store,best ordering app,4,2026-07-27T19:27:51,0
7af2eca9-a89c-430d-8a95-0ad1c563356a,Play Store,excellent,5,2026-07-27T19:27:31,0
c9e813df-56e6-4499-88fd-132dd583bde0,Play Store,good,5,2026-07-27T19:27:16,0
598fca51-fa65-4b2a-b04e-2407e641644a,Play Store,shut down 👎😡,1,2026-07-27T19:27:16,0
7359b7b7-9f27-4663-9671-a7f47e7dca70,Play Store,best,3,2026-07-27T19:26:10,0
a26d73f2-9ddb-42c2-889a-b7f1c56b7d26,Play Store,"Everything was excellent. The delivery was fast, the items were fresh and well-packed, and the overall service was outstanding. I had a great experience. Keep up the good work!✨😊",5,2026-07-27T19:24:51,0
8d157cd2-025b-47d9-ba1b-6f809689cc59,Play Store,very best app for shopping,5,2026-07-27T19:24:41,0
c6f17dc1-ffbb-44a2-89df-bf8d0b398cc3,Play Store,very good 😊,5,2026-07-27T19:24:32,0
40d0c19a-aad9-4068-9c87-6d1757991dc9,Play Store,all over best service but not all products available,5,2026-07-27T19:24:26,0
c9b64e33-6667-4381-9410-8070f4df044c,Play Store,nice,4,2026-07-27T19:22:42,0
58b3db50-1c83-451f-983c-2a5c57356af9,Play Store,I love blinkit service.Always on time and quality products.,5,2026-07-27T19:22:38,0
68435915-b867-4ea9-af7a-465866e1d39f,Play Store,very nice delivery,5,2026-07-27T19:22:29,0
6df8d9de-df36-450a-abcf-57f5f6dc516b,Play Store,some time I got delivery one hours later,1,2026-07-27T19:21:52,0
fa8803c6-d195-40dc-8057-6068f527e63a,Play Store,great 👍,5,2026-07-27T19:21:43,0
4e580767-3294-437e-8d29-5eded1567775,Play Store,giving five star because you deserve this blinkit .,5,2026-07-27T19:21:38,0
00090d3c-d067-42ef-a921-6b456025b796,Play Store,good,5,2026-07-27T19:21:19,0
4388981a-d77f-4eb1-90a6-8f379a7584c5,Play Store,Nice,5,2026-07-27T19:21:08,0
7736a7c2-a19c-455d-a7d4-da988feae13b,Play Store,"Ok after shipping is available in my area this is the best app ive ever come to, all products are available and they deliver order easily too by far the best grocery app experience for me💯 before bb was hassle for me blinkit seems daily option for me now grateful for it",5,2026-07-27T19:20:38,0
c26d6cab-4135-49fc-9f2c-942b5aed06d2,Play Store,Bad Experience Item Received Broken,1,2026-07-27T19:19:49,0
16eecc0d-b148-4358-a8e9-e6c0a381deb8,Play Store,good⚔️,5,2026-07-27T19:18:40,0
8e86afea-6782-4b14-a693-f1105374657d,Play Store,very helpful app 👍🏻,4,2026-07-27T19:18:11,0
22fa16c5-4d2d-4e33-aef5-292be125232e,Play Store,awful,1,2026-07-27T19:17:50,0
e9d31000-0a0b-4011-9c17-2b0ff4091d66,Play Store,"Cheap management, i had never received any refunds",1,2026-07-27T19:17:45,0
e1ae68a8-a76b-4ef2-b724-2923e713790d,Play Store,good,5,2026-07-27T19:17:09,0
f37edee3-48a9-446a-a8ff-f03c537f5693,Play Store,good,4,2026-07-27T19:16:41,0
b8ed1b2e-a15d-4e9b-8d09-8d1e1716dbd6,Play Store,very quick and things are properly packed.,5,2026-07-27T19:16:30,0
672383a4-d080-408b-977c-a6ebd51409b8,Play Store,good app,5,2026-07-27T19:16:23,0
c3432909-ca7b-44f1-b402-a8d65e5b6510,Play Store,good,5,2026-07-27T19:15:48,0
52d711cd-7f50-41aa-95e5-7514ef56fdf3,Play Store,best,5,2026-07-27T19:15:46,0
eb2d73ff-162e-447a-bb33-fd6aa357d852,Play Store,time consuming,1,2026-07-27T19:15:41,0
090e8cc4-2599-4933-9d7a-8156eb8d3c3d,Play Store,if return option will available in blinkit so .......,5,2026-07-27T19:15:14,0
255c7c26-634a-43e3-a12d-60163febee7e,Play Store,great service,5,2026-07-27T19:15:00,0
ae81af18-e1e2-4df6-b246-9df89c7bb36d,Play Store,Very Fast Online Delivery platform. I like it so much.,5,2026-07-27T19:14:55,0
db94e688-7b23-49a6-a1dd-a0d6d1fdee53,Play Store,❤️❤️❤️,5,2026-07-27T19:14:23,0
dac01ddd-6b44-4527-8257-e375056700d8,Play Store,good,5,2026-07-27T19:13:56,0
eee74552-1e68-49a4-825d-e5287dcd0618,Play Store,bad items,1,2026-07-27T19:13:52,0
8e0c36ce-0546-431d-a565-5490ee007b4a,Play Store,very well,2,2026-07-27T19:12:25,0
e2948daf-8aa8-470a-bea8-4bade87ce876,Play Store,nice app,5,2026-07-27T19:11:48,0
e24faba5-06d4-417c-91e9-23e556edcd29,Play Store,not good sucks,1,2026-07-27T19:11:33,0
25598030-f95a-4f3d-aad8-b38cc15f9a41,Play Store,very good and very nice i like this app,5,2026-07-27T19:11:32,0
b7e649e1-e034-4e72-aa4d-e93a0c588000,Play Store,good 👍🏻,5,2026-07-27T19:11:18,0
0d5f5968-0841-4bbd-8bd6-2f2a8b01c38c,Play Store,5 star star,5,2026-07-27T19:10:25,0
51f4bbc3-d25d-4758-be3f-b0e70d32a147,Play Store,"Terrible service, cannot connect to delivery partner when needed",1,2026-07-27T19:10:21,0
38f6eadb-3e9c-49e3-bd98-40433751f0bf,Play Store,very nice app,5,2026-07-27T19:10:11,0
73d6dd55-ba57-46a7-a859-18af0e46421d,Play Store,nice,4,2026-07-27T19:09:57,0
f80af151-64f4-41d6-a6db-aebe24ad842f,Play Store,"I ordered a c type cable by mistake , tried to return it but there is no policy to return and replace it.",1,2026-07-27T19:09:51,0
befc7ff7-aef8-4784-a70e-6ee5786ad748,Play Store,good,5,2026-07-27T19:09:20,0
e19b0001-2e82-4ecd-beff-c220860cf615,Play Store,good,5,2026-07-27T19:08:43,0
1a8004fb-2d3f-4390-9715-3ee262facde5,Play Store,they are just taking benefit,1,2026-07-27T19:08:32,0
d9d86af9-fb75-4aef-8dba-3a1c19f1174a,Play Store,Please enable the code option in my blinkit app.,4,2026-07-27T19:08:23,0
cef96907-addd-406b-8c0a-2bd81f9df169,Play Store,touch handling fees,5,2026-07-27T19:07:53,0
56030f7b-ca89-4f8f-a1dc-fdbcbf710f79,Play Store,first time of order,5,2026-07-27T19:05:45,0
540821c8-0f9c-4023-b4ef-8b3b32d89f41,Play Store,good service,3,2026-07-27T19:05:38,0
f5f4ec22-7cc9-46c9-8045-4459ddc23769,Play Store,great,5,2026-07-27T19:05:01,0
ace982de-8c29-433f-89cb-1e688ded231a,Play Store,I love blinkit,5,2026-07-27T19:04:33,0
e11cab66-b759-4855-9b86-1f28bb1597ae,Play Store,they are taking more time its not about time its about patient a patient is suffering from deadly headache,3,2026-07-27T19:04:19,0
e355aaf7-6204-4f13-88f6-a9aaf962ca48,Play Store,egge were available in item cart but now its not. this is one of the drawback. l low price compared to other platforms. fast service. I hope you will continue with the same efforts.,5,2026-07-27T19:03:37,1
cf5064ec-d31e-4530-8c6a-e114724d9b0e,Play Store,Fast & Easy,5,2026-07-27T19:03:29,0
ad77db2b-f339-4140-b8b3-0b73549b8be5,Play Store,good service,5,2026-07-27T19:03:04,0
b45857cb-5181-4ede-8e0a-9aea7c2ede19,Play Store,"pretty good app for emergency supplies and cravings, but i gotta pay a lot for delivery charges sometimes like maybe even a 100 rupees if it's raining but otherwise, it has good service. I've faced no difficulties till date, almost been a year now. App layout is good and easy to understand, no complications at all. I'd just suggest a little something - pls don't make the delivery partners deliver under 10 mins, they rush a lot for delivering that way and I've seen a few getting into accidents.",4,2026-07-27T19:03:03,0
d4cd8db9-36a7-45ec-9a26-ace95a6d16c5,Play Store,Need this company all over India,5,2026-07-27T19:02:31,0
2cea5217-fb33-44e5-a844-a2648151b783,Play Store,ok,3,2026-07-27T19:02:11,0
b9294ee1-b4ec-4b1d-a0f4-5d590851f73f,Play Store,good,1,2026-07-27T19:01:47,0
8d42ad67-0201-41dd-8f14-a3fec284201a,Play Store,Excellent.,5,2026-07-27T18:59:57,0
541929cc-8ccd-416d-a265-0afcbe4b890a,Play Store,bahut khush hai thqnq,5,2026-07-27T18:59:49,0
d95c793f-2472-4777-8d76-c24cdb8bd7a7,Play Store,fast delivery,4,2026-07-27T18:58:52,0
95f996c9-a6d3-4cea-8ff0-5a6127dc8e11,Play Store,"i ordered a Steamer, I got That product but it was in no working condition, Customer Support is completely Bad Service, please don't do electrical products, Worst Service",1,2026-07-27T18:58:43,0
fbc0f7aa-a5b0-485f-b8f3-21d5192e82a9,Play Store,very nice app,5,2026-07-27T18:58:02,0
7da13a0f-9d4a-402c-9095-009fec5bf604,Play Store,charge too much extra,1,2026-07-27T18:57:52,0
c55582a8-be65-4e27-8fbe-80384b34eb8a,Play Store,very good 👍,5,2026-07-27T18:57:24,0
7a87a673-a87f-4776-9e37-a39c94b7b9c7,Play Store,good,5,2026-07-27T18:57:08,0
8b855e0b-d362-48db-b58c-834d2adce73b,Play Store,very good,5,2026-07-27T18:56:35,0
8daa319a-4bc6-450e-b0be-9cf1a45c9409,Play Store,very useful and easy to use,5,2026-07-27T18:56:01,0
f94e4ea7-e40b-4788-8da3-4297b24a0281,Play Store,best service,5,2026-07-27T18:55:55,0
2268a24c-08c2-4575-a174-a5d6ae154169,Play Store,very good service,5,2026-07-27T18:55:09,0
14c711cc-ccbc-4514-a996-8be628e31933,Play Store,good service,5,2026-07-27T18:54:22,0
a55526f3-1b1e-44ac-b526-124976a3eeb0,Play Store,good for services,5,2026-07-27T18:54:13,0
1277b343-e677-4c73-8a80-8eaed708ed02,Play Store,Good to choose everything,5,2026-07-27T18:53:56,0
c5313ef3-916c-40e5-9d98-fba63a9091c9,Play Store,very good,5,2026-07-27T18:51:54,0
c42e15d2-dbc7-42ed-8773-ff537339e255,Play Store,good 👍,5,2026-07-27T18:51:42,0
f9629b35-adef-44b9-a78d-da4fcd18dcdf,Play Store,best hai broooo... mtlb hai yee gajab,5,2026-07-27T18:51:14,0
b3db628d-7327-46d6-9d0d-19634a847c0b,Play Store,very good service,5,2026-07-27T18:50:31,0
0ff700ea-0422-46c3-af22-f8d27c6923ab,Play Store,"some items are not sold, but costomer care service is very well.",4,2026-07-27T18:49:35,0
2f39f7ed-5187-4e20-9053-4b37ed53d1e8,Play Store,best last minute app best option for the all the product everything in everywhere and on 24 hour provide the service,5,2026-07-27T18:48:53,0
2e02431b-a695-449a-a36c-05e10779253c,Play Store,good ap .....ok,5,2026-07-27T18:48:28,0
04b0a676-f6a5-4409-9f1d-aa02aa1723d3,Play Store,tqqq blinkit,5,2026-07-27T18:48:19,0
3d5fe19b-951a-4385-a939-151dc10c2459,Play Store,it was a very useful app,5,2026-07-27T18:47:47,0
41d3288b-2659-4707-b9fe-0c83d7148aa5,Play Store,this app is good but if you unfortunately order anything you can't cancel it or you forget to add some items to list it only gives 5sec time personally I'll not suggest it to anyone 👎,1,2026-07-27T18:47:14,0
44ca10a2-083d-4d58-8cf1-34f1f228cfb8,Play Store,"One of the worst application, I have used. I have order things but chose wrong city and address. They are not even option to cancel the order.",1,2026-07-27T18:46:19,0
32c5ea5e-b158-45d4-9ee3-b33ef67dd4d4,Play Store,excellent,5,2026-07-27T18:45:09,0
8b2d3db9-7e53-48de-8bbe-84ffc4dafe88,Play Store,excellent app👍,5,2026-07-27T18:44:38,0
a8f49030-fb78-4974-b23c-235779cfd4ee,Play Store,it is very useful app no words to explain,5,2026-07-27T18:43:43,0
ad1466eb-9ae4-4683-966f-d53a554de0c0,Play Store,good,5,2026-07-27T18:42:41,0
ea173191-63e3-440a-a80d-81d0084b213b,Play Store,"incredible,nice ,best work",5,2026-07-27T18:42:00,0
16102652-37e5-42dc-8487-4fbdd020c2a9,Play Store,This App is awesome 😎..I love blinkit..,5,2026-07-27T18:41:54,0
c673687f-975b-4ef2-8c4f-48fadb148678,Play Store,bekar,5,2026-07-27T18:41:50,0
44d6546e-851d-4539-9870-56b38058afa0,Play Store,payment refund process is not good,1,2026-07-27T18:41:31,0
44361389-0bcc-4672-9ba1-1140fd0c4cea,Play Store,good service,5,2026-07-27T18:41:31,0
711c67ad-67cd-49f1-ac65-d60c31ab1d36,Play Store,good,5,2026-07-27T18:41:01,0
239462dd-41d8-483b-921a-4ace458445f1,Play Store,good,5,2026-07-27T18:40:42,0
33637024-e0a0-483d-801a-5975f9b18e1e,Play Store,good,5,2026-07-27T18:39:06,0
df9e6c37-540b-4c96-89d9-0427e7775c80,Play Store,it's best for saving time but sometimes by it tge delivery boy forgot to take some item,3,2026-07-27T18:39:01,0
564886c1-771e-45b4-9542-4dd45a1a84e9,Play Store,Doesn't give refund money,1,2026-07-27T18:38:32,0
b2e506c6-1803-403d-9b2a-e18ea0ba5e74,Play Store,kya baat hai,5,2026-07-27T18:38:10,0
0e7bcade-d879-4282-bb41-b7a9c65379c3,Play Store,very good,5,2026-07-27T18:38:01,0
21a88e78-d9ab-4090-9b57-9dd943371449,Play Store,super,4,2026-07-27T18:37:19,0
6865b602-110d-4617-aa80-dd6627946031,Play Store,nice,5,2026-07-27T18:36:35,0
08d50270-9c5d-4a7d-8359-8c996bd15088,Play Store,Service is good but sometimes the delivery partner refuses to deliver at the doorstep. please see to it,4,2026-07-27T18:35:41,0
f1db834d-cf02-4d21-9b79-f73f93ac4a7b,Play Store,bhot accha app hain 😉 thanks blinkit 😄,5,2026-07-27T18:35:34,0
cf540457-5021-48b9-aa79-9de00a99f758,Play Store,good,5,2026-07-27T18:35:15,0
639e753f-47ab-4907-ad2c-1f6075fceca0,Play Store,achcha hai,5,2026-07-27T18:35:15,0
1da52a46-92de-49b9-b4e6-9797f5bd3ecd,Play Store,best,5,2026-07-27T18:35:15,0
f242cbe2-cf0a-473d-96fa-e26763b210c9,Play Store,good,5,2026-07-27T18:35:00,0
3d8c1f4e-f36a-432a-97f7-20f5818f32d5,Play Store,good,5,2026-07-27T18:34:40,0
ce5ae6b0-1e9e-487d-92af-fef905347c37,Play Store,"You are fast and good, the people working on it are also very good, this is the best and fast app.🤍🫶🏻",5,2026-07-27T18:32:26,0
dac2d21f-daa1-462b-9e85-707f0f729e94,Play Store,I had a very pathetic experience twice as I ordered a product for a specific brand but they sent me a wrong product and its low quality one after complaining they replaced it but again sending same product and after that they refused to replace or return. its happend with me multiple times so I am giving the 1 rating there is no zero or minus rating I might have been given.,1,2026-07-27T18:32:24,0
7198946a-363b-4985-90e8-7ce4ddae25b7,Play Store,good,5,2026-07-27T18:31:16,0
f49b3683-7600-4106-8228-4e613585cf8e,Play Store,Good,5,2026-07-27T18:31:12,0
be760b09-bc19-4131-800f-559603c92204,Play Store,Nice app,5,2026-07-27T18:29:23,0
124054dd-5bc8-4ccc-bf84-c4e3f30406ad,Play Store,Amount of products are so high 😮‍💨,2,2026-07-27T18:28:22,0
71dbfa9f-acc9-4e28-8178-9778d39a0741,Play Store,payment option,1,2026-07-27T18:27:51,0
b8530ce6-ca0c-4dd3-8a30-aff9090fd68a,Play Store,"if your order is delivered damaged or torn then this app does not provide any help and there product is covered with dirt , I think there inventory is not properly managed. Bad experience with blinkit .",1,2026-07-27T18:25:16,0
b7c0946b-21d2-4cb9-acff-461c2ac6e6b6,Play Store,good service but delivery charge threshold should be at 100 rs not 130.,4,2026-07-27T18:24:15,0
56119553-de10-451e-9f94-9cc1a2861038,Play Store,nice🤩,4,2026-07-27T18:24:02,0
1b523256-d42a-4828-af88-bff7cec84171,Play Store,Nice,4,2026-07-27T18:21:58,0
c01ca2ad-9809-4e4b-b045-daa7d61ecc3b,Play Store,owesome,5,2026-07-27T18:21:53,0
121a7392-bfcc-4771-85c0-5703361929a3,Play Store,nice dilevery,5,2026-07-27T18:21:28,0
6a65edb9-c4a1-4f94-ac32-a2b938826fa5,Play Store,good,5,2026-07-27T18:21:20,0
a1329815-06e6-4910-8a94-27b0c9c17865,Play Store,very good,5,2026-07-27T18:21:03,0
840473ff-df91-4c47-9fec-9d9fb22bbd02,Play Store,good 👍,2,2026-07-27T18:19:54,0
fe612f0e-61de-4043-8f34-a58ca04dc7cd,Play Store,bestest,5,2026-07-27T18:18:41,0
99782512-83fd-468f-a7ab-eb328721686d,Play Store,good,4,2026-07-27T18:16:42,0
573aa50f-b5d1-49dd-89f8-0e959b76231a,Play Store,thankyou blinkit ❤️,5,2026-07-27T18:16:32,0
5cf5b428-aa4d-4e25-bd51-71f03fdfd9ac,Play Store,👍👍👍👍,5,2026-07-27T18:15:48,0
902087b2-599f-4c46-af28-e3a8e7ff3f1a,Play Store,Exceptional!!,5,2026-07-27T18:14:24,0
8b03f586-60fc-4201-a37a-6825d7269aa9,Play Store,they are always polite with you even when there is a mistake from your side,4,2026-07-27T18:13:49,0
daec33fb-2fbf-49e4-9f70-1878084dfbaf,Play Store,really loved the app,5,2026-07-27T18:13:26,0
fda967de-b6f9-4a0d-a2f4-dbb680f5923c,Play Store,your product & Service is very well & Home Delivery is such good idea to us & we taken easily carry & bought,5,2026-07-27T18:11:43,0
e697ee18-442f-4b1b-adca-7258703cda71,Play Store,Amazing service! Got my groceries on time. Everything was properly packed. Blinkit makes last-minute shopping so easy and delivary partners are also very cooperative.,5,2026-07-27T18:10:58,0
ef66f72b-0016-4a4a-b88d-071cc3b12442,Play Store,harrasment,1,2026-07-27T18:10:42,0
4151bd43-ddd7-42d7-a5a3-b533dfc3666e,Play Store,I am very happy with the app but i would be more happy if it was delivered in the deolali camp as well.,4,2026-07-27T18:10:34,0
3e041b94-2240-4509-af5d-06fedafb9945,Play Store,Good,2,2026-07-27T18:09:33,0
7ec58bd5-2fdc-4c34-8fe8-3c3acbea222a,Play Store,best 10 minutes app,5,2026-07-27T18:08:44,0
ed9dd385-421f-4d43-8e66-654ba76939b4,Play Store,this app is amazing 😍 i am very happy by using this app 💝,5,2026-07-27T18:08:33,0
9e279c73-e135-489a-8125-2996645f2002,Play Store,very slow and poor service so late my first order and not good product and drinks are very bad quality,1,2026-07-27T18:07:32,0
7b04e164-b8d6-41fb-b808-fc1f1eeefb32,Play Store,good,5,2026-07-27T18:05:09,0
1df2fa47-bf12-47be-9ab8-dfb52789d32c,Play Store,nice,5,2026-07-27T18:05:07,0
6b566e1f-584b-4ab0-a19d-f0a54bbe5fd7,Play Store,before it used to be a 10min to 15min delivery. and now Zomato food delivery arrives faster than blinkit itself. how?,3,2026-07-27T18:04:23,0
afb616cf-eec1-41b8-814b-dc49b8080268,Play Store,nice,5,2026-07-27T18:04:20,0
9d38f90b-d14c-4c95-a7c1-cd3d14eaa112,Play Store,ok,5,2026-07-27T18:02:33,0
e3427647-a980-464f-bb27-0915041d5ca9,Play Store,this is amazing 🤩 and fresh food provide 👍🏻,5,2026-07-27T18:02:21,0
d8d62372-f41f-4dd2-9c7b-cf3f11a26bfc,Play Store,cancel karne ka b option thoda easy hi rakhe plz,1,2026-07-27T18:02:00,0
ee1fadcd-4ce9-49bd-932a-8155e61ef524,Play Store,fast delivery 🤗🥰🥰,5,2026-07-27T18:01:56,0
672f0163-df72-400b-909c-066252f0e9cb,Play Store,good,4,2026-07-27T18:00:51,0
ca226d06-1570-4adc-be23-5b8bf92663dd,Play Store,excellent workk,5,2026-07-27T18:00:48,0
b800b6d4-f19d-40d1-b7a3-e853ce0415cf,Play Store,Good service,5,2026-07-27T18:00:40,0
5f16662d-9efc-47a0-9a53-85894057e369,Play Store,excellent,5,2026-07-27T18:00:01,0
f2e3cd97-45dc-4867-b107-8a0a5754e97c,Play Store,good,5,2026-07-27T17:58:56,0
b5d9f59f-1b35-4378-858c-843329d82d71,Play Store,order black tresseme and recieved white old conditioner bottle,1,2026-07-27T17:57:53,0
106aea8c-3152-4c9a-90dc-775e4c6681b6,Play Store,good,5,2026-07-27T17:57:25,0
6356e676-9b36-45d1-9749-de1d252ede10,Play Store,super,5,2026-07-27T17:57:14,0
c445786b-b0cf-4fc8-8a5a-5e4a3265a74e,Play Store,cheap packaging lika a fool not a scenes for material packing,1,2026-07-27T17:54:51,0
927cd683-513e-4ed9-859c-133384acdd7c,Play Store,speedy delivery for customers,5,2026-07-27T17:54:26,0
f5b3adde-d0a9-4994-b79f-10fe57707ec8,Play Store,nice,5,2026-07-27T17:51:39,0
5f981ec0-bca7-450d-936d-04d7791e72aa,Play Store,😊,5,2026-07-27T17:51:08,0
f6789941-b004-45f7-99d7-658e5dea1afb,Play Store,try to extend the delivery places via penamaluru,3,2026-07-27T17:50:30,0
666dd97b-6166-4afe-be21-65860549ad1d,Play Store,call back,5,2026-07-27T17:48:58,0
788c3164-b4fe-4cf6-bd46-3b2dccd0ac68,Play Store,this helps is helpful,5,2026-07-27T17:47:07,0
dcc24d4d-6c3d-471e-8be0-a000db4b1bbb,Play Store,good delivery app,5,2026-07-27T17:46:33,0
79939abe-4188-4da0-a66a-5759a59ef9f7,Play Store,good excellent 👍🏻👍🏻,5,2026-07-27T17:46:25,0
f628e783-cf9b-4976-8fcd-80554cbfe3bc,Play Store,👍,5,2026-07-27T17:46:19,0
a758c741-1543-4142-af2c-b8817cb20258,Play Store,nice app 😊 hai,5,2026-07-27T17:46:06,0
1cbcba72-5af1-41e7-b10f-e4915e3aa02f,Play Store,good 😊,5,2026-07-27T17:45:32,0
8560847a-42ae-4a8c-8602-1c1ecf374f30,Play Store,मैने 4 चीनी ऑर्डर किया रेट 228+29 k namak total amount 250 offer 50 cut bacha 205 final price payment pura liya but 1 chini kam diya aur bola gaya out of stock hai paisa wallet me wapas aa jayega magar fraude kiya paisa nahi diya chor hai blinkit,1,2026-07-27T17:45:10,0
6ec4c805-4b94-40ff-9faa-c44ee773e037,Play Store,❤️,5,2026-07-27T17:44:54,0
0de4bc2f-1299-4530-9492-8124b942bc19,Play Store,very excellent,5,2026-07-27T17:44:00,0
4b8e367b-f22e-48d1-a7ce-487725654326,Play Store,best app,5,2026-07-27T17:43:41,0
4b96c427-87fd-413f-b09d-4668cd64cfac,Play Store,thank you,5,2026-07-27T17:43:19,0
e35ffed7-3253-4f99-adf2-22df1e3e7ab4,Play Store,nice app,5,2026-07-27T17:42:52,0
25f8b4cd-d196-4d76-a278-3675e2c1ba14,Play Store,good,5,2026-07-27T17:42:41,0
ac4bf19e-e3ab-4d74-9645-1a480135c3b7,Play Store,nice 👍,4,2026-07-27T17:41:44,0
944f2016-b6f1-4bed-9f88-dd407c320e31,Play Store,पानी गिर रहा है आप का बैग खराब हो चुका था पूरा समान पानी में भीगा मिला खराब सर्विस,1,2026-07-27T17:40:55,0
2061a2a6-bc4e-4e7a-b2e8-ee93524f569c,Play Store,"A great app, so convent and easy to use",5,2026-07-27T17:40:04,0
63ddc45c-ff84-41cf-a1be-a9ae6327b262,Play Store,I never expected for small amount they will play game.I placed the order andDhaniya was not there of Rs 38/- What a pity Even I called up customer service No response as usual busy.,1,2026-07-27T17:38:54,0
600f2bb4-1e01-4bae-8f85-54bcf726f095,Play Store,it's a good app,1,2026-07-27T17:37:46,0
48411ffa-09b2-4c71-9dd9-3d5a747ae5c4,Play Store,excellent,5,2026-07-27T17:37:15,0
ebca5ffa-c8a0-4af3-8fcb-dc325e94755e,Play Store,return policy is horrible. I am fed up with this return and refund policies.,1,2026-07-27T17:37:08,0
c0ffb864-3d4a-4bd0-bf11-00873feb5c64,Play Store,Thanks blinkit ambulance service I like your service and behaviour,5,2026-07-27T17:36:57,0
2a0a423b-1303-478c-88ad-2ca7c2520287,Play Store,good,3,2026-07-27T17:36:26,0
109a6925-1373-4030-8436-ff39caa71517,Play Store,thank u billing ki tum bahut ganda service dete Ho offer bhi nahin dete Tum,5,2026-07-27T17:29:33,0
d095c799-0909-478c-878a-942447ed48d8,Play Store,👍,5,2026-07-27T17:28:11,0
858a08d5-c972-477b-b0d3-1c0475342fce,Play Store,superb servish,5,2026-07-27T17:26:45,0
8a727b18-2ed9-4bfe-9a8a-f3af884264b6,Play Store,Very bad customer support,1,2026-07-27T17:25:53,0
1534f03a-a711-438f-9829-bf8ce10ae808,Play Store,great blinkit,5,2026-07-27T17:25:45,0
5dd6f680-36e7-441a-b10a-aa4277ed2655,Play Store,OK,5,2026-07-27T17:25:39,0
904acc25-b1fe-4103-8b1c-7f9fcbd7935a,Play Store,Best app forever,5,2026-07-27T17:25:15,0
d5824872-a124-45c6-b3a6-e98574709ac9,Play Store,nice,4,2026-07-27T17:24:52,0
f7837007-e718-468d-b97b-dfaa83eabb74,Play Store,"DKDAILYBLOGS UK05 की तरफ से बहुत बहुत धन्यवाद अनजाने शहर में मेरी मदद करने के लिए ।मैं कई बार अनजाने शहर में गया हूं, और मैंने यही से ही सामान मंगाया है।",5,2026-07-27T17:24:50,0
e74329ec-c83b-4a15-a9fa-db7749ee235b,Play Store,very poor service,1,2026-07-27T17:24:45,0
18c89571-c9f7-4cd0-beae-632d07ebcdd1,Play Store,very good service 👏,5,2026-07-27T17:24:10,0
b4b1ab1d-24f0-447a-9765-b4cb4802ca4d,Play Store,best better,5,2026-07-27T17:23:45,0
61a5773b-dcab-4b84-864e-866db1256181,Play Store,it's best app and fast delivery,5,2026-07-27T17:23:43,0
9e4df89c-b53d-4762-9cc9-e548bddf32f4,Play Store,achha wala,5,2026-07-27T17:23:18,0
933beb22-cdb6-43cd-9c73-a652e479d403,Play Store,okay,5,2026-07-27T17:21:48,0
30132ce1-c22f-40d1-8f15-ac1b270050ca,Play Store,"for the past few days i have been receiving only damaged leaked goods. unfortunately, after complaining several times and still receiving damage goods on First attempt , i am switching to other apps.",1,2026-07-27T17:21:46,0
2bc60828-707d-42c7-9322-07e5043abdd9,Play Store,very good product,5,2026-07-27T17:19:52,0
f9f1af22-b772-4eeb-ac92-f2a2f5a37624,Play Store,it is the best online app,5,2026-07-27T17:18:51,0
a84e947b-9618-4141-b261-cb6c6d64f7e4,Play Store,no discount,1,2026-07-27T17:17:21,0
dbaebe1f-904d-4a1c-8a66-97b18a9b0430,Play Store,godd app,5,2026-07-27T17:16:11,0
a6b85db3-f729-47c5-88e8-62ea8999eb25,Play Store,"everything's good from app ui to fast service, but sometimes quality issues are there with the product I receive, if I have ordered five products, 1 product may be open or damaged",4,2026-07-27T17:15:57,0
9d92e192-774c-494c-9802-eb9bafe391d7,Play Store,good,5,2026-07-27T17:14:09,0
a362a214-044e-4842-86d5-e3a6b994acf5,Play Store,fast,5,2026-07-27T17:12:41,0
12586977-c0c5-41cd-a7c9-420ba67a7db9,Play Store,price should be a little lower than everyone will buy,4,2026-07-27T17:10:55,0
7ee2bd35-9c54-458a-b127-3f83e7ab47b5,Play Store,good 👍,5,2026-07-27T17:10:23,0
23555cc5-0b75-46d3-baa9-3eae44e9c619,Play Store,very nice 🙂,5,2026-07-27T17:10:12,0
a0b7aadc-a810-411a-8ef4-8e3974b4994b,Play Store,the app is good but the but the service is sometime late 🫩 otherwise it's so good..😊,5,2026-07-27T17:09:04,0
e1b8c4e5-7b6d-4517-8336-d6d5f3b04fe6,Play Store,good,5,2026-07-27T17:07:56,0
ec18244e-bf58-4199-93c9-420f88d3914c,Play Store,very good app,5,2026-07-27T17:05:30,0
92c17b0d-b3f6-441d-863a-41c7a026ef68,Play Store,Good,5,2026-07-27T17:05:19,0
cd5a1546-def9-4759-a468-7da7de1cf1c5,Play Store,good time,4,2026-07-27T17:02:23,0
a9afd11e-69fb-4633-aa42-aa390d6851ef,Play Store,"it's very comfortable to order medicine and doctors are available at the time, The doctor called me and prescribed me, what a service Great work blinkit.",5,2026-07-27T17:02:20,0
96e01e30-6dc2-4d14-954b-5f755d1a863b,Play Store,best service for the blinkit greet service and,5,2026-07-27T17:01:06,0
c25bd9a7-5a53-41b5-9db5-936b04299b4a,Play Store,nice,5,2026-07-27T17:00:04,0
ee6b1e57-babf-4472-bdd3-89d0653279ef,Play Store,"It's amazing. I don't order for myself cause my area is not supported yet, but I order for my little nephew, who is thousands of km away. Loved it!!",5,2026-07-27T16:56:16,0
dfa01ecd-ee0e-45b0-b09c-d57550c6f266,Play Store,I received spoiled milk . I mailed you with my order id but there is no response.,1,2026-07-27T16:55:03,0
81a10364-c419-497c-bc0a-c0e5371eaf7c,Play Store,ok,5,2026-07-27T16:54:47,0
4eff556a-6034-4ca8-a7f8-3b770d9f54e1,Play Store,good,5,2026-07-27T16:52:52,0
539dc07f-2019-4fba-ad8c-18d66972c602,Play Store,super,5,2026-07-27T16:52:10,0
16ec01c0-d276-4340-977e-2906e8a91759,Play Store,good,4,2026-07-27T16:49:07,0
5274ab74-49f0-48b4-aefe-c4417e3f3702,Play Store,Helpful ☺️,3,2026-07-27T16:49:03,0
93ff9e93-48f1-4206-9a1a-b6041ad0e94e,Play Store,good,5,2026-07-27T16:49:01,0
fbd5cf8b-7659-480d-a751-8c28eaaa44b1,Play Store,well,4,2026-07-27T16:48:25,0
dbaaf944-b11d-46f5-8ec1-bbcdb1942f22,Play Store,Chose Good 👍,5,2026-07-27T16:48:16,0
84bcc5b4-5714-4102-9793-8d989cf3bfaa,Play Store,one of the best online essentials shopping app.Great Job👍,5,2026-07-27T16:47:28,0
7b25835a-15e8-4bb8-bbfe-bf1764fb0432,Play Store,jaldi dilevery kr dena bhaiya,5,2026-07-27T16:47:03,0
4c32ad3a-2340-4243-9341-5ae01ca07555,Play Store,supar,5,2026-07-27T16:44:02,0
62993d26-216a-49cd-bcb9-2b0afa5efd04,Play Store,Last minute savior!!!!!,5,2026-07-27T16:43:44,0
6386a5ef-7891-4942-bf04-0a22f75c82b3,Play Store,very tati app taati barabar,5,2026-07-27T16:42:54,0
6de34837-777e-4162-904e-6defa943c9e4,Play Store,This is one of the best delivery apps. Blinkit has helped me in my daily life and many emergencies as well.,5,2026-07-27T16:41:08,0
dcfa4419-b029-4976-8360-dac9348588e7,Play Store,very nice service,5,2026-07-27T16:39:01,0
078d5619-6745-4cfe-ac98-650d578370ee,Play Store,very good service,2,2026-07-27T16:38:13,0
b1b1f957-66d4-4dfe-aa92-b45e7e5f527c,Play Store,this app is good,5,2026-07-27T16:37:01,0
dd433685-be76-470c-8864-d3a4d35f3d21,Play Store,"such good application for everything. everything we need it's there on blinkit 🫡😊 such a good delivery, orders, discipline and Punctuality 🤍",4,2026-07-27T16:34:59,0
9d1b418f-5c23-48f5-9d82-92a45e12db85,Play Store,best app,5,2026-07-27T16:32:54,0
d80db2eb-0030-47b2-a4a6-f8c6eec50403,Play Store,super fast,5,2026-07-27T16:32:48,0
8a543818-d837-447a-b971-552c877c3366,Play Store,Need it. Click it. Got it.,5,2026-07-27T16:30:11,0
0b5524d7-3b1d-43b4-bbc8-48040e508de3,Play Store,very fast and smooth delivery with perfect products,5,2026-07-27T16:29:52,0
c6f68dcb-2abc-4c16-931a-75e3b1c28fa7,Play Store,4 min kaun se janam me pure honge,1,2026-07-27T16:29:11,0
f66d7502-f918-4104-8c17-7860471aecc1,Play Store,"I'm sorry to say that your inventory or manual quality checks are being mismanaged at Royd Street in Kolkata. This shambolic attitude requires the urgent attention of the senior management if you wish to retain your customers! UPDATE: 24/7-- As requested, I have written to you but you haven't yet answered. 27/7: I already sent you all the details on 23rd. Why don't you check? You promised to get back within 24 hours. What happened?",1,2026-07-27T16:28:48,8
61c9dd7c-977c-4b3e-b042-e079db7d93c5,Play Store,👍,5,2026-07-27T16:28:32,0
8d8ada81-bff3-4b79-99c8-2f2b2ea6af93,Play Store,very good,5,2026-07-27T16:26:46,0
edcc759d-9f84-4831-a2e0-9c23440f1fe5,Play Store,I like it,5,2026-07-27T16:24:36,0
51849723-a4f5-4a78-a500-022343aa2161,Play Store,very Good service,3,2026-07-27T16:24:16,0
d8b58b06-389c-4e47-833f-1ae4ed54250b,Play Store,Fast service,5,2026-07-27T16:24:15,0
91d1a9e5-529c-4d80-aae8-267f78ee1197,Play Store,fantastic,5,2026-07-27T16:23:39,0
133d71c7-a528-42a1-b398-292b24c538cf,Play Store,best of the best,5,2026-07-27T16:21:30,0
0ee37bcd-91e4-408e-a066-4ac628d4e87e,Play Store,good apps thankyou so much blinkit,5,2026-07-27T16:21:23,0
6ae586b9-5634-48ae-8cec-a597f9a8bd7d,Play Store,very bad service,1,2026-07-27T16:21:15,0
ed51c3e8-afd6-420d-a7a1-0ce17635111f,Play Store,good,5,2026-07-27T16:21:00,0
eb29f8a3-2183-4e5f-bed0-3326b6c98929,Play Store,nice,2,2026-07-27T16:20:26,0
36327143-fe8b-48a3-8b81-e9e2f7a8b7b7,Play Store,New Shopping Style Online shopping,5,2026-07-27T16:20:16,0
f8d04073-72f4-4956-b33b-5a49bc2341c8,Play Store,ye dusri bar ho ra h mere sath ki item in complete h na aap payment return krte ho or na hi item pure krte ho,5,2026-07-27T16:20:08,0
640eac05-cb08-4073-a982-8a8ea99d153f,Play Store,ok,3,2026-07-27T16:19:45,0
6e73358a-c207-4d16-91ca-240d8fed7d42,Play Store,No offers at all,1,2026-07-27T16:18:24,0
8025a51b-581b-413d-b738-2ee30bda951d,Play Store,nice job and good deliver s,5,2026-07-27T16:17:55,0
4b129b94-98b1-4b8c-8016-3fc2f077df93,Play Store,good 👍,5,2026-07-27T16:17:15,0
568327a5-3ebe-4d85-9da9-324a28581a61,Play Store,good goood,5,2026-07-27T16:16:38,0
116d6597-6204-4d38-aef8-e8bcdc6b5651,Play Store,the worst appi ever used.... flipkart minutes is far better than this app,1,2026-07-27T16:16:06,0
4240decf-0ff9-408b-8402-16e0bbe7cf0d,Play Store,good,5,2026-07-27T16:15:58,0
1b481ac0-ddf2-40bc-8c49-962474f2474c,Play Store,good,5,2026-07-27T16:14:28,0
20faedfc-338d-4a0a-95c4-7f5f83398a39,Play Store,awesome,5,2026-07-27T16:14:25,0
1b5c9975-2a52-40b3-9e35-52ef16028d9a,Play Store,i want to replace my one thing because by mistake I order and then they do not replace it,2,2026-07-27T16:14:01,0
e992580d-8566-48f6-b5ed-37022963b0fa,Play Store,nice it's arrived in only 10 or 20 min 😊,4,2026-07-27T16:12:33,0
66cb2402-90a9-4d6c-bea5-61e55918ad44,Play Store,very very happy,5,2026-07-27T16:10:19,0
ffeceafc-50cf-4b34-ad0c-d490ebdb8ca8,Play Store,this app is very good,5,2026-07-27T16:09:39,0
992ceb5c-654d-4779-9fd7-57bfd083e885,Play Store,service good,5,2026-07-27T16:08:28,0
a73437ac-f83a-499b-99de-4fd0d1003caa,Play Store,excellent,5,2026-07-27T16:07:47,0
2fec3c9e-3ff9-43bb-af05-b23ac141c5e8,Play Store,good,5,2026-07-27T16:07:32,0
028ef4bc-cdb2-4ddc-9877-a06bae85d047,Play Store,good,5,2026-07-27T16:07:13,0
960c7dda-2aa9-4f45-9442-847803d0cd7b,Play Store,good,4,2026-07-27T16:07:11,0
f6e9195a-f7ee-4c16-bf66-af33fe80de24,Play Store,good app,5,2026-07-27T16:06:53,0
0d636b63-cde2-4a3b-bf5e-b4d5bb4d7c00,Play Store,Excellent,5,2026-07-27T16:06:52,0
a365f97a-d43e-4dfa-be1c-fd06e9714270,Play Store,very bad experience always location out service no proper customer support,1,2026-07-27T16:06:31,0
dc0acd0f-758d-42dc-8666-64a1cdb58565,Play Store,offer sow hoga nut reedim nahi karte,1,2026-07-27T16:06:05,0
897c06ad-e35c-4cb4-8514-ee86b4ae0e16,Play Store,not as quick as told,1,2026-07-27T16:05:33,0
61a8d7b7-3cde-4bfa-abfc-d7c5f4122e11,Play Store,gg ok,5,2026-07-27T16:03:54,0
6708c1ce-4735-42cb-b616-2e2d835c500e,Play Store,costly but speedy delivery,3,2026-07-27T16:03:37,0
7242cddc-5587-4aee-a434-361ed4ff9612,Play Store,handling charges ko free karna chahiye,3,2026-07-27T16:03:02,0
f90f73c8-7198-4477-9ebf-2e5feeeb9013,Play Store,very helpful app,5,2026-07-27T16:02:47,0
284543a4-cbe8-4b8b-acbf-f4c1e8ce2ff4,Play Store,good 👍,5,2026-07-27T16:02:14,0
74592644-131c-470a-93cd-f5d082c32bd8,Play Store,good,5,2026-07-27T16:01:31,0
edef4d86-8478-46e0-af63-6a38a659aab8,Play Store,🤙🤙🤙🤙,5,2026-07-27T16:00:36,0
853c47eb-acae-4fae-b67e-27bfe2800fb9,Play Store,worse delivery experience,1,2026-07-27T16:00:11,0
2d417e61-cb6a-4f46-843b-4256b8b1846e,Play Store,good delivery,5,2026-07-27T15:59:55,0
c251c40f-657a-46e8-aea4-caa7516f084d,Play Store,very fast,5,2026-07-27T15:59:52,0
021b78ab-7370-4ed5-a5c9-1014a63d15bd,Play Store,very helpful,5,2026-07-27T15:57:29,0
dc7ef8e6-0fec-4e6a-81b5-691059b2ef51,Play Store,Good सर्विस,4,2026-07-27T15:56:42,0
6a77049f-ba47-4842-8f1f-dcd56e61a777,Play Store,👍🏼,5,2026-07-27T15:56:19,0
e5de20f0-38e7-4e86-b407-db24cd1c70ed,Play Store,super service,5,2026-07-27T15:56:17,0
c50eaf0f-5ecd-4918-baec-d78435f2cd24,Play Store,awesome,5,2026-07-27T15:56:02,0
c5fa2749-d5e1-460b-9d0c-86c36c14d4f4,Play Store,very useful,5,2026-07-27T15:54:23,0
55322369-9f38-45b7-b9b4-e1a768792930,Play Store,Highly useful,5,2026-07-27T15:54:11,0
68428e36-4762-4446-abc0-042883ada9d2,Play Store,The delivery man is taking more time to start is bike or car in the map it is showing 6minutes to arrive but it is taking 15minute to arrive,3,2026-07-27T15:54:06,0
fb616f56-ee03-4947-b91e-fc854048e18c,Play Store,good work and fast work,4,2026-07-27T15:52:24,0
0d56c7d3-b931-44d6-93dd-c018db1a4d9a,Play Store,Very Poor Service and delivery takes double the time and the store at times doesn't pack the items properly.,1,2026-07-27T15:50:38,0
ab589688-e1a2-4dd2-bc0d-4c9b5aecf6d0,Play Store,best offers,5,2026-07-27T15:47:36,0
8fc391d4-43df-4552-b5ba-6d8d1530dde5,Play Store,ok,5,2026-07-27T15:47:23,0
27ee2851-053b-4384-901a-9ea4786278d3,Play Store,good,5,2026-07-27T15:47:20,0
f5f921f2-8a02-477c-bd7a-779dbc7eee3e,Play Store,no able to do cash on delivery,2,2026-07-27T15:46:56,0
ce074a2a-90e0-497a-99a1-f5d3bea67c0c,Play Store,it is very helpful,5,2026-07-27T15:46:01,0
b6678f41-936f-4487-9dbd-93462bce2824,Play Store,Now I don't have any experience,5,2026-07-27T15:45:44,0
43059ab3-a01b-430c-9553-aa1b5e1b47c9,Play Store,excellent work,5,2026-07-27T15:45:08,0
ae2b12e4-1474-4aff-85b8-03b3dca2d158,Play Store,Very good ji,5,2026-07-27T15:43:12,0
7b938fa4-7f4f-4f4e-9ddc-01caf1a0493d,Play Store,🤩wow,5,2026-07-27T15:41:57,0
c5a41d88-2374-4ae5-b45f-c07e2bde1903,Play Store,Good,5,2026-07-27T15:41:53,0
368d1ff9-bfd7-4cf3-916d-3a57a88cc34e,Play Store,nice,5,2026-07-27T15:41:43,0
7b649863-da4e-47be-b447-150812856c26,Play Store,good,5,2026-07-27T15:40:40,0
6f6068da-caf5-4a55-bcd3-56133972b68d,Play Store,good,5,2026-07-27T15:39:41,0
2814f26f-d333-4f71-a96b-c904dfe655e4,Play Store,because no cancellation policy,1,2026-07-27T15:39:27,0
27be228f-39b9-4f67-a8c8-041b802b5263,Play Store,good,5,2026-07-27T15:38:22,0
ddc42d06-bb2d-421a-9540-6b75e1926f24,Play Store,This app is good but my favourite chips is never available on it every time I check the only thing I got is disappointment 😞,2,2026-07-27T15:38:15,0
0461e0dd-925d-4803-9247-2b0f929d4dd9,Play Store,Very nice app very easy and cool to use,5,2026-07-27T15:38:13,0
ca5db36d-d952-4e55-b613-a9dc48affab4,Play Store,It is very good application like this application,4,2026-07-27T15:38:10,0
076546a5-134f-4fb6-a1ae-fafd21e24185,Play Store,five star worthy for blinkt,5,2026-07-27T15:38:06,0
18414fb5-a0ab-40d3-8140-a8a792cb90a0,Play Store,very costlier item,1,2026-07-27T15:37:25,0
15d13e5a-b836-4cbb-b6e1-0f46cd2ba84b,Play Store,easy-to-use working time,5,2026-07-27T15:36:21,0
2032bdb2-d1e1-43cd-be25-3e15738442b3,Play Store,it is so good for emergency in my mouth only blink it karo,5,2026-07-27T15:36:09,0
321b8f44-4c56-4fac-a9dc-0ee6b618c4a5,Play Store,good,5,2026-07-27T15:35:22,0
d8080894-b7c1-4ccc-8a10-c9061d46810d,Play Store,super 😊,5,2026-07-27T15:33:42,0
26521ba8-acd8-4956-af3b-614881259e00,Play Store,badt service of customer support,1,2026-07-27T15:32:56,0
c1707d89-bee0-48f7-8f62-76984386a7f6,Play Store,Good app,5,2026-07-27T15:32:27,0
32f5149f-16e7-4abf-82ea-8f99ebf59ec9,Play Store,👍,5,2026-07-27T15:32:08,0
8935f85f-001b-4486-884f-28eb10703e51,Play Store,super no problem at all it works really good,5,2026-07-27T15:31:06,0
992390fa-1004-48be-85c1-6d78137dcece,Play Store,not satisfied,1,2026-07-27T15:30:32,0
7484946e-8f7e-4a22-a9f6-0df226879583,Play Store,good,5,2026-07-27T15:29:55,0
50379abc-dd85-45f1-8dcb-9a63bdface5d,Play Store,Good work,5,2026-07-27T15:29:32,0
73251f8b-c99e-4047-8b00-11db801cf7f4,Play Store,good work,5,2026-07-27T15:29:01,0
06dd3785-1ab9-4d56-8ca2-1a853b137edd,Play Store,Download,5,2026-07-27T15:22:50,0
2d3ea9cf-f679-4354-9558-af51f519df5b,Play Store,good,4,2026-07-27T15:20:36,0
c52494bd-3d43-4c87-bd08-848ea514fcbc,Play Store,usse full,5,2026-07-27T15:18:07,0
869265f8-c091-4c29-aebd-aa77ddb16f9d,Play Store,good 👍😊,5,2026-07-27T15:15:28,0
be95a504-f14d-4eff-8dde-30333f251442,Play Store,मैने ब्लिंकिट से कुछ प्रोडक्ट ऑर्डर किया था। उस प्रोडक्ट का गुणवत्ता काफी खराब था। वह खाने योग्य नहीं था। मेरा पूरा पैसा उसे खरीद कर बर्बाद हो गया। ब्लिंकिट वाले रिप्लेस करने से मना कर दिया। ब्लिंकिट का कोई विषेश नम्बर नहीं है जिससे शिकायत दर्ज कराया जा सके। मैं अब कभी भी ब्लिंकिट से कोई ऑर्डर नहीं करूंगा,1,2026-07-27T15:14:55,0
71753202-8768-4822-9e58-21c0714bce8a,Play Store,good,4,2026-07-27T15:14:49,0
5626135a-52ec-4b1e-96f3-3a846fe19f4a,Play Store,how can I rate your delivery services when I just ordered my thing 3 sec ago?....lmfao,1,2026-07-27T15:11:54,0
e22e3a2d-7e7c-4469-938e-573e588a9e8e,Play Store,it's great 👍,5,2026-07-27T15:11:22,0
06adcd71-10ba-4326-8c86-298dc07bdf3f,Play Store,bad service,1,2026-07-27T15:09:42,0
798cd2b1-4239-4c51-ad6a-5e58e2b2a0e0,Play Store,good,3,2026-07-27T15:08:49,0
833f7764-680b-487c-8da6-1ff92bb74ace,Play Store,great app I hope ki aisa hi rahe aage bhi aur iske saath ham bhi Bane rehna chahte hai,5,2026-07-27T15:06:06,0
a4bb33ac-129a-4e88-adb1-87bdd65d4ff7,Play Store,daliya me kide nikle h yr thoda costumers to accha bheja karo saman agr hum blinkit pe trust krte h toor banne k baad kide dikhe milk b waste hua chini b waste hui Ab kon bharega ye sab,1,2026-07-27T15:04:13,0
c402a150-a2e5-40be-82e4-3895c98b7c02,Play Store,giving a four coz sometimes it delivers on 150 above sometimes 350 above . students can't afford this fluctuation,4,2026-07-27T15:02:57,0
35c7b2f1-c1a9-4531-a502-572a0f63c5e0,Play Store,Good Service.,5,2026-07-27T15:01:43,0
b0c98c72-f8ae-4203-92af-edbd04b51314,Play Store,i have purchased a mosquito net today .quality issue was there and the surface fabric also not attached to it .I got it in 839 rs and quality was 400 rs item. I requested to return it but no solution provided.not satisfied,1,2026-07-27T15:01:22,0
acb44d3f-9b55-4961-bf8e-d70486b07c19,Play Store,Froud,1,2026-07-27T15:00:51,0
2c31dc74-e7bb-4575-8d5e-f78dce12e820,Play Store,good,5,2026-07-27T14:58:35,0
6f59298e-b298-474a-9891-fa55fbdea4b4,Play Store,nice app,5,2026-07-27T14:58:30,0
304ab961-f41b-45c5-b75e-c64f337661b2,Play Store,very bad service no return policy ara bhojpur blinkit,1,2026-07-27T14:58:18,0
4125f8a3-fde1-4e37-aab9-9e71b5c5f2ce,Play Store,"Dear Blinkit Support, I ordered 1 kg of potatoes through Blinkit, but one of the potatoes delivered is rotten and damaged. This is disappointing as I expect fresh and quality products from your service. I have attached a photo as proof. Kindly arrange a refund or replacement for the defective item at the earliest. I hope Blinkit will take this matter seriously and ensure better quality checks in the future. Thank you.",1,2026-07-27T14:57:06,0
afd37f83-fc4a-45b6-8fdf-37082624d6d2,Play Store,super 👌,5,2026-07-27T14:56:30,0
75392590-902b-47e4-83fe-3011e09d0ab4,Play Store,good 👍🏻,5,2026-07-27T14:56:24,0
6011b79a-76d3-4543-9249-cfe274180e21,Play Store,good,3,2026-07-27T14:54:59,0
92fd69c4-8e58-475e-a973-46a5e6d6fe79,Play Store,good service,5,2026-07-27T14:53:30,0
d50c8b04-a818-4212-ba89-b29a1d584fa1,Play Store,okk,3,2026-07-27T14:52:23,0
f0fee313-09f6-491f-bb49-1f0a50be5ed1,Play Store,mst hai ladle ek dam maja a Gaya Ghar baithe Saman a raha hai,5,2026-07-27T14:49:38,0
3b1bb342-b278-4b8a-a1ae-02c66798f618,Play Store,good,5,2026-07-27T14:48:23,0
dfcacbf3-ac6c-4c28-bfcd-190404e43ccd,Play Store,awesome 👍,5,2026-07-27T14:46:06,0
8d96aa62-5201-4621-a1fd-17dcde9b6a28,Play Store,it's very helpful,5,2026-07-27T14:45:40,0
fade5840-f050-43c8-b0b6-1a6e50139d6e,Play Store,best delivery man sent nextime for more orders,5,2026-07-27T14:45:39,0
d7d14606-4fd0-4c49-b2d6-e976d0bfcf5b,Play Store,Very good 👍,5,2026-07-27T14:45:26,0
237f312b-53af-44bd-8833-90f46a761f1a,Play Store,"Absolute worst experience. I received a completely spoiled skin serum that had separated into a thick cream texture. Even though I’m a repeat user of this product and know its exact consistency, Blinkit refused to accept a return, hiding behind ""expiry date"" excuses while simultaneously admitting they can't guarantee its safety. To make matters worse, their customer support agent, abruptly terminated the live chat mid-conversation without providing any resolution—pure rudeness.",1,2026-07-27T14:45:17,0
1432e3ec-232f-4b99-9ce7-41260bf4d4a9,Play Store,thank you,5,2026-07-27T14:45:04,0
947fbe54-6b6a-4c40-ae0e-2aa39b635878,Play Store,very nice app,4,2026-07-27T14:44:52,0
5eaa1a00-bacb-48fb-806a-a96a98fbc754,Play Store,nice,5,2026-07-27T14:42:52,0
731e9bd9-6e5d-46d4-a7c7-2ed224742441,Play Store,good,5,2026-07-27T14:42:13,0
dd794a97-b7cd-41a9-8087-e2e61037abfc,Play Store,address column does not accept my office name,1,2026-07-27T14:41:25,0
b8907d07-f6ad-45e4-aaab-53857b9478f8,Play Store,They are not responding on complaint.....,1,2026-07-27T14:40:53,0
56f99ec2-c00b-4ffb-acc3-d2ddd56bc766,Play Store,good,4,2026-07-27T14:38:57,0
64564aea-71a7-4d5d-b934-7d6da3783cc4,Play Store,Theis is abest app,5,2026-07-27T14:37:13,0
50b6ab4d-6df2-43cb-98ef-2d354c22af15,Play Store,super,5,2026-07-27T14:35:59,0
5ed35c8c-baae-4b22-98c5-9bbf7ce2c20e,Play Store,very good,3,2026-07-27T14:35:39,0
6647ede3-68a0-4707-a502-d87704e59552,Play Store,best service,5,2026-07-27T14:35:10,0
a07bec27-679d-4e13-b61e-293f032096d6,Play Store,ok,4,2026-07-27T14:34:26,0
adf38ad3-91c6-4893-94a5-9ec0f54c0d8c,Play Store,excellent,5,2026-07-27T14:33:47,0
0eaf02a5-6960-4b70-9726-6514c78e2030,Play Store,service acchi nahin Hai,1,2026-07-27T14:33:04,0
df8cc653-acb3-435e-8090-037f51682e5f,Play Store,fast delivery 🚚 thank you blinkit 😊,5,2026-07-27T14:32:26,0
0ebe0de6-e83c-4958-a666-a91deb33f374,Play Store,nice,4,2026-07-27T14:30:41,0
a03f1768-b52f-4fcb-9131-ed9aed63819a,Play Store,good delivery blinkit👍,4,2026-07-27T14:30:38,0
49620ef8-3f35-4f9d-9b8a-ea7d2f089ecf,Play Store,there's no contact number for cancel the order hopeless app,1,2026-07-27T14:29:02,0
133e0d3b-274e-4691-b3d1-93e55537c0b7,Play Store,too 👍,5,2026-07-27T14:28:42,0
fe274548-587d-41d8-a40d-cc4efdc45f0a,Play Store,best,3,2026-07-27T14:28:16,0
5774874c-13da-4eef-ba11-8bda1db8f0a0,Play Store,nearest location also take charges,1,2026-07-27T14:28:11,0
02eba091-a31a-4c8e-a8c4-29a00daa18c5,Play Store,ordar let aya orr extra rupees lekar gaya adresh sahi he firbhi gusse se bat karkar gaya raidar,5,2026-07-27T14:27:35,0
b628f106-78e0-4345-92a4-5858cbb2c8d1,Play Store,yahan per Saman Jo bahut saste honi chahie yahan per bahut kam Dam nahin mil raha bahut hi jyada Dam mein mil raha hai usko agar koi kar raha hai to ek Star tu please 🥺,1,2026-07-27T14:27:03,0
6878b306-d0c3-4963-9f58-8d577929cbbb,Play Store,nice 👍👍,5,2026-07-27T14:25:45,0
2e3e7a0f-eecb-474c-8b26-31802cf5a61b,Play Store,Good 👍,5,2026-07-27T14:23:12,0
c6873194-d109-45bd-aecd-3c85e8f3af91,Play Store,good app,3,2026-07-27T14:22:05,0
87de6c77-e137-4cae-8b5b-a31d6387a71a,Play Store,good,5,2026-07-27T14:21:41,0
9ed6b63a-6fa3-486c-b34c-39f0f494bae3,Play Store,❤️,5,2026-07-27T14:21:29,0
a0bdc88d-69a8-485c-9193-a75c92b655d7,Play Store,good 👍🏻😊,5,2026-07-27T14:21:22,0
9dbc11e6-ad3e-42aa-a5ae-7f1ba355b535,Play Store,good 👍 very timely,5,2026-07-27T14:20:58,0
15956947-43c0-4d54-832a-1779ad250131,Play Store,was good but now getting worst not on time no answer's on chat no use close your company you should be sham of your self,1,2026-07-27T14:20:35,0
c988a634-b573-45d3-8c07-dc21974ded45,Play Store,very good 👍🏻,4,2026-07-27T14:19:00,0
130e3fed-6ffc-4d14-a77d-618863753272,Play Store,"my best delivery partner,cheers blinkit loved it since months",5,2026-07-27T14:17:53,0
756bb5f0-f8e1-49fa-95b2-044ea205901c,Play Store,"the delivery boy asked extra amount for location is not looking to him, but I was already submitted my full address. it's a pathetic.",2,2026-07-27T14:16:13,0
42a0512f-4d45-47d4-8b91-15f49efbacd6,Play Store,good,5,2026-07-27T14:15:54,0
19759460-1fac-45bc-9942-686e7beac86b,Play Store,very good,5,2026-07-27T14:14:20,0
369b01e3-a6be-4a0e-994d-e2a4df485de4,Play Store,good 👍,5,2026-07-27T14:13:38,0
f285f5d8-4b45-4204-9e07-015d58dcebf1,Play Store,awesome,5,2026-07-27T14:13:00,0
27a535f7-0a2e-47e9-81a7-175fedc8f132,Play Store,omg 😲 lovely app,4,2026-07-27T14:12:35,0
fe39bf57-7411-4447-9c0f-9e00bc4941c2,Play Store,great service,5,2026-07-27T14:12:34,0
3541200f-045c-4f70-9366-5807cc1ad11c,Play Store,nice,5,2026-07-27T14:12:18,0
f8cf842e-2bed-464b-a3ce-29b746089506,Play Store,great service,5,2026-07-27T14:10:09,0
f7ed555c-65a1-4e2a-bfbb-4efcbf1d6d30,Play Store,v dood,5,2026-07-27T14:08:17,0
cfe78fda-7316-4f49-89f8-f6b799d98280,Play Store,best aap for everything 😺,5,2026-07-27T14:08:03,0
550fe3dd-0a6f-4f24-80c6-3a8c26c0a584,Play Store,good service by company but delay by riders,3,2026-07-27T14:07:55,0
f87175d8-ac97-402f-87f2-049725f1c572,Play Store,best app for grocery shopping India's last minute app ♥️,5,2026-07-27T14:06:39,0
ac66ada7-cb78-485b-9478-ead6bde3a2bb,Play Store,good food 🤤,1,2026-07-27T14:06:27,0
f5731f4d-15a7-48a1-b6be-559b773cff44,Play Store,best,5,2026-07-27T14:06:17,0
a159f791-1f99-4e46-9314-b89f39e9c1e2,Play Store,Nice,5,2026-07-27T14:05:52,0
4ea541fe-7637-475b-a528-3d689b7c7e42,Play Store,nice,4,2026-07-27T14:05:46,0
518f7726-9617-4d12-b99e-5fbbcb68ee2c,Play Store,fast better experience,4,2026-07-27T14:04:33,0
ce2fbeda-7f90-488e-8047-9f968235299d,Play Store,good and helpful,5,2026-07-27T14:02:30,0
117413f7-2527-4a72-9f59-e72b88b65ef6,Play Store,its very useful app,5,2026-07-27T14:01:35,0
e2bf404e-6bba-4e1d-9bc5-7e715a19facc,Play Store,nice,5,2026-07-27T14:01:26,0
6698d2d1-11ba-4f19-8edf-f0601856c2f1,Play Store,good app,5,2026-07-27T14:00:59,0
6628f6c0-4ed6-4502-ae49-0b2e55f7b1e4,Play Store,They don't provide any gift in less price above 500 /- any way their services and behavior and items delivered are good,3,2026-07-27T14:00:54,0
4b602a73-751e-452f-83ea-9fa76cf1c370,Play Store,wow,5,2026-07-27T13:59:50,0
1a02ba7e-738b-4329-b3f2-ea34edf66414,Play Store,"service is improving and quality of vegetables and fruit is excellent, specially the organic store. 👍👍👍👍👍",5,2026-07-27T13:55:48,0
a3dc47ea-a887-48a2-bf8a-0d0315049f08,Play Store,i always like to get items from blinkit. very good service i get from blinkit. two times i got some problem but NEHA MADAM from blinkit attended very promptly my querries.i suggest some food items like sandwiches or snacs foods you get purchased from market and serve to customers will become more better.,5,2026-07-27T13:55:48,0
47fcfebd-e16e-4199-a5ca-da80fed8ced7,Play Store,thanki Blinkit,5,2026-07-27T13:55:46,0
d3e2c521-75f8-4c15-873d-90fe04030eb3,Play Store,👍,4,2026-07-27T13:55:16,0
7b51e814-9e86-4b2a-bf7c-ffeac398347b,Play Store,very nice,5,2026-07-27T13:55:08,0
f62e5106-21ea-4940-8c7b-6a4b15078990,Play Store,nice,5,2026-07-27T13:54:26,0
6fc3a4e4-ab8c-438d-829b-3bbd2c1c60e5,Play Store,yas,5,2026-07-27T13:54:21,0
b29b8c70-161e-496d-b239-ce612055a77e,Play Store,good 💯,3,2026-07-27T13:54:09,0
d45e26fe-749e-4f93-9e38-5dc4b069197b,Play Store,"once I ordered 4 cans of coke by mistake not only I wasn't able to cancel this order ,delivery boy also refused to take cash insisted that I make online payment even when I told him that ididn't have any way to do online payment.",1,2026-07-27T13:53:05,0
c83c8499-cfe0-4b69-b4e2-0bbe0b18c97b,Play Store,best,5,2026-07-27T13:52:24,0
451f3b17-06ef-4b34-b35f-1e83eb997d52,Play Store,nice,5,2026-07-27T13:52:01,0
028d3232-8721-44d4-a493-792aa20673dc,Play Store,no return option and survive is very bad,1,2026-07-27T13:51:25,0
0ab7f06a-d25b-4417-94b9-4e904fde523c,Play Store,very helpful,5,2026-07-27T13:51:13,0
25b07e41-53da-428c-852b-c0a0f846fa8d,Play Store,I proudly say this app is very excellent,5,2026-07-27T13:49:38,0
f6c65fe8-02c9-40e2-8812-f309c2eb362c,Play Store,good thing is this please,5,2026-07-27T13:49:18,0
58111940-103d-4d6c-afd9-19422a3bd6f1,Play Store,coin nahi leta all time,4,2026-07-27T13:47:45,0
c3f6d2c7-c564-4b72-8d3c-7eba51ce6bd3,Play Store,good,4,2026-07-27T13:45:17,0
b8ddeb47-ab8c-4f43-9244-865d5cc3501e,Play Store,good Job 👍,5,2026-07-27T13:44:40,0
bb314188-cd2f-4c76-b73a-75d30225090c,Play Store,good,4,2026-07-27T13:41:42,0
94a80b34-87eb-44f2-af62-265800faa7ef,Play Store,wow,3,2026-07-27T13:40:36,0
ddb5223f-5d1c-44ca-8ab3-1581a83ccc5e,Play Store,over all best experience,5,2026-07-27T13:38:59,0
91e34224-198b-45f7-85e5-f79a1b8cd8bf,Play Store,Best App,5,2026-07-27T13:38:37,0
39696207-6b67-4224-8043-97b314f96272,Play Store,good,5,2026-07-27T13:38:31,0
75740ca4-ad5e-4301-a189-3fe09f30f72a,Play Store,its better option.,5,2026-07-27T13:37:50,0
091e9078-c5fd-4148-8629-1f040180a228,Play Store,nice,5,2026-07-27T13:34:22,0
41c19354-34be-4e47-8ca1-8286fda99475,Play Store,👍🏻,5,2026-07-27T13:32:47,0
cd783ae4-746d-491c-b508-62d5b557bc81,Play Store,"ok, delivery person should have tender money for COD order.",4,2026-07-27T13:31:53,0
c07b87e6-77a6-4402-9fbf-efc66b3754ff,Play Store,very bad app everything extra charges ok if 10 or 15 but 30 it's really bad,1,2026-07-27T13:30:39,0
752ef221-ff7e-4a7f-9485-4a388b54170d,Play Store,ok,5,2026-07-27T13:25:46,0
e78e3892-86ac-4147-8cfb-48b6464975dc,Play Store,good app,5,2026-07-27T13:25:43,0
444605f8-4197-4b83-ad64-551e1b589ef6,Play Store,i am honoured to download the BLINKIT app and honestly it has helped me alot THANKS BLINKIT TO MAKE TOUGHH TO EASY,5,2026-07-27T13:24:47,0
04671e10-8984-4e19-80a5-1539addc41d6,Play Store,delivery is very fast 🚴三,5,2026-07-27T13:24:09,0
44857046-2723-4b4c-9735-63a5291415d2,Play Store,good 👍,4,2026-07-27T13:24:04,0
4b02f9d9-af45-4705-a457-48b3f472fec2,Play Store,"very nice app, easy to use and offers free delivery in first 10 orders too.",5,2026-07-27T13:23:35,0
06867a91-4271-4f19-afcf-2d517736647d,Play Store,anything I need delivered on 30 mins,5,2026-07-27T13:23:30,0
2b7cb907-e33f-46fd-9a8e-7223689c8574,Play Store,nice,4,2026-07-27T13:23:29,0
84c5c5be-e35d-47d7-be96-8475058fea59,Play Store,good application,5,2026-07-27T13:23:25,0
7537a558-fb4e-4e41-9ca8-bd07ebf0368a,Play Store,good,5,2026-07-27T13:20:33,0
45026437-1e4a-41c1-987b-24a831500bc4,Play Store,nice dealing,5,2026-07-27T13:20:00,0
8ebe7842-ab30-4233-8126-548d268d2f98,Play Store,Nice 👍,5,2026-07-27T13:18:55,0
7cbf4d6c-5441-48ec-9bd1-000052f46b47,Play Store,very nice 👍🙂🙂,5,2026-07-27T13:18:16,0
4f9dd9a4-f102-417b-9b74-1a21f6c390a6,Play Store,No Discount for new user,1,2026-07-27T13:18:04,0
1c22271a-ccb3-4483-9153-d1be76db86da,Play Store,saman pura nhi diya why,1,2026-07-27T13:17:56,0
aec9167c-b53b-44fb-a493-80620fad5360,Play Store,ok,5,2026-07-27T13:17:52,0
504cbae7-b90e-4d52-b76b-3d19898148c0,Play Store,good app,3,2026-07-27T13:17:14,0
73a66018-47fd-40c2-a3bb-8509507d3891,Play Store,because free delivery on 149 not about 99 rs.,3,2026-07-27T13:16:25,0
291391bd-f887-4c2b-8c7f-8050ba7921f3,Play Store,so good 👍 service,5,2026-07-27T13:14:30,0
6ca52d11-ce49-47ae-b8d4-27b6d6caace4,Play Store,this app is very good I want to make a add for you,5,2026-07-27T13:14:00,0
4277d553-2d65-4403-9634-9389832cf0ce,Play Store,nice,5,2026-07-27T13:13:28,0
87bd23fd-6d5c-44d4-b1f7-da5610486129,Play Store,salute 🫡 you boss,5,2026-07-27T13:13:04,0
3d3a404d-8e83-433c-8756-4ea36d9e662f,Play Store,good,5,2026-07-27T13:12:50,0
5c5f344f-a755-4f3b-be88-08727b7a4c7a,Play Store,nice app,5,2026-07-27T13:11:56,0
86723870-7e3e-4fe8-80ab-31e0b46fe037,Play Store,good,4,2026-07-27T13:10:56,0
ae0448c2-453f-4f06-9a82-39c704dafc77,Play Store,superb app gaw gaw me v delivery available hai love it frm uttrakhand,5,2026-07-27T13:10:28,0
ae6c5530-775f-4c12-8a8f-b45b1ef663ab,Play Store,Delivered is very fast,4,2026-07-27T13:08:51,0
0e1463d7-40ce-42e8-8f54-4c6a6f61d5fe,Play Store,"excellent valuable service, in time, quantity, quality everything excellent",5,2026-07-27T13:07:57,0
7ee670a6-958d-4e1f-b9b2-c0590e3b554e,Play Store,obviously this app provides essential goods without stepping out in market in a very good quality......nd this app is really too good when u r too busy to visit market.....,4,2026-07-27T13:04:58,0
4075260a-3724-4f79-90a5-35ecc9518e0a,Play Store,nice,5,2026-07-27T13:04:48,0
c1684c6a-a439-45dd-bab8-5970014b1ff8,Play Store,the best,5,2026-07-27T13:04:34,0
40b40e1c-0ca7-4965-8484-e2de691cb17a,Play Store,Amazing response and quality gopds,5,2026-07-27T13:04:24,0
94169da6-a0f3-42d0-a9e2-3ed1ccad8554,Play Store,exilant,5,2026-07-27T13:03:01,0
bdf89c84-e88d-4640-a677-30e7bc072f47,Play Store,"comparatively, with these many online delivery apps...I can say blinkit has the best customer support.",5,2026-07-27T13:02:34,0
c006a668-c8c3-4c8b-8989-b1c13a4dc8c0,Play Store,good,5,2026-07-27T13:02:20,0
2a58def1-2c68-41b3-a1fa-45ea20271756,Play Store,very good,5,2026-07-27T13:02:12,0
93f06206-46f9-4a0c-be15-13662b310f15,Play Store,"worst experience, it was my first time order, order was cancelled and refunded was initiated but I still didn't get my refund,",1,2026-07-27T13:00:12,0
4f70f49b-e00a-49a4-939a-61b18357f7cb,Play Store,"all good but one time I returned items I didn't get my refund yet , so lil disappointed 😞",3,2026-07-27T13:00:03,0
06e4c875-f1a2-4f94-b6a5-66496bde44d8,Play Store,good job,5,2026-07-27T13:00:01,0
41b213d6-a005-4f32-8aae-f76c817ca66a,Play Store,good,5,2026-07-27T12:59:16,0
27e910ee-a618-4d21-bdec-b542ab44ce34,Play Store,helpful,5,2026-07-27T12:58:22,0
25869a1f-130b-4dde-961c-e06f0e089b58,Play Store,very good 👍🏻 but some time's price is very high and overall good 😊💯,4,2026-07-27T12:55:00,0
e3a154f6-a3dc-491e-a7a8-7784b0c345da,Play Store,very good,5,2026-07-27T12:52:12,0
ba1341df-eaa3-47a8-9b1c-47bbdbf84d65,Play Store,fantastic,5,2026-07-27T12:51:14,0
6e89f4a5-9cd2-4767-9992-e4df31361842,Play Store,Blinkit can't give cancel option in order on application,3,2026-07-27T12:50:35,0
c127d4c4-43f1-4988-a4e2-e3d9088bada4,Play Store,nice,5,2026-07-27T12:47:54,0
607b777c-8424-4850-8152-aee8a6763427,Play Store,good.,5,2026-07-27T12:47:24,0
a3b99f6f-ef21-49f1-9348-f823fb1c0205,Play Store,I like this app,5,2026-07-27T12:46:26,0
9ebafa96-cfc6-45cc-8261-3ab4581442d5,Play Store,"I ordered some vegetables, but they were all damaged.There was also worms in the tomato.When customers buy items like this, it's your responsibility to check them and ensure their quality before sending them, but because you don't do it correctly, the customer ends up with a very bad experience.I was a regular customer of Insta Mart and booked through this app to check how it was, but I had a very bad experience.",1,2026-07-27T12:45:58,0
dc444e75-fe61-465b-93ed-0a0df110d0ab,Play Store,It is good we get everything and but sometimes the veggies are not fresh and less in quantity than mentioned in the product this is my fifth time facing this issue with veggies so bad,2,2026-07-27T12:45:26,0
87a44dd8-89a0-4de2-b1a9-96b3b8c927a8,Play Store,good,5,2026-07-27T12:42:12,0
370ef4fe-847f-4230-a8d1-f087b1096218,Play Store,nice ☺️,5,2026-07-27T12:41:38,0
334b2281-65eb-473e-a1ef-07669b13168c,Play Store,excellent services,5,2026-07-27T12:41:29,0
9ce27ec5-f9be-4fa8-8353-b51450da1735,Play Store,so nice and very fast delivered parcels,5,2026-07-27T12:41:25,0
b7481613-b7be-42e9-b599-4650fd4fdbd6,Play Store,order delayed,1,2026-07-27T12:40:27,0
361c097d-387d-436e-97a5-b25be824f685,Play Store,ଏଇ ଆପ୍ପ ଟି ବହୁତ ସାହାଯ୍ୟ ପୂର୍ଣ୍ଣ ଆପ୍ପ ☺️,5,2026-07-27T12:40:26,0
8450b8be-7ac9-4702-b4c9-6631c673f747,Play Store,good,5,2026-07-27T12:38:25,0
1741eaea-e97e-4179-8624-33c0815109cc,Play Store,good,4,2026-07-27T12:34:26,0
4bdaecb2-8233-418d-929b-bdfbe5c6a0b7,Play Store,good,5,2026-07-27T12:33:54,0
8f47ae17-1909-41c3-a234-471776a493c0,Play Store,good app,5,2026-07-27T12:32:42,0
24b0c3bc-6e6c-47df-8fa4-a049484d62d1,Play Store,good,5,2026-07-27T12:32:07,0
a0465f33-e0f9-4e47-ad2c-ff4bce2bdb4e,Play Store,good,5,2026-07-27T12:29:49,0
91e37181-197e-4bcc-b844-dbfd8c45c328,Play Store,best fast delivery 🚚 best so super fast 😁,5,2026-07-27T12:29:28,0
38f7048f-4639-4f65-8073-0a1da521df2a,Play Store,next level app,5,2026-07-27T12:29:19,0
79e30899-4914-4f6b-b767-6ec2446bc9ed,Play Store,nice job,5,2026-07-27T12:28:55,0
d6ed12ee-0001-475e-bbe0-80d2e3e760a2,Play Store,good,5,2026-07-27T12:28:16,0
5f31a7fb-fddf-429c-b36b-d952a42b7544,Play Store,very గుడ్ డెలివరీ,4,2026-07-27T12:27:06,0
4fa58ccb-a8bb-4635-a845-beacef0e9690,Play Store,👍,5,2026-07-27T12:26:23,0
7cbf8e8f-c20b-4dfb-818f-f4c0b04a7a45,Play Store,please reduce delivery charges,4,2026-07-27T12:26:07,0
910c26fc-c2db-426f-94f3-880a8f82640f,Play Store,best delays,5,2026-07-27T12:24:10,0
6c7d75bb-984f-45f3-a54a-e7177ee5ce8f,Play Store,best,5,2026-07-27T12:23:57,0
5db845af-9187-4db8-9c92-35a9e307a578,Play Store,nice app,5,2026-07-27T12:22:23,0
78696c76-ed5c-403f-b613-2ba28f43beb3,Play Store,packaging bag is useless,1,2026-07-27T12:22:14,0
44be96dc-dfeb-476a-adb4-4260721f1922,Play Store,best app for me in my phone,5,2026-07-27T12:21:48,0
e4b5081b-40d0-4771-965d-e543966acf0d,Play Store,good.,5,2026-07-27T12:20:52,0
0a36a3e5-e758-42e2-9812-e0047b1f6745,Play Store,nice .,4,2026-07-27T12:20:49,0
8aa5f6db-b7b9-46aa-93e6-a59b8abb9b11,Play Store,very Affordable app very nice,5,2026-07-27T12:19:56,0
1643b02f-4dbb-476d-97cf-8a2785bba786,Play Store,super,5,2026-07-27T12:18:29,0
d4456091-2de2-4964-b398-a3db7ce9387b,Play Store,very amazing app delivery boy very punctual keep it up 👍👍👍👍,5,2026-07-27T12:17:28,0
95801960-253c-4724-aa7c-ea154f92bc98,Play Store,Excellent,4,2026-07-27T12:12:58,0
71058ef8-3756-45ba-9656-e93cf82e1093,Play Store,one of the worst app maine keli mangayi thi 60 rupees ki 3 inch ki keli aa gayi itni gandi ki uause fingers badd hote hai hamare,1,2026-07-27T12:11:27,0
8b9a32f0-9900-48bc-99cf-8dc3846dd5e0,Play Store,good,5,2026-07-27T12:08:10,0
cd8b761a-0441-4800-878d-44a64eb2e730,Play Store,achcha,5,2026-07-27T12:08:02,0
343fa654-ff9c-4580-9ee2-eb7f971ddbd4,Play Store,super,5,2026-07-27T12:05:14,0
5f642811-238a-458c-ab31-cc0cab11eb2b,Play Store,"Impressive service! I accidentally ordered a broken Type-C charger, but the return process was seamless. My return was approved in 5 minutes, and the money was refunded within 10 minutes. Blinkit's speed is unmatched! I wish they would bring this amazing service to every corner of India, beyond just the major cities.",5,2026-07-27T12:04:46,0
0e726687-270e-4826-be45-2344b50bde8f,Play Store,great service and price but l van't any gift in bag so sad it's ok best service ...ever,5,2026-07-27T12:04:45,0
e3466739-8ac1-4430-9bad-76d5ceca4cbd,Play Store,Nice app,5,2026-07-27T12:04:17,0
cbe96c7b-866a-4fc3-bf8d-74e434e35bf3,Play Store,Amul sugar free ice cream not available,5,2026-07-27T12:01:44,0
802195f9-d051-46bd-8be3-42ec98553f8f,Play Store,"Thank you so much to all the delivery persons for before the time delivery along with having very humble, cooperative and kind behaviour. Loads of thanks to the entire team of Blink it 🙏",5,2026-07-27T12:01:40,0
b5300fec-07a1-4635-b563-672d7d0bd652,Play Store,so dilisus,5,2026-07-27T12:01:18,0
5afc24d3-59f8-49b9-b01f-23a97008556e,Play Store,good,4,2026-07-27T12:00:59,0
60ad697b-7bb7-4d2e-8fce-59d3ef7dbbb5,Play Store,ok,5,2026-07-27T12:00:29,0
8be603b9-a77b-4bf3-9c3c-49f8bf92fe53,Play Store,good,5,2026-07-27T12:00:21,0
c256d2d1-49db-425b-bb7f-3d896b338b74,Play Store,"Thanks alot blinkit.Everything's good honestly""",5,2026-07-27T11:59:13,0
78e6c16f-7776-439b-a7fe-d3c25d296ff0,Play Store,nice experience 😜,4,2026-07-27T11:56:22,0
41508409-32f1-4f72-885f-6e731e1aa04c,Play Store,good service l,5,2026-07-27T11:56:22,0
065e8b82-64b0-446e-8490-7df3db6cc452,Play Store,nice app,3,2026-07-27T11:48:41,0
960db923-d1a5-4f41-8e68-27da7dc6b3a6,Play Store,good 👍,5,2026-07-27T11:48:39,0
5e046df4-b429-4d90-9ef7-941b8de5aac7,Play Store,gooooooood,5,2026-07-27T11:48:15,0
16715c62-0f55-4819-ae8a-1eb194bf415a,Play Store,good,5,2026-07-27T11:47:30,0
eaeb257b-7da3-4405-be2f-7b768bafba70,Play Store,good 😊👍,4,2026-07-27T11:45:31,0
6820acab-2939-44c3-86be-ed626b693c87,Play Store,PARCEL IS VERY DURTY POSITION..PLS CLEAN ALL THING THEN PARCEL IT.,1,2026-07-27T11:45:05,0
8515f775-3a95-48cf-80e0-6d6a71f2fbeb,Play Store,"No more refunds of bad product given, hence un-installing now. Get back the easy refund process, I will edit this review and reinstall app",1,2026-07-27T11:44:30,0
f6bb7164-ad91-4a5d-93bb-cc8121eef3df,Play Store,very nice and easy to order,5,2026-07-27T11:44:05,0
54ba8ba0-9cda-4952-bda8-769c6209f620,Play Store,Ok,4,2026-07-27T11:44:03,0
f4e38538-390c-4dc7-a078-bbd94627a3a5,Play Store,nice platform,5,2026-07-27T11:43:15,0
29143099-74fa-41ea-b025-a37b28bb07ce,Play Store,Good,4,2026-07-27T11:42:48,0
c4173878-f525-4cf0-ac99-a85ab2f6b68f,Play Store,dilevery charges is to high,1,2026-07-27T11:42:42,0
fc539d75-3a67-4c02-be8f-64da96c638ce,Play Store,very good,3,2026-07-27T11:42:00,0
35de3b48-fffe-4b04-9f2a-1e9191ea5ffa,Play Store,Very quick,5,2026-07-27T11:41:35,0
94ca8048-ef9d-4017-b182-d4bf86c1ad1a,Play Store,nice app and fastest delivery. 👍,5,2026-07-27T11:40:36,0
65c94c11-977e-479c-b7ae-1e60d2ec577a,Play Store,This app is good but it is too costly!!,5,2026-07-27T11:40:20,0
6e5b3439-b11f-4c9d-9b5b-24fe85f90f2b,Play Store,Classic UI,5,2026-07-27T11:39:03,0
86113459-9138-45a1-b26d-2d84379d112f,Play Store,very good,5,2026-07-27T11:37:48,0
97120a9c-f8c5-4d09-91b7-0fc4be76393d,Play Store,this app too good😌✨,5,2026-07-27T11:36:00,0
63cd2afb-16f5-4265-8dc1-4f0b1fcb80b6,Play Store,super,5,2026-07-27T11:35:54,0
5182720d-88d0-4c9a-8cbf-2269a8e16fd1,Play Store,excellent 👌,5,2026-07-27T11:34:16,0
b3b3a9d9-7a4b-419b-988d-eba35b823bb9,Play Store,good app,5,2026-07-27T11:31:30,0
b9738306-f764-4c0b-a2e6-94c91bc969dc,Play Store,ghtiya,1,2026-07-27T11:31:14,0
a9efb405-db33-48ef-aaad-7fb82216218f,Play Store,Good,4,2026-07-27T11:29:56,0
d46b61bd-237e-4f98-b942-78d463c9669c,Play Store,good,5,2026-07-27T11:27:53,0
f4cd735b-8e15-4768-b091-462378e600e5,Play Store,good,3,2026-07-27T11:27:46,0
f7fe2c1e-003e-4319-af2d-2ecfd93a0003,Play Store,nice,3,2026-07-27T11:26:40,0
dbca37ce-6f22-4822-8b3e-d4e40225f429,Play Store,awesome app,5,2026-07-27T11:25:59,0
8d67334e-b5fa-4f8b-9297-2b3a0105e0e0,Play Store,excellent,5,2026-07-27T11:25:56,0
01a4ce2e-1f8c-4147-b095-f9f8d1704ea3,Play Store,Nice,5,2026-07-27T11:25:50,0
ae33f451-8fe9-4d61-bb10-4fd4c38f7aae,Play Store,low price best service,5,2026-07-27T11:25:05,0
ebd8022b-55cb-4b37-bd40-c2ec9288000b,Play Store,good 👍 service,5,2026-07-27T11:23:27,0
16e95f12-219c-47c7-9ee6-35e370b3519d,Play Store,good,4,2026-07-27T11:23:19,0
30f2cb00-7af9-4827-ac49-29d7ff54893f,Play Store,very good,4,2026-07-27T11:22:48,0
bbf037e8-175d-480a-96be-8881272e3962,Play Store,I love this service blinkit give very fast delivery,5,2026-07-27T11:22:36,0
2ef0a071-0a80-4e80-a784-13737d23c42b,Play Store,good condition,5,2026-07-27T11:21:49,0
0de45831-dbbc-40e8-98dd-f65e431171ed,Play Store,very usefull full app,5,2026-07-27T11:21:04,0
427105a2-95e9-4de4-83ea-9cb330f332c6,Play Store,"With time, their services have deteriorated. Now they tend to supply sub-standard & below specifications items.",3,2026-07-27T11:20:10,0
7632220e-bbe6-4aa0-a156-c4017502049b,Play Store,thanks blinkit,5,2026-07-27T11:19:51,0
1d234fcd-5f12-4fe3-9be3-35a3bc17ef8f,Play Store,good,5,2026-07-27T11:17:14,0
1592f1aa-981e-4087-8eaa-f785a54b9e45,Play Store,well,4,2026-07-27T11:16:00,0
b28dd469-8014-4a1c-a61f-54eb952270e7,Play Store,very disappointed,1,2026-07-27T11:15:02,0
b78c336c-d83e-4521-8d5c-c2d4a7b91191,Play Store,fast service and many options in one app,5,2026-07-27T11:14:53,0
d2eb8d89-5ed6-4c0f-ad5d-166ce3e9c776,Play Store,👌,5,2026-07-27T11:14:13,0
68d80d94-2593-4b72-a7ee-5b1ff43a22c5,Play Store,good service by Blinkit,5,2026-07-27T11:13:36,0
453d4211-5d7f-4620-881c-cca99c0ce0a4,Play Store,excellent service,4,2026-07-27T11:12:39,0
1c0d3868-18b8-4958-a043-f1368580a3ca,Play Store,Rong product deliver amount charged 100 product rs 20,1,2026-07-27T11:10:26,0
5764e682-7e71-4801-8cfe-2bb441ef0192,Play Store,Blinkit’s service is extremely poor and pathetic.i strongly recommend don't use Blinkit,1,2026-07-27T11:10:18,0
78a61e7d-5ec9-4428-af5c-afbbc94c5303,Play Store,❤️,5,2026-07-27T11:07:29,0
63f3c6e2-597e-4188-b8c1-337656e0d65d,Play Store,good,5,2026-07-27T11:06:27,0
d5548000-efc1-4059-b7f3-2add94e11cdf,Play Store,very very good,3,2026-07-27T11:05:50,0
15844d25-8bdc-41ab-b4e8-78929c1bf43f,Play Store,very fast service,5,2026-07-27T11:05:14,0
75266be5-b3ee-4c45-b09d-fba031a8abd9,Play Store,"I had placed an order on 29th June but till now there has been no response. Today is 27th July. Even after talking 2-3 times, they have not helped me. I had placed an order and the payment was made for . It has been a month since then. They have said it will be 5-7 days and still have not returned my payment. I had also made the payment online, but I did not do it, but till now I have not received that money back.",1,2026-07-27T11:05:12,0
ec88197b-8a0b-4cf9-9ab1-ad5f8195894d,Play Store,i didn't get my refund back,2,2026-07-27T11:04:59,0
b0b20473-f7cf-44f1-bdfc-242459a03444,Play Store,"comfortable,best",5,2026-07-27T11:04:52,0
a755702a-47e3-47dd-b6f4-10bd3d1d590c,Play Store,fast delivery 🚚,5,2026-07-27T10:59:29,0
f9c7540c-8e7d-4e96-85d4-c88c05dd430c,Play Store,delivery partner behaviour is so bad,1,2026-07-27T10:58:59,0
567b7c22-fba3-417a-8dd5-32aacc9df0e7,Play Store,"bad service, refuse to take defective products",1,2026-07-27T10:58:36,0
0414a237-4f7d-4768-a5f5-55758bf0e2c2,Play Store,ok,5,2026-07-27T10:57:54,0
6f2557bc-7e91-410b-b5cf-f208ae361362,Play Store,is very fast delivery 🚚🚚,3,2026-07-27T10:54:52,0
72050bf4-e860-4798-b5a3-314a3f1b4d54,Play Store,amazing app,5,2026-07-27T10:48:26,0
9e3bc069-7535-4ca3-8c2e-3530bd8327a0,Play Store,excellent performance,5,2026-07-27T10:47:56,0
e44e9992-238f-4eb7-bb3c-49ffa093a0e1,Play Store,very bad application... full cheating,1,2026-07-27T10:46:33,0
92539620-dcab-48bb-848e-12022a01c388,Play Store,good,3,2026-07-27T10:46:26,0
5428c462-f31a-4064-9738-38f030b9e5cf,Play Store,best services,5,2026-07-27T10:46:13,0
8c990df7-8ada-430b-a79c-8ea2d64c2d01,Play Store,good service good product and Happy children's,4,2026-07-27T10:45:29,0
9dd9b9a3-f113-4385-aadb-a6d38eff8ed1,Play Store,0/1000 Blinkit is worst platform I have ordered milk and it was rotten I can't trust blinkit anymore,1,2026-07-27T10:44:50,0
79456aeb-44ae-4fc4-b000-7fca3f4173d1,Play Store,it's usefull,5,2026-07-27T10:44:16,0
d5a14052-7986-4075-86eb-2c30f0078599,Play Store,very good,5,2026-07-27T10:43:46,0
2e4aa2ba-c4e6-48d1-bd2b-87514498fb06,Play Store,good,5,2026-07-27T10:43:34,0
97fa1a7f-8858-4cc6-be0f-b62a2a19632e,Play Store,fastest delivery,5,2026-07-27T10:43:11,0
ed432add-416a-404d-adad-8e0afbcf4234,Play Store,good service,5,2026-07-27T10:39:40,0
fd35c3b0-cbfc-4fc3-af62-0108ec8aa213,Play Store,excellent,5,2026-07-27T10:39:06,0
c173fd86-6d75-447d-b31b-69605918810d,Play Store,they charge rain surge charge even when there is no rain. Delivery charges and handling charges are separate and on top of this.,2,2026-07-27T10:36:23,0
75ad2493-d0ee-4b99-9299-cdea09b0c5ff,Play Store,great customer support,5,2026-07-27T10:35:19,0
3fdeb7b4-b907-431c-baec-4d8784d6f313,Play Store,so bad service hi nhi hai mere area me itna famous area hai fir bhi 😭,1,2026-07-27T10:34:45,0
9d1f2091-bb08-4e89-9550-2c2af3bd564a,Play Store,"Hello, I'm disappointed with the delivery experience. Your service advertises **door-to-door delivery**, but every time I place an order, the rider calls me from the road while sitting on their bike and asks me to come downstairs to collect it. I live on the 2nd floor. It's not that I'm unable to come down, but if your service promises door-to-door delivery, I expect the order to be delivered to my flat unless there is a genuine reason that makes it impossible.",1,2026-07-27T10:33:03,0
ca694981-dcb5-4adb-99db-f4ebbb9c7522,Play Store,"Very reliable and prompt services be it purchase, delivery, return or credit. Absolutely quick fix and GO app.",5,2026-07-27T10:30:40,0
56547617-4aa5-4f17-acd2-b06fdbb1ba28,Play Store,super delivery and packing is clean,5,2026-07-27T10:29:36,0
520ccd39-7a48-4dc5-9f3f-c85d3ae60972,Play Store,I WILL GIVE ONLY MAX 3 RATING TO APP AND ITS WORKING BECAUSE DELIVERY PERSON BEHAVIOUR AND COULDN'T ABLE TO RAISE CONCERN AS CHATBOT IS NOT EVEN ABLE TO UNDERSTAND BASIC ENGLISH. I DON'T KNOW WHY AI WHEN IT IS USELESS. THE AGENT NAMED PRAYAS DELIBERATELY DROPPED THE RUPEE NOTE AND PRETENDING OF NOT GIVEN MONEY,3,2026-07-27T10:29:06,0
d72807a8-72d2-4b40-9702-067a82b3bf97,Play Store,bahut aacha menagment kuch aur item badhane ki jarurat he,5,2026-07-27T10:27:39,0
73481368-43dd-41d8-9d57-087fd39788f4,Play Store,good,4,2026-07-27T10:27:22,0
dd827532-2c49-4187-976a-20c3f5b2d581,Play Store,excellent,5,2026-07-27T10:26:15,0
b4cdddee-135b-4ac0-a536-b4bf6928dc29,Play Store,order placed having good experience now waiting for delivery,4,2026-07-27T10:26:10,0
3e1f4240-28ca-4a9e-95c8-e32c211bd063,Play Store,awesome ❤️❤️❤️,5,2026-07-27T10:25:45,0
1092bd59-ab6a-4f09-9dc0-a86fce8b4b02,Play Store,it's a very convenient shopping app and really good in instant delivery system....,4,2026-07-27T10:24:55,0
4274eb36-99bb-42e9-8308-c61d9a08206e,Play Store,ok,5,2026-07-27T10:22:45,0
030fe8ae-df40-4f83-a484-b0f7652fe715,Play Store,Best!,5,2026-07-27T10:21:04,0
6183f492-87b3-43e7-8f7c-d9373bfbb278,Play Store,well done,5,2026-07-27T10:20:31,0
c9955a7b-5c07-4392-bac9-aeddccba8b30,Play Store,great,5,2026-07-27T10:19:54,0
7b3c2bce-c7fe-4276-8378-03f06be9bd66,Play Store,great,5,2026-07-27T10:19:17,0
4e4059fd-5886-4c1c-b399-3bc313aa01b2,Play Store,very bad you can't order if you are a blinkit rider,1,2026-07-27T10:19:14,0
0b0ee905-1b25-4e3a-8cd0-bd5d126642ec,Play Store,nice bilkint,5,2026-07-27T10:18:25,0
7fb09afd-1076-420f-a906-c9720f442779,Play Store,nice,5,2026-07-27T10:17:40,0
48671b4f-bb52-4cb7-96d1-c85200cdf458,Play Store,good,1,2026-07-27T10:17:26,0
f1995fcb-122e-48ca-939a-9cd31f4a4ee5,Play Store,good app 👍,2,2026-07-27T10:17:09,0
94b6536a-6506-490a-830c-2c7bbf88c544,Play Store,"They always deliver rotton and dirty vegetables and fruits, mostly things are expired.",1,2026-07-27T10:16:52,0
3e92ae23-e968-4ad1-8eb8-68dc81943408,Play Store,good,5,2026-07-27T10:16:30,0
17e516e2-8b83-44f2-933e-c9083a24c64d,Play Store,achha hay,4,2026-07-27T10:14:53,0
526ba84a-107e-4594-86f7-56969768259a,Play Store,good,5,2026-07-27T10:11:51,0
520ca7dd-d80b-43e5-a524-68a887e39884,Play Store,good,5,2026-07-27T10:10:59,0
b126bb24-1eee-45cf-959b-dfca5322e2a5,Play Store,good 👍,5,2026-07-27T10:05:52,0
77ee5f09-4de8-4ec1-ab26-c96298c4efdc,Play Store,Good,5,2026-07-27T10:04:43,0
0153fe25-4514-4c77-b954-acf929051801,Play Store,wooooo so nice,4,2026-07-27T09:59:49,0
9ead211a-fe51-40cc-bf8a-7a7a9ac6150a,Play Store,super fast delivery,5,2026-07-27T09:59:31,0
d0fa8116-c48a-421e-af6d-0edc06383ec0,Play Store,best service,5,2026-07-27T09:53:53,0
04ad2f42-a36d-44d3-b98f-1b3bbdf7e2bf,Play Store,"product details unclear,",4,2026-07-27T09:53:37,0
5eb16b41-2946-4e8a-9e54-554b587f9069,Play Store,good 👍,5,2026-07-27T09:53:20,0
6e4ad7f9-f238-4ff6-a383-5c358d449eb3,Play Store,great service 👏,5,2026-07-27T09:51:15,0
60bb17f3-e207-40b2-8e59-84723aaa3676,Play Store,"Worst Delivery Service, There is no Delivery notification or a call or ring the doorbell just throwing at Doorstep and left without notification...",1,2026-07-27T09:49:46,0
5f09df02-c0b9-40bf-b64f-84ad5d27a73a,Play Store,superb service,5,2026-07-27T09:49:43,0
931265a2-dd2c-4fe6-8f22-4d137c463c86,Play Store,"very bad experience, they are canceling order after waiting for 20 mins",1,2026-07-27T09:49:04,0
c4cdf7aa-eaf8-492f-ba2b-e78d277be3be,Play Store,good,5,2026-07-27T09:48:56,0
af324188-e1d4-4b01-8e19-ebca8a7a2f7f,Play Store,ok,3,2026-07-27T09:48:33,0
a1de0dca-7144-4d49-9b92-442c946e51ff,Play Store,i order a hang gripper with counter but it delivered a gripper without counter amd another company very bad experince first time,1,2026-07-27T09:48:28,0
85cd74e2-9b37-48f9-9afb-550055df3db5,Play Store,best,5,2026-07-27T09:43:32,0
ed397389-51e1-4049-92a5-535a96bd2cc4,Play Store,good,5,2026-07-27T09:42:25,0
5660aa25-b764-48ac-9e99-3ab4a0bd52f4,Play Store,okay 👍,3,2026-07-27T09:42:15,0
d0a1e268-8f22-4830-b803-18bb579acfbe,Play Store,"I had a couple of bad experiences recently with Blinkit. Coupled with high surge prices that it charges very often which other similar platforms don't ,Blinkit also has a poor non existent customer service. Many times I have ordered icecreams but recently I have faced poor &bad service. Many of the icecreams delivered were either damaged, broken or leaking. Despite posting live videos and pictures, Blinkit refused to either take back or give a refund. Moreover their customer service is a joke.",1,2026-07-27T09:42:05,0
833216a7-4877-4b94-b1fc-0fe18f56e62b,Play Store,always greatful ❤️,5,2026-07-27T09:40:17,0
0254c1ec-d2e3-4b2a-a67e-682a39315305,Play Store,good,5,2026-07-27T09:39:38,0
ed55dc74-3b1d-4e71-a675-6c02ca6cf0c9,Play Store,nice 👍,5,2026-07-27T09:39:04,0
0339e040-2da3-4371-92e4-ba030d455df5,Play Store,very good,5,2026-07-27T09:38:03,0
fb2ea910-d517-430d-a9e1-a39cd4510cdc,Play Store,Good App for fast delivery but I disappointed because I didn't get many kinds of chappal but also 👍,3,2026-07-27T09:37:49,0
3b337c51-e91f-40c6-956b-d5c27a430527,Play Store,good,3,2026-07-27T09:37:12,0
4472f3e0-f52b-47d3-96e0-9e5b990e0293,Play Store,good,4,2026-07-27T09:36:53,0
16bf0a63-8809-4e71-b86b-850ad6736295,Play Store,good,5,2026-07-27T09:36:15,0
ec750d7f-54f0-4eb7-96bd-ba8c5314d5a9,Play Store,bahut sundar,5,2026-07-27T09:35:57,0
3a97756e-2be0-4c2d-aae7-564154ee5dad,Play Store,ok,5,2026-07-27T09:33:33,0
a2ba51f9-5e7b-49c9-aaa8-2669db361f0f,Play Store,love you blinkit,5,2026-07-27T09:31:19,0
7a2edc05-f58e-4e0a-86e4-de35a2f97e8b,Play Store,nice 👍🙂,5,2026-07-27T09:29:12,0
f50d4db1-8635-4cb2-84ad-ab47d0e18279,Play Store,delivery partner order pahunchane ke bajay order cancel kar dete Hain,1,2026-07-27T09:29:03,0
e76ba37a-1dd2-4433-8660-dd21a7795682,Play Store,"Please add the upi id payment and cart sharing option. I don't use upi apps on my phone and usually pay from my mother's phone. its kind of frustrating, i can't share the cart to another device, and mom's phone is kinda old, so a lot lagging occurs and i can't order from her phone. A company should provide multiple options for payments because every costumer is different.",3,2026-07-27T09:26:19,0
e22784b1-0f03-4ab5-8b84-864cc398884d,Play Store,very good,5,2026-07-27T09:25:01,0
57119200-7693-4c6d-b555-2156bcf148bf,Play Store,Nice,5,2026-07-27T09:23:55,0
57363e34-5879-486a-bdc0-4c78174610f1,Play Store,excellent,5,2026-07-27T09:21:21,0
8b344437-5828-44a1-ba64-0ed395d9716f,Play Store,excellent,5,2026-07-27T09:14:56,0
f0949c1a-de0f-4e64-85a7-847644044327,Play Store,very late delivery,2,2026-07-27T09:12:17,0
78a8f26c-2f98-4b2f-b176-157bd57fb1d9,Play Store,very good,5,2026-07-27T09:11:34,0
43fe846d-5623-424f-8404-c4b008f3366e,Play Store,Good 👍,5,2026-07-27T09:06:52,0
74387f62-6f1c-4bee-91d1-c229216991cc,Play Store,good,2,2026-07-27T09:06:26,0
9d8e0d40-b68e-45c2-8df0-afc7eae1c479,Play Store,good service,5,2026-07-27T09:05:47,0
d2d68141-2332-4791-ac79-171011417861,Play Store,tq so much,5,2026-07-27T09:02:56,0
fef94868-4067-49da-97db-fb7a592e05dc,Play Store,"Very disappointing service. I would give zero stars if that were possible. My time was completely wasted, and because of the delay and poor service, I also lost money. This experience was frustrating and unacceptable. I expected much better from Blinkit. Please improve your service and respect customers' time.",1,2026-07-27T09:02:04,0
ba8b7253-227d-49bb-bc66-a4d58dbed77c,Play Store,blinkit is best grocery app,5,2026-07-27T09:01:16,0
7dbf2bd4-a395-4949-b9e8-dc9596e78028,Play Store,good,5,2026-07-27T09:01:00,0
3f16e157-7e74-4daf-9576-5ed8adde04ad,Play Store,I like the fast service,5,2026-07-27T08:58:51,0
8873fbe1-da4c-47d2-be0a-079e4336e572,Play Store,bettar,5,2026-07-27T08:58:16,0
8fdce315-9451-44c8-9bd6-0d891c9b0e3d,Play Store,good,5,2026-07-27T08:57:25,0
c6619a03-4d32-4350-873a-4a6cf91d867b,Play Store,excellent 👌,5,2026-07-27T08:57:23,0
e3ae6b71-e8e8-40ad-85ea-174a92c938ca,Play Store,good,3,2026-07-27T08:57:11,0
02b22844-e7d6-4c29-acc1-ca64f67d2c46,Play Store,good,3,2026-07-27T08:54:19,0
3bfde336-df77-42b7-81bd-8e895892d5ed,Play Store,"ordered 4 packets of milk on 25 july the package delivered was of use by 25 July once we got milk we boiled & all milk went bad but blinkit is so ruthless instead of help they first said finding another agent to help you, got active after 30 mins saying we are handling high volume of chat. so please be patient, ok understood, then they connected me to 5 agents & all of them after checking the concern kept closing my chat so again I will be tossed off to other agent. Worse customer service &Cheat",1,2026-07-27T08:53:52,0
5e3e6f7a-9628-4965-907d-40704ffade54,Play Store,good job 👍🏻,5,2026-07-27T08:47:46,0
5d2fdb01-7878-4d48-a48e-a1ce6209475a,Play Store,nice,2,2026-07-27T08:47:42,0
c414cd4d-9ef5-4101-a264-0b3f2813c471,Play Store,good purchase,4,2026-07-27T08:46:41,0
0ba0cd46-5e39-4386-b36c-ec6b9e33f147,Play Store,Bekaar service ghatia bilkul zero,5,2026-07-27T08:45:29,0
8a18e190-7470-4f9c-baf2-a57df83da580,Play Store,nice,5,2026-07-27T08:43:41,0
d27de73b-8674-4a7d-bf5c-1d12d08c7886,Play Store,Good 👍👍,5,2026-07-27T08:42:11,0
17373cbc-7ab3-47c4-9ce2-b9122cff9b2b,Play Store,good 👍,5,2026-07-27T08:40:13,0
882cdd59-3b66-4ffb-8108-057fe15fd805,Play Store,thoda chare kam hona chaiye or location select kar ne k option,5,2026-07-27T08:39:25,0
9247f9c3-b3b6-4623-a70f-c46f59794b65,Play Store,ok,5,2026-07-27T08:37:54,0
42845e92-16fc-4626-bef5-61861a6c099e,Play Store,meri dilivery partner ki id 4 mhine pahle band hui thi abhi tak activate ni hui h or rider fleet coach ka koi bhi reply ni aata jitni bar bhi unhe msg kiya h please meri id activate krva dijiye 🙏🏻,1,2026-07-27T08:37:51,0
2ee4f2ea-462c-4def-9809-395d1faed2c7,Play Store,"late delivery always, no timing",1,2026-07-27T08:37:20,0
49056904-5c3d-454e-911c-8a4f59dc6115,Play Store,Kaafi acha,5,2026-07-27T08:32:19,0
32a26e71-ff91-423c-bf35-e32a278b4a90,Play Store,Discount promised not credited in my account.,3,2026-07-27T08:31:40,0
2057f272-858c-42bb-97e6-3db1f7011515,Play Store,amazing work by blinkit,5,2026-07-27T08:28:42,0
c2ddc2fc-2178-429f-8b8d-9133888b2bbc,Play Store,I ordered garnier hair colour after a week I opened the packet and shocked to see some packet of powder which seemed to be suspicious to me . I called the customer support no one took responsibility.i was scared to see that suspicious powder. blinkit donot have any security check what they are sending .regret to use blinkit.,1,2026-07-27T08:26:58,0
2865b673-ad39-4d26-85af-ed372d08c52d,Play Store,"Whoever you are whatever you need,everything is delivered here. Thank you for making life simple.",5,2026-07-27T08:26:18,0
126b9ab5-325a-4c5b-977a-25b751b0b3ea,Play Store,"You people are terrible; you take the payment, but then split the order into two separate deliveries and demand payment twice—once for each part—even though it is actually just a single item. Please stop ordering items from here.",1,2026-07-27T08:22:24,0
9125e1d2-5da5-4d09-a7b1-9fd457386640,Play Store,Now Blinkit takes much more time to deliver and frozen items specially ice cream cones gets spoiled because of delayed pick up after packing,3,2026-07-27T08:18:54,0
d73843cd-56b5-4077-8f12-99dffc4d9ea0,Play Store,this app is very helpful and blinkit rate same as the market price with free delivery in ur home thanku blinkit ✨,5,2026-07-27T08:18:25,0
dd84527a-21af-4c72-9e7d-28009e5e3092,Play Store,Lightning Service,5,2026-07-27T08:17:43,0
c0e2bcb2-99c8-4738-88b4-860de817f743,Play Store,very fast sarvice,3,2026-07-27T08:15:00,0
d81cc270-99a4-4c91-88ea-5f772bcc716f,Play Store,User friendly ✨️,4,2026-07-27T08:12:16,0
b6db2f0d-d07f-408a-9f79-4070b25a1619,Play Store,Order karne ke hamesha baad (Your order is slightly delayed) And it's 8:07 am (Why@blinkit....?),1,2026-07-27T08:07:55,0
6e9baccd-8ec2-4458-ae9d-f29068208846,Play Store,Unimaginable fast door step reasonable service ever thought of .Especially good for senior citizens. My best wishes,4,2026-07-27T08:06:51,0
c07997fe-f658-4d09-90e8-26c75329eb7e,Play Store,additional charges not fair,1,2026-07-27T08:06:02,0
c3f7ab03-ab56-49e7-b7bf-bb4fd86b49df,Play Store,excellent 👍,5,2026-07-27T08:04:00,0
a883e849-fba0-446b-97a7-75812e8b5077,Play Store,nice work 👍,5,2026-07-27T08:00:52,0
408ed8ed-c52e-4b3e-92a6-93fb8ff24daf,Play Store,nice,5,2026-07-27T07:58:50,0
a2234b92-68c0-423f-9b47-dc22919b48c0,Play Store,many times poor quality product. some location has a no availibity of gift packaging facility... so we face many issues ...,1,2026-07-27T07:57:13,0
63e96cac-b5b7-468c-a90f-a64da48c1d79,Play Store,nice 👍🏻,5,2026-07-27T07:52:11,0
5b1153b8-0234-4e38-87a8-6c7663952986,Play Store,good product,5,2026-07-27T07:51:31,0
0bdaa982-0215-4ddd-b5cc-0b69968952d7,Play Store,very helpful at any time at an affordable price.,5,2026-07-27T07:49:06,0
d88cb964-9184-4d67-b74f-5431735a9a6f,Play Store,very nice 💯🙂,5,2026-07-27T07:48:35,0
52fcb465-8cf7-4d6c-8c65-054d0c93bfb8,Play Store,price is hight compare to athors,1,2026-07-27T07:46:56,0
ed7da5c4-a8d8-49d9-9902-c77ff037c17c,Play Store,"happened again. They sent royal gala apples instead of pink lady and customer support says it's ""as ordered"". Box vs whats inside?Customer service on google play pretends they can solve fresh food problems with a DM us. A discerning customer can make out the difference between a pink lady and a royal gala when they eat one. They also send rotten products and expect a million pictures for customers to prove they sent bad products. i feel i pay them money and work for them. ridiculous.",1,2026-07-27T07:45:39,2
bfb6e5bb-7e26-48fa-ab72-973ffe17b31d,Play Store,"prompt service, appreciate it",5,2026-07-27T07:42:03,0
e728b6fc-61c0-4de5-9d99-4f2ff2e19b6c,Play Store,achcha hai,5,2026-07-27T07:41:09,0
d9655324-f401-409d-b735-066245e46145,Play Store,good app for youth,5,2026-07-27T07:39:57,0
ee8c9199-c0d4-43bc-ba73-d16bce7ec5cc,Play Store,ok,5,2026-07-27T07:38:24,0
b74f1ebd-9c45-4267-b3bb-c3b49308e78b,Play Store,good,5,2026-07-27T07:33:22,0
9835cbc7-fc64-48c9-bfa3-1b29d163d831,Play Store,nice,5,2026-07-27T07:33:21,0
3f6b5def-dc37-4ffb-beb5-daafea0da4ba,Play Store,good,4,2026-07-27T07:32:42,0
d71bd231-0879-4099-916a-6c7616beef18,Play Store,very good and very helpful,5,2026-07-27T07:31:14,0
8c34706f-3a25-43d7-93f3-a5e1d042649e,Play Store,I Like This App... ❤️,5,2026-07-27T07:31:05,0
77b17165-345d-46f6-a458-25fd3c0c6d61,Play Store,very nice quality nd product,5,2026-07-27T07:30:50,0
7ef57731-2903-4e06-a037-a84a23481b81,Play Store,Very good experience with Blinkit. I am very happy.,5,2026-07-27T07:28:33,0
73917708-e9ac-4daf-af2f-76319146b12d,Play Store,ok,1,2026-07-27T07:28:18,0
6318a5ed-3460-4997-bccc-7b4803e4a18b,Play Store,Good service,5,2026-07-27T07:27:26,0
18c6d719-0516-475c-9272-4cc2f0f8ae2a,Play Store,ok,5,2026-07-27T07:24:02,0
136e7294-19e6-4dad-9d03-5dbf90875be3,Play Store,good app,5,2026-07-27T07:23:11,0
5da34616-a6dc-41a4-adb0-130a826c26b3,Play Store,very bad no delivery is all place,1,2026-07-27T07:22:49,0
aef82b55-0c88-44f3-9e50-59fb9a352bc9,Play Store,good and responsible,5,2026-07-27T07:21:58,0
f7177d1a-9bf9-458f-a6ae-0588db550155,Play Store,10 min boke 30 min me aate hai,1,2026-07-27T07:14:13,0
4284ee79-01da-43f6-85e1-e2fb5cfddbdc,Play Store,Excellent customer service,5,2026-07-27T07:12:39,0
552f6232-a5d7-4d25-b77f-342c956232da,Play Store,best service,5,2026-07-27T07:10:45,0
9df13f66-7753-479c-8555-540349d15bde,Play Store,speed deliver and 24 hour service,5,2026-07-27T07:09:57,0
13c8e467-1f17-4835-adc1-cd7385798931,Play Store,old dated,1,2026-07-27T07:04:40,0
3c3f316b-4a5c-42f6-8f54-e9174b151b8f,Play Store,very good,5,2026-07-27T06:56:53,0
e6a29c51-53e6-4488-ae8f-39c95444cb68,Play Store,"Please guys, order from Big Basket or Swiggy! Never from Blinkit, worst service with 0% empathy! Please guys DO NOT ORDER FROM BLINKIT!",1,2026-07-27T06:53:56,0
4d4fe5de-b35b-4ada-8e7c-629136eeb57a,Play Store,welcome to India . 10 min delivery,5,2026-07-27T06:52:56,0
a4ca7838-f126-4916-a272-653b33041d5e,Play Store,very good app 👍👍👍,5,2026-07-27T06:49:02,0
2010ca05-1e5b-42e6-b679-f6a5c64d357b,Play Store,delivery is very good but extra charges are too heavy. 1 milk packet cost.,2,2026-07-27T06:40:01,0
e47a6f28-7de7-4e6e-846c-e12cd33d52d7,Play Store,like u Blinkit 👍👍 ok,5,2026-07-27T06:32:13,0
6d7b1614-f362-4e01-9a15-e264d40f744b,Play Store,good,5,2026-07-27T06:31:31,0
b6c09e1b-c484-45f8-9450-03a472a397d2,Play Store,it is very very helpful to me and I think to everyone.❤️🫰,5,2026-07-27T06:23:29,0
55051920-bf59-4376-9dc9-31761e78e4d7,Play Store,Amazing app,5,2026-07-27T06:18:30,0
a6f95f96-a150-4201-b657-9294dbff668d,Play Store,okay blanket,5,2026-07-27T06:17:26,0
f3163edb-b85c-467e-82cb-2756f5fef36e,Play Store,very quick. so much thank you to blink it that pharma products also available,5,2026-07-27T06:15:59,0
955435bc-2d10-450a-be44-346f4693f9bf,Play Store,costly,4,2026-07-27T06:09:25,0
7a5a4898-637b-4c0b-851f-1544c4512d03,Play Store,fast delivery,5,2026-07-27T05:58:34,0
151967cc-c063-4980-b084-38f369cd2ce2,Play Store,good 👍,5,2026-07-27T05:49:26,0
f06f127f-cf64-44f3-b43a-f779de4df531,Play Store,"delayed deliveries, unsolved issues and horrible customer support",1,2026-07-27T05:37:44,0
54c0fbfb-c32f-4654-bbcb-431eae2650c5,Play Store,printing store saved me,5,2026-07-27T05:29:48,0
e0d46033-2718-43b4-959f-2d239577da89,Play Store,great experience ✨,5,2026-07-27T04:31:46,0
8ddc4499-1435-4ec3-9388-bc8d7f042d60,Play Store,jaldi bhijwa do jaldi,5,2026-07-27T04:29:13,0
f20a9fee-5eb1-404b-a970-dac30010b980,Play Store,hamare jaha delivery nahi a rahi aur meri beti ko jaruri sanitary pad ki lod thi as pass koi sho v ni thi,1,2026-07-27T04:24:25,0
9c8be5c6-cc1e-46a5-852a-6cc696b0031e,Play Store,best,5,2026-07-27T04:17:16,0
6fb04699-b225-461a-aaee-1b6b10b4e173,Play Store,ok,5,2026-07-27T03:37:28,0
e1f9019f-716e-4c25-8757-620894281ce6,Play Store,good,5,2026-07-27T03:26:04,0
81de0df2-6169-4497-989a-32143490656c,Play Store,superb for night,5,2026-07-27T03:22:05,0
7e7e6019-0506-4f12-a0ac-d1f2b00f2567,Play Store,very good service,5,2026-07-27T03:11:01,0
6181e268-43d6-4f1c-943d-f0893983de3d,Play Store,been waiting for 30 mins for a 10 mins order,1,2026-07-27T03:08:22,0
ca8fa65f-cf60-4f75-87a9-17bf322844ed,Play Store,"blinkit is very good in all times bad,good,mood off etc and in timing any time wow good for many things 👍",5,2026-07-27T02:58:32,0
1ae7fc9f-eccf-456b-b5c1-03df2c5d38d2,Play Store,good,1,2026-07-27T02:53:36,0
639a774e-3045-47f4-ae90-ed680f5e895a,Play Store,all good,5,2026-07-27T02:53:24,0
bd4b87dc-993f-429e-9938-948a139e137d,Play Store,👍🏻,5,2026-07-27T02:20:32,0
fc0deb08-fc68-42bc-bf70-8c461c53dcda,Play Store,"It is not enough that when we cannot go out or we cannot get what we need, even at that time the dis app givet your need so I loved it dis app",5,2026-07-27T02:16:37,0
160cc963-6b79-4a47-9184-263d5913774a,Play Store,anytime asper your requirements,5,2026-07-27T02:15:36,0
0d8a83d5-934f-4c75-9a95-81a0fcce27be,Play Store,good,5,2026-07-27T02:11:21,0
17329a84-e254-4b1b-8a77-e09758d789f7,Play Store,easy way to get any time anywhere I always use blinkit best,5,2026-07-27T02:09:15,0
80e823f7-251c-4ab9-9f9c-0ad3e498900b,Play Store,very good,5,2026-07-27T02:08:42,0
38c5a7f6-b4a2-40a7-8ea4-686598f6bd9a,Play Store,tha girat fast caming,5,2026-07-27T02:00:44,0
55b5240e-2cb5-4dd6-aa38-9494d25808a9,Play Store,nice,3,2026-07-27T02:00:41,0
496fc351-dc0e-4eae-aaf1-3db0438af6b5,Play Store,good 👍,4,2026-07-27T02:00:35,0
be9e907b-9174-4c5d-9c02-e246c4601295,Play Store,good,5,2026-07-27T01:47:58,0
0c051efd-3575-44d6-bad0-e87f51f002ba,Play Store,very helpful if we want something at night,5,2026-07-27T01:47:24,0
3ac9e6eb-7ce2-41ec-902e-fd83a342ef32,Play Store,"Due to the incident on 9 July, which I have already explained to Blinkit, I feel that my complaint has not been taken seriously. I am very disappointed that my request regarding the cancellation option was not accepted. I used to order from Blinkit almost every day, but this experience has been extremely disappointing. Because of this, I am now shifting to Instamart, which offers a Pay on Delivery option. I genuinely valued Blinkit as a customer, but unfortunately, you lost me not my fault.",1,2026-07-27T01:43:43,0
6cb4c59f-0cc4-4c6e-a3f6-48c7fd2b915d,Play Store,bad,1,2026-07-27T01:43:33,0
e7a2f662-1545-4598-93c8-c13b5f54f713,Play Store,best service fast delivery,5,2026-07-27T01:41:56,0
162460fd-73e5-41f2-a342-fea1017e3e0e,Play Store,Amazing,5,2026-07-27T01:34:00,0
e7864f50-bdb5-47d8-85b3-7c593f166059,Play Store,it has been too much expensive service charges and products also a bit higher rate. most of the times product's are out of stock.to the owner of the blinkit company I request you to keep all the prices lower. so that you get more and more customers with lots of benefits,2,2026-07-27T01:31:42,0
e7c9d52b-b758-4269-b91b-4641fd47ac43,Play Store,best aap for groceries and junk food and othes,5,2026-07-27T01:21:29,0
4dc63120-78cd-4df9-a7c4-1a6965c9f17f,Play Store,best,5,2026-07-27T01:19:04,0
9976e181-1338-4883-a96a-393e8796ae2d,Play Store,waooooo app.,5,2026-07-27T01:18:06,0
fa53f309-3b3b-4241-9662-ffbd025cfd23,Play Store,ok,5,2026-07-27T01:16:54,0
9e09a898-48b5-48ef-9b48-e295df8aa0ef,Play Store,you are the best app,5,2026-07-27T01:16:22,0
e4f77e68-ffd4-4773-981f-e59cdbfff3b5,Play Store,good app and fast delivery,5,2026-07-27T01:16:18,0
1b75c9e0-ba52-4de0-bff0-6b267e6534d3,Play Store,"Blinkit is thug app for buying other items without milk, atta ,ghee oil, rice and sugar these prices are same everywhere, but other items 4times costly then other apps , my wife buy fruit basket at the price 510 rs but same item on other platforms is not more than 180 rs, same item same brand and when I tried to return the item blinkit says that no return option for this item, now I am going to make a video in which I pick same other items from blinkit having big price diff from other platforms",1,2026-07-27T01:14:43,0
a6ca3fbc-03ae-4511-8534-85ae36cdf500,Play Store,very good,5,2026-07-27T01:13:16,0
ea407ad7-45d1-498e-a4d1-ceb3117d601b,Play Store,nice good 💯,5,2026-07-27T01:09:23,0
1f02b212-ba11-478f-868a-8bd1bc66a0bf,Play Store,nice,5,2026-07-27T01:03:58,0
42b98d7b-8da4-4f44-95f2-764a467d3cb0,Play Store,😍,5,2026-07-27T00:55:02,0
c8004e38-d857-4f42-bdda-9cce19132c1a,Play Store,nice 👍 bhai,5,2026-07-27T00:54:21,0
d4877146-94bb-434b-9c53-d84c129f0011,Play Store,Midium,5,2026-07-27T00:53:34,0
729c89b7-b14b-4d9d-b0b9-933c0d6346be,Play Store,Blinkit is degrading day by day. Delivering items with live worms coming out of it. No quality check. Delivered rotten potato which was half eaten by worms. Same with the milk packet. so many worms were coming out of that packet. Worst experience,1,2026-07-27T00:53:16,0
acf2a506-7453-4aea-b8f3-07b9722cc32a,Play Store,fast delivery,5,2026-07-27T00:51:46,0
3d1db0d1-6ccf-4bf3-b5c5-ecdec282e736,Play Store,fast dilivery,4,2026-07-27T00:49:16,0
abcb7e4d-898d-4cd9-b20b-f19d8aad174f,Play Store,very good,5,2026-07-27T00:48:07,0
3f238a3c-92fe-4337-be95-0d3d59fb1593,Play Store,it is very good app,5,2026-07-27T00:46:21,0
0a14c706-fe98-4d7a-b6fe-09e08c5f9878,Play Store,the amazing blinkit app no extra charges fast service and humble employee according to Swiggy and dunzo,5,2026-07-27T00:42:29,0
6fff112b-9881-40b3-af7c-27fc48bf6e5b,Play Store,nice 👍,5,2026-07-27T00:34:32,0
0f7ab20f-d5c3-4b34-b528-00598cf0f0a6,Play Store,service very good,5,2026-07-27T00:30:23,0
92e9f889-bd0b-4d82-a1fe-33dde5fdc0fc,Play Store,supar hai Krishan Sharma,5,2026-07-27T00:24:42,0
d33392aa-5861-4b7c-bcae-a9a701f65e03,Play Store,osm...,5,2026-07-27T00:23:46,0
117a77d7-2f5c-40fb-95e7-70c26f852014,Play Store,so helpfull app,5,2026-07-27T00:20:30,0
fca648a2-d8bd-4d7f-ad7b-aa12d291f765,Play Store,fast and good dilivery,5,2026-07-27T00:20:24,0
ddde21aa-1df8-4cb0-8874-2dbc618b4fab,Play Store,Fast navigation through categories is handy.,5,2026-07-27T00:16:38,0
b57309fb-3171-412b-80aa-a738569785b4,Play Store,great experince,1,2026-07-27T00:12:01,0
08a89bd7-24d5-4cf8-a0b0-e11d2d897aec,Play Store,very nice...,5,2026-07-27T00:10:35,0
91c37701-a98b-4e6c-a70b-fc238ade0a02,Play Store,ok,4,2026-07-27T00:05:20,0
06d39f14-5e1d-4ef3-b369-e52bb7a348a7,Play Store,ਨਿਸੇ,5,2026-07-27T00:03:55,0
581b765b-bb53-4ac6-95f9-75c24d2b7b49,Play Store,slow delivery,1,2026-07-26T23:58:36,0
c7b3d672-51e6-4a13-9ffc-23d95a11154c,Play Store,great,5,2026-07-26T23:58:28,0
be1744e6-a369-4b86-b110-2aa08e8a719b,Play Store,best app,5,2026-07-26T23:58:28,0
ceeab017-681f-4702-b033-5794dc63363a,Play Store,good,4,2026-07-26T23:58:23,0
6d7c74a2-2fe9-4fed-821e-0d2e513c128b,Play Store,good,5,2026-07-26T23:56:35,0
516568f7-087f-4c41-bb75-b62cdc95a03d,Play Store,super,5,2026-07-26T23:56:24,0
030f453a-d0cd-42bf-99ae-fb7279fbccd4,Play Store,love you 😘,5,2026-07-26T23:56:20,0
e2db399a-7b17-4d2b-9039-2ea0f08b062f,Play Store,good,5,2026-07-26T23:52:59,0
94e5d511-d0eb-40e9-8332-b14f0a51f983,Play Store,super,5,2026-07-26T23:52:44,0
e7e62287-f28d-40b5-a8a8-cb3ca9e24acb,Play Store,very nice,5,2026-07-26T23:50:06,0
dba9d912-d9c1-44ec-84f9-87f990d1eb4a,Play Store,good service but I don't like delivery charges for order less than 149,5,2026-07-26T23:45:44,0
f9fd1452-0621-4487-b6e2-0a2ef13d5df7,Play Store,awesome,5,2026-07-26T23:42:25,0
7ae373e8-8153-48af-880e-84bef1282cad,Play Store,ok,5,2026-07-26T23:42:19,0
11601e8b-60f6-476a-8600-be77fb31ce04,Play Store,very fast and neat hygiene.. the delivery guy called was very polite and found my location exactly,5,2026-07-26T23:42:17,0
fec1d0fc-e480-42af-a540-31958ce76a05,Play Store,super 👍🏻,5,2026-07-26T23:41:59,0
1e37a611-a067-45cd-9f11-413250a4ba7b,Play Store,nice app,4,2026-07-26T23:41:49,0
0019dc33-74e9-46d4-b537-5fa7374d0be4,Play Store,helping app,5,2026-07-26T23:41:35,0
176a2790-9454-4c2b-a233-164cd754a808,Play Store,best,5,2026-07-26T23:40:28,0
4a46e12b-5889-404c-9fd4-6eb693f23021,Play Store,Good,5,2026-07-26T23:37:56,0
2f07bf6b-062b-4f7d-a49a-54def1b5f0c1,Play Store,nice staff and fast service,5,2026-07-26T23:33:41,0
0e8d65ef-df31-4d61-92ce-4e75971b21b3,Play Store,Excellent,5,2026-07-26T23:33:18,0
5b96b141-ef54-438f-8ea3-72d210982b7d,Play Store,good,4,2026-07-26T23:32:38,0
9b1b8385-2e48-4188-8371-2cc0f756762a,Play Store,amezing app blinkit on time delivery 🚚,5,2026-07-26T23:30:30,0
fc89d681-f5ad-4615-b386-a46aa86c279d,Play Store,wow,5,2026-07-26T23:30:28,0
e1e82657-1349-4524-b120-30cb980fb3ff,Play Store,"Good, but delivery partner don't know how to behave",1,2026-07-26T23:29:20,0
b2997f7f-6643-4672-bcc0-f00f05a07bc9,Play Store,good,5,2026-07-26T23:28:24,0
4958fcbe-7ccc-459b-a9dd-3bdfddd20020,Play Store,so crazy,5,2026-07-26T23:28:21,0
ccc5b3d2-58fc-4e65-a2c0-e634ed0abf1d,Play Store,worst app,1,2026-07-26T23:27:51,0
f380dbfc-d823-4860-af5e-fe1ed6f3483e,Play Store,blink it is one of the most fastest delivery ap i like to buy grocery shopping,5,2026-07-26T23:27:31,0
d7ef4a68-ffd0-4543-a338-be8d55838b75,Play Store,good delevary app easy to use,5,2026-07-26T23:26:11,0
082872b7-689d-4f83-9ede-4389850cfd92,Play Store,no cover povided,1,2026-07-26T23:25:44,0
061b9fd3-53c5-4aef-889c-b40fe80dd3ca,Play Store,fastest delivery and services is good 😊💯,5,2026-07-26T23:23:53,0
2b12595f-2ea8-44f7-9180-9c5c26269628,Play Store,super quantity,5,2026-07-26T23:23:49,0
2d3e5764-5381-407d-ad7a-ac4e3dc74fb0,Play Store,Maine kaju mangwaye the jo pure k pure sile nikle itne khrab quality hai,1,2026-07-26T23:23:40,0
86103036-189a-4a9a-b71b-fb60b957e374,Play Store,good service 👍👍👍 p,3,2026-07-26T23:22:34,0
472f5796-4d4f-4538-b7d0-1b54656db68e,Play Store,high price & expiry item,1,2026-07-26T23:20:28,0
74e8f23a-e786-49da-b33a-f065535516d7,Play Store,nice app nice service,5,2026-07-26T23:19:36,0
cfad47c6-d0ca-46d0-b3fa-4a7da9a9378b,Play Store,thanks for blanket,5,2026-07-26T23:19:23,0
4474385b-e5f6-40ed-a632-4528f26586ac,Play Store,I like that.thanks for your service!!,4,2026-07-26T23:19:19,0
57d88bc7-122e-49e1-b996-2f9794a5f244,Play Store,very good 😍,5,2026-07-26T23:19:02,0
1c536574-f50f-4560-810d-df86e0822228,Play Store,all is very good but delivery charges are soo high,4,2026-07-26T23:18:56,0
c360634e-f891-45dd-bcf6-a03e2ed3153d,Play Store,very bad experience multiple times order gets cancelled randomly delivery charge goes upto 50rupees delivery driver is very rude when he doesn't have change i want answers support never answers so I ask blinkit review team to tell me answers,1,2026-07-26T23:18:50,0
b8751896-8133-4646-b532-aa944b2aeb2b,Play Store,"Great Delivery app, great user experience",5,2026-07-26T23:18:13,0
d1e7ee98-0a04-41e2-9fa7-5e6d863f86f3,Play Store,good,5,2026-07-26T23:17:51,0
187f1c46-2fd3-46cd-bb48-863c66480d23,Play Store,love it,5,2026-07-26T23:17:41,0
647cb602-f95d-4a07-92e1-2ba31284be66,Play Store,good,5,2026-07-26T23:16:02,0
bdc63f9d-5213-4e9e-a85f-9eecf19b69b7,Play Store,great delivery service. on time. Delivery partner Rudra is outstanding guy. really appreciate it very much 😊,5,2026-07-26T23:15:47,0
147a407f-b609-4bdb-b888-75d90fc1f0e8,Play Store,good,5,2026-07-26T23:15:36,0
e9178b41-1381-4537-9058-aa030af8b98c,Play Store,good one,4,2026-07-26T23:13:49,0
7a742362-f245-4984-8a40-528cd6449d08,Play Store,very late delivery,1,2026-07-26T23:13:39,0
1a723cb4-580a-4713-bf10-40489d200564,Play Store,excellent,5,2026-07-26T23:13:07,0
903a2dbe-c554-40dc-afee-093b6d550b6a,Play Store,very bad app,1,2026-07-26T23:12:59,0
5f176fbd-db22-4717-8391-870b024a413d,Play Store,sasta elon musk ka sasta doordash,1,2026-07-26T23:12:49,0
6818fe89-44a2-453e-b00c-f4ebd820bb9f,Play Store,super,3,2026-07-26T23:12:32,0
073b2009-67ef-43df-8d4c-1cb1e74649b2,Play Store,good,5,2026-07-26T23:11:46,0
3a8a91a6-c948-4bc4-b9e5-14121f1816a4,Play Store,very bad delivery time,1,2026-07-26T23:10:31,0
2f732344-075a-4477-9818-9cdcc1dc0b67,Play Store,Good service 👍,5,2026-07-26T23:08:29,0
22a16754-9d78-42a1-9df9-01f9a60b8ba7,Play Store,VERY HELPFUL IN TIME,5,2026-07-26T23:07:45,0
4d8f0b31-28cf-4b25-91ab-a590233b4cc9,Play Store,worst apps,1,2026-07-26T23:07:27,0
50e924bf-79ad-4e23-83bc-257b18151545,Play Store,Just 👍.,5,2026-07-26T23:06:42,0
a788693b-a830-4582-bdbf-638e822abeff,Play Store,faster than my internet!,5,2026-07-26T23:05:31,0
4ffe76c4-6f67-4c5d-a48d-2e3647f02ad3,Play Store,good,3,2026-07-26T23:04:44,0
1fcfc7db-65ea-45b1-b022-a423990bbec8,Play Store,Main Raat Ko order kar raha tha 11:10 per aur Maine subah Se khana nahin khaya iske liye Maine apna ration book kiya tha iske dwara aur vah Abhi Tak nahin aaya late aaya din ho gaye hain order kiye hue sabse kharab platform mein kripya Mera nidan Karen samasya ka,1,2026-07-26T23:03:45,0
06dc516b-4166-460d-9d64-b815749d4f7d,Play Store,nice,5,2026-07-26T23:02:51,0
e622f34a-f14e-40e3-8ed3-4282a12175a3,Play Store,now.days everyday when.ever you order item keep missing when we complaint tbe send half money in promo.code which it will add to acc 24hr and the delvery person they behave very rude,1,2026-07-26T23:02:21,0
bdabebb7-d9e9-453b-aca3-dade323819a2,Play Store,tricked me giving soft drink without cooling,1,2026-07-26T23:02:02,0
db3627f2-b91a-409c-bee8-850d73e55adc,Play Store,"great experience with the app of delivery both. there are many apps but in case of urgency or emergency, I trust Blinkit.",5,2026-07-26T23:00:49,0
8ae17296-f60f-4b06-85b9-3f5aa0fd251a,Play Store,It's last minute plan for celebration. Thank you for the service support.,5,2026-07-26T23:00:17,0
047e2c5f-ba7a-405f-a723-f3e98f432de4,Play Store,I feel happy for fast delivery,5,2026-07-26T22:58:28,0
30d1f9ae-f34a-4097-8df5-521d27a51908,Play Store,good,5,2026-07-26T22:57:55,0
37e2a0cd-4802-4e58-853d-609b6dd8b5f7,Play Store,"I received a complimentary animal food product with my Blinkit order, only to find that it was already expired. How was an expired consumable even packed and delivered? This is gross negligence and a serious safety concern. Whether the product was free or paid is irrelevant. If I had unknowingly fed it to an animal and it had suffered harm, who would have been held accountable? Your response that there's no resolution because it was complimentary is completely unacceptable.",1,2026-07-26T22:57:39,0
33e9c204-07f0-4eb3-b2e7-c5a1c3de0f28,Play Store,okay 👍,3,2026-07-26T22:56:37,0
eb1439da-f8fc-46e3-afec-fe0429e1c025,Play Store,the best app so fast delivery my fav app just collab with me plz,5,2026-07-26T22:56:32,0
bd43f915-ee05-4e82-ad69-7aec0ee75d6e,Play Store,late delivery then before,2,2026-07-26T22:56:16,0
c86f9545-228f-4643-a9d4-8aa546239aca,Play Store,thank you blinkit for your instant delivery 🚚🚚👍🏻👏🏻🙏🏻,5,2026-07-26T22:55:14,0
b22c9e43-dfab-449f-81f3-a978bcc3fee3,Play Store,"yes this app is very helpfull at khatushyamji and very other devotional places as like as vrindavan , ayodhya and more very thankful to blinkit . and we request you to please make your service at nearby places of khatushyamji also",5,2026-07-26T22:52:53,0
b70aeb1b-1e6e-4704-8984-38432f0c00d8,Play Store,good 👍,5,2026-07-26T22:52:39,0
c3c6501c-713c-44b1-b225-9fb9d030228c,Play Store,Good,3,2026-07-26T22:52:07,0
1aad455b-702e-4707-9230-22c53f5b4833,Play Store,well done blinkit,5,2026-07-26T22:51:58,0
d0dfd6c4-af53-442e-912d-cd2051931940,Play Store,Nice 👍,3,2026-07-26T22:51:22,0
9231582e-dd7f-4b79-95ac-257538601fc1,Play Store,good,5,2026-07-26T22:51:06,0
7f676df9-1d3c-47c2-9bce-1fae7c3ce6a6,Play Store,you provide loose items in less quantity then ordered this is clearly a theft.,1,2026-07-26T22:50:44,0
636c7af3-a03b-4b53-a1ef-0dcf1aea0939,Play Store,excellent,4,2026-07-26T22:49:54,0
299d7ae4-e558-4ab4-8768-2174555ce733,Play Store,"very best app , install it and use 🫡😝",5,2026-07-26T22:49:15,0
5ff629e2-f6ab-43c6-9dc0-b8b807c63b2f,Play Store,good,5,2026-07-26T22:49:06,0
95de052c-b978-4323-a008-5480c6b6ee09,Play Store,nice,5,2026-07-26T22:49:00,0
33e3240d-ee78-4018-bb7c-44eb9a7fa1fc,Play Store,good job,5,2026-07-26T22:48:30,0
74d1819a-4b1a-468d-8bc8-cd99619fcea8,Play Store,good,5,2026-07-26T22:46:27,0
08fd1f00-10c9-447f-830b-5ce8584e2f31,Play Store,good,5,2026-07-26T22:45:12,0
ecdc7017-549b-4864-9b55-2450e1ed2930,Play Store,good,5,2026-07-26T22:44:59,0
5f44f784-566b-4dd2-9ee7-c0851e25358e,Play Store,this app is very useful.... and also their service is very good... thank you blinkit...❤️,5,2026-07-26T22:44:04,0
abeed21c-40aa-486a-88b5-d6faf7355b3d,Play Store,soo nicee app,5,2026-07-26T22:43:13,0
0454a2eb-c21a-488f-a9e1-9ebee182ed24,Play Store,delayed delivery,2,2026-07-26T22:42:46,0
581176d0-18e9-4f3b-ab1b-c1b4b50c7315,Play Store,good,5,2026-07-26T22:40:20,0
5849a826-e174-46d7-afa5-b1e897b0154f,Play Store,delay delivery,1,2026-07-26T22:38:50,0
07291bdb-838d-4ed3-a83b-3c162a24826a,Play Store,ordered the egg trays both the trays are broken now your auto generated msgs bot not allowed me to connect to the team,1,2026-07-26T22:38:17,0
232909a8-d8f6-4b10-9631-3ce661b60057,Play Store,good,5,2026-07-26T22:37:48,0
6b12f198-be43-4719-95f8-78d11d4c51d5,Play Store,😘,5,2026-07-26T22:37:24,0
ec62980c-3ce6-4869-879f-4a734572dafa,Play Store,extent 😀,5,2026-07-26T22:37:18,0
241bdd07-83eb-4067-891c-1d28ca2854f1,Play Store,9 mint mai aa jio bhai,5,2026-07-26T22:37:14,0
09bbda88-1fb4-4096-a99d-b5b78fa3566c,Play Store,good,4,2026-07-26T22:37:05,0
eb34183f-0ac9-4d4c-a16b-17833af23ac8,Play Store,Nice App,5,2026-07-26T22:36:49,0
b8959b16-d6e6-42bb-965a-0b78fea5a3ba,Play Store,good,3,2026-07-26T22:36:43,0
f6c382cb-cedd-4b7a-80dd-54d7488926c8,Play Store,everything good but prices are too high,3,2026-07-26T22:36:25,0
3c519211-33fc-46a2-aa82-5c6be048f3e3,Play Store,THIS APP IS VERY MUCH GOOD AS IT GIVES FAST DELIVERY AND SUPER OFFER DISCOUNT ON MRP I will rate it 10/10,5,2026-07-26T22:36:22,0
c8c56b87-87dd-4f81-a8a3-685e576d08aa,Play Store,good,5,2026-07-26T22:34:51,0
fa20c03e-f10b-4ada-9ae6-40021e21c381,Play Store,"very fast delivery, good customer service",5,2026-07-26T22:34:12,0
595f959d-907b-4d4f-a243-dee550a552d6,Play Store,fast delivery,5,2026-07-26T22:33:59,0
821c4ffb-f9d5-403a-b971-d6209dc166cb,Play Store,best service,5,2026-07-26T22:32:06,0
5c321657-ac5d-4e4d-98f8-8327cddaaaa6,Play Store,this app is very good and giving many coupons,5,2026-07-26T22:31:28,0
c4e09e1e-d99d-4297-900d-80a987938de5,Play Store,awesome experience,5,2026-07-26T22:29:40,0
94b42ac3-3642-4c48-ad28-1152f76822bc,Play Store,👍,5,2026-07-26T22:28:52,0
8f80c697-7cb2-4a5a-97df-136b5d621c42,Play Store,good,5,2026-07-26T22:27:29,0
3c9521d5-d0fa-4356-91ee-0d3bebb5214f,Play Store,excellent,5,2026-07-26T22:26:33,0
632ad2b1-110e-42f3-b5c5-6817a5b972b8,Play Store,best experience,5,2026-07-26T22:26:24,0
cb667128-e690-49d9-b155-64258de62363,Play Store,🥰,5,2026-07-26T22:25:44,0
13ccd664-854c-4dc3-8809-50fe996b6caf,Play Store,hidden charge per item rs 12 use calculator and order,1,2026-07-26T22:25:20,0
fa39fb67-20f1-44cd-9d5f-18d7ff7bf909,Play Store,Poor and unprofessional people. I hygiene issues of the delivery person and delivering open item. Don’t understand don’t replace as well.,1,2026-07-26T22:25:14,0
3e5cca67-dc47-4404-b696-45488e9fdbf1,Play Store,super,5,2026-07-26T22:24:39,0
61995e78-a275-4dc3-a011-9cb490a65f07,Play Store,good and easy shoping,5,2026-07-26T22:24:18,0
c89b8870-1fe1-4513-90e0-97d8dc95fb4b,Play Store,very bad cancellation carges so high and order place ke bad cancel karne ka koi option nhi hai,1,2026-07-26T22:23:41,0
09507f4b-cf28-45fc-a83e-bd9f442ba778,Play Store,thank u delivry partner,5,2026-07-26T22:23:15,0
c032d0d4-a650-47e7-9a34-e38896a72589,Play Store,Awesome 😎,5,2026-07-26T22:21:27,0
29879cd4-d44c-4d59-9fd4-7bf7dd7f924a,Play Store,Good 👍,5,2026-07-26T22:21:17,0
97f30aa6-68d6-4973-a4ef-1651e7a76271,Play Store,Orders in my area are having a lot of trouble. I will be moving to zepto for future orders. Please let me know if you guys can have better delivery guys then I will start using the app again.,1,2026-07-26T22:16:10,0
ba85cc38-d633-43f9-a816-08d545694f82,Play Store,worst quality,1,2026-07-26T22:15:57,0
0cb8509f-6cd3-4b46-91bc-8435febcfbde,Play Store,good,1,2026-07-26T22:15:38,0
d251969d-9b6c-481f-8b87-cf39ee3da7c7,Play Store,👍 good,4,2026-07-26T22:13:59,0
18578169-ac47-42bf-8839-1f749f2db5e2,Play Store,Good service,5,2026-07-26T22:13:17,0
226196a6-e280-4f56-ae1b-56ec5ffb1c98,Play Store,best app for needy or aged person.,5,2026-07-26T22:13:17,0
4b7bac49-38c8-47e0-9964-fee8fc056e2e,Play Store,awesome,5,2026-07-26T22:12:23,0
99fbca45-07ce-4a91-937b-c8f6c94f76cb,Play Store,all ok delivery partner,5,2026-07-26T22:12:13,0
47264fee-b13c-4131-a102-84fd7469bb45,Play Store,"now it's getting better, previously the extra charges were too much",4,2026-07-26T22:11:45,0
4e051ec6-6008-4033-ab35-2b1b72d54a2d,Play Store,stale food and products always received,1,2026-07-26T22:11:04,0
2e63bb06-b4c3-485a-a3a4-57ce4b5538aa,Play Store,very good 👍,5,2026-07-26T22:10:53,0
9cf10faa-2d8a-40b9-8008-55be2179d171,Play Store,nice app bro 😀👍,5,2026-07-26T22:10:22,0
95854a37-c8df-45ef-9039-11ace6967d6c,Play Store,good,3,2026-07-26T22:09:59,0
a3aae165-87d6-4cca-bf0b-f69fb55f0f26,Play Store,very bad app hai yr me apne dost ke phn se order krti hu jese hi 200 ka samn hota delevery chrg khtm ho jta but mere phn se km hota hai khtm nhi kyu 😡,1,2026-07-26T22:09:53,0
8eb7e278-f641-4fe4-ae43-c45a0c90f65b,Play Store,better than others app,5,2026-07-26T22:09:00,0
9326a493-5a2f-4aee-814d-1e8f2b8a5db4,Play Store,good 😊,5,2026-07-26T22:08:03,0
809e80c6-2702-420f-9390-c3db0ade6391,Play Store,excellent,5,2026-07-26T22:07:53,0
717a6659-9927-4693-b73f-c56316290d52,Play Store,great,5,2026-07-26T22:07:34,0
788b6a4e-b65d-4989-92d1-9643681155dd,Play Store,Best one out there,5,2026-07-26T22:07:11,0
17904fe3-d00a-4839-99b6-7978d7604c07,Play Store,"I don't understand why Blinkit says it's not available in my location. My location is Dosanjh Kalan, which is only about 15 minutes from Phagwara. There is already a Blinkit delivery hub/warehouse in Phagwara, and orders are dispatched from there. If nearby areas are still showing as unavailable, then Blinkit should expand or update its service area. Please fix this issue so that people living close to Phagwara can also use the app.",1,2026-07-26T22:06:50,0
a1df9d14-cc9f-4450-ae2d-0f9edd8ff6c3,Play Store,excellent service,5,2026-07-26T22:05:58,0
d1b6b1d3-89a4-4265-9725-00f89f643170,Play Store,best service ever,5,2026-07-26T22:05:26,0
21cb6510-5a43-45e6-a628-9751c8fe64fe,Play Store,very nice and rate high ha thoda kam rate kro please 🥺,2,2026-07-26T22:04:46,0
ea5d90f4-9e3a-47d5-9004-79972bccf0f8,Play Store,BEST APP FOR GROCERIES AFFORDABLE PRICE WITH POLITE DELIVERY PARTNER KEEP IT UP👌👍,5,2026-07-26T22:04:37,0
e2818d70-a594-47cb-826a-4accb1d8cde8,Play Store,good,4,2026-07-26T22:04:10,0
1dec8f9a-e150-4b08-acac-2db609fe7263,Play Store,"today i ordered organic atta 5kg in other local platform but i found in blink it, the delivery is fast, it was delivered in paper bag withstanding 5kg super delivery",5,2026-07-26T22:02:23,0
bfe4a121-d5f0-4af0-98ee-644a61eec33a,Play Store,"the best part is that the app said ""arriving in 20 minutes"" instead of 5 or 10 minutes because that does create pressure on delivery partners and it is unnecessary.",5,2026-07-26T22:02:17,0
6c9905a4-cf03-4543-bd6d-f35a94e45cdf,Play Store,nice aap,5,2026-07-26T22:02:13,0
d23af6e4-c602-4890-80c9-651f3372a413,Play Store,very very nyc,5,2026-07-26T22:01:12,0
32cbfef0-fc19-4d66-b13c-6118bf18e8d0,Play Store,good,5,2026-07-26T22:01:11,0
ea44f476-2784-488d-b990-d203b09d783f,Play Store,good,5,2026-07-26T22:00:59,0
9bb6b62b-7c9f-43c2-a770-a9494b353af5,Play Store,Best india aap,5,2026-07-26T22:00:53,0
9eb14f66-6837-4ea0-9f4b-2a50c01b31ca,Play Store,very helpful app,5,2026-07-26T22:00:16,0
2e8b316b-0751-4a55-ba51-4b2b2a245346,Play Store,exceelent service,5,2026-07-26T21:59:19,0
942525c3-d8d3-424c-a4b8-9aa1660e2a39,Play Store,excellent,5,2026-07-26T21:58:48,0
96b450ea-cc25-45be-abd0-a47eafb9bbfd,Play Store,app is good but free delivery t*c is not fare,2,2026-07-26T21:58:28,0
47783eba-dc35-4b55-8d8c-50688cddbfd8,Play Store,super,5,2026-07-26T21:58:16,0
c8964964-e008-4831-b6cc-9b0c06335aba,Play Store,good 😊,5,2026-07-26T21:58:03,0
45ab4aa8-2ec5-4575-8ca7-99e97976f68c,Play Store,nice,5,2026-07-26T21:55:59,0
5a0d7011-cb3b-4756-8ea5-e9f6078e1324,Play Store,super,5,2026-07-26T21:55:53,0
49ac22bf-17b4-4440-97c7-017054bcd8bd,Play Store,great 👍,5,2026-07-26T21:55:14,0
3be7947b-cbb7-4db8-abef-4568d3259eb4,Play Store,good,5,2026-07-26T21:55:10,0
41e8ff45-1b6e-46e6-9d0b-aed0c92f1ddb,Play Store,good,5,2026-07-26T21:53:24,0
2ac4ccb2-f77e-4aa3-89e7-403cadc3d764,Play Store,good,5,2026-07-26T21:53:19,0
5c9e17b3-9ad9-4551-8abb-08ef32ccb139,Play Store,good 👍,5,2026-07-26T21:53:05,0
d5efa0d7-4ad6-411f-9e8f-d44c196a9661,Play Store,"this all has been very helpful in some very tense, urgent and needed moments and never fails to deliver👍. seriously the print feature is goated asf, it was very much helpful, and I am grateful and thanking the blinking team from the ones who started it and the backbone of the company, the delivery persons 🗿✌️",5,2026-07-26T21:52:48,0
7a260776-a518-4d6b-bb74-23015ce1eb26,Play Store,anytime online piece missing,1,2026-07-26T21:52:12,0
73d84425-0bbd-4046-b51a-cfae39e07526,Play Store,ok,5,2026-07-26T21:50:32,0
ece2f7e2-2351-42ea-a3ca-44a82a2bcb36,Play Store,ok,5,2026-07-26T21:49:56,0
62445ca3-0ba8-48d2-aad6-d820b6290bc2,Play Store,good 👍😊,5,2026-07-26T21:48:19,0
c79e5f2d-cf37-4957-ba62-629baa11a706,Play Store,nice,1,2026-07-26T21:48:01,0
9b594b72-05b3-4422-bcd6-89428cd33658,Play Store,change adress veer hospital icu,5,2026-07-26T21:47:28,0
66e6f888-d1bf-4b69-a544-7caa15ef11f4,Play Store,good app very reasonable price 😃👍,5,2026-07-26T21:46:06,0
9cccbae3-7ec3-4e03-9439-727b36f5b951,Play Store,very good nice,5,2026-07-26T21:46:01,0
34852759-e2f3-428d-89cb-a38dd272d433,Play Store,"Blinkit is a useful app. The only issues are that a lot of necessary items are often out of stock, and deliveries are very late. I’m quite dissatisfied with the delivery time. On the positive side, the new print delivery feature is really useful. I hope Blinkit resolves the stock and delivery issues soon.",3,2026-07-26T21:45:24,0
b98e5433-756f-456b-ade5-0cb1cb3004a4,Play Store,location service always providing wrong address to rider.,1,2026-07-26T21:45:17,0
cab92ab6-3dd6-439a-a5c9-555fd2dc8db0,Play Store,good 👍,5,2026-07-26T21:43:56,0
b78920e4-fb84-417f-a566-0eac932a78e6,Play Store,easy order and good short time 👍,4,2026-07-26T21:43:50,0
97cdceeb-b989-4fc1-a4cb-383181e0f5ba,Play Store,good 😊,5,2026-07-26T21:43:26,0
dc457532-6f54-48f0-91aa-f93eac1127cf,Play Store,it's really nice app,5,2026-07-26T21:42:55,0
29aa15c7-3ca9-41ed-bb6d-11e2abfda0ce,Play Store,good job,5,2026-07-26T21:41:46,0
5b824399-4fe1-4e16-8224-2dbbb5fb2337,Play Store,best delivery app,5,2026-07-26T21:40:01,0
b801c4c3-4fcc-42ff-8390-8a6275aa414c,Play Store,good 👍,5,2026-07-26T21:39:01,0
fb7456a5-f5f4-45c8-92ef-8815563aaf75,Play Store,very good,5,2026-07-26T21:38:54,0
ada4f02a-8a4b-411a-b380-2763343c3b4f,Play Store,fantastic and super,5,2026-07-26T21:38:39,0
5a147bb2-c80d-4509-a08c-be1d52042c04,Play Store,products are good but to costly,4,2026-07-26T21:38:23,0
a6435086-55cc-45e9-8697-c8769fb0911a,Play Store,excellent picture,5,2026-07-26T21:38:16,0
c39d110a-7ff9-43c5-a002-5c37af6adea5,Play Store,🙂👍🏻,4,2026-07-26T21:37:59,0
6175c2c7-c93c-41f9-b20d-a175918dc1fb,Play Store,Excellent. Fastest.,5,2026-07-26T21:37:29,0
81a7ad15-65eb-4ca9-9ff9-96efd6497810,Play Store,❤️,5,2026-07-26T21:36:06,0
4c657fc5-61ca-4e94-be14-e3ee88d81995,Play Store,I heard so much about blinkit but when I installed it. It says we are not serving this area Whyyyyy why are you not serving I am so disappointed 😔,2,2026-07-26T21:35:57,0
d7c442ac-c4cb-4e14-beea-ab3f5d13d70a,Play Store,so good 😊,5,2026-07-26T21:35:38,0
bc25cf79-66b4-4b87-bf2e-804785765b59,Play Store,I ordered a wish care serum bottle from blinkit the bottle was empty I raise the issue but they did not resolve this problem and return arguing with me.very bad experience this time,1,2026-07-26T21:34:50,0
24201bf8-067a-4e32-9b71-f33e6ff180c5,Play Store,thanks blinkit,5,2026-07-26T21:33:49,0
8685f5e1-a9aa-4303-9f78-2b78337f8876,Play Store,super 👍,5,2026-07-26T21:33:44,0
66e1ee7b-a543-4d27-b713-a3466faa170b,Play Store,awesome,5,2026-07-26T21:33:28,0
bb584868-5ca9-43e6-afab-1fddb90e6d37,Play Store,best my choice,4,2026-07-26T21:32:52,0
96eb1fe5-e88e-4f5f-a82c-b89ca4292f4d,Play Store,good,4,2026-07-26T21:32:49,0
21610cc3-9b99-4fba-b07e-06294c98fe11,Play Store,vry good and useful app,5,2026-07-26T21:32:13,0
bb3c9c3c-5f9d-471a-83ce-188b38592241,Play Store,V. Good Service 👍👍👍,5,2026-07-26T21:30:59,0
a85b2ce0-aa16-4c4f-849a-c7db853f832f,Play Store,"over all it was the worst experience with blinkit . wrong persons, staff , and miss communication through app . untill payment it is showing placing order . and after completing payment rider is asking that it will be not delivered. so kindly request for all don't use it . there are other options also . worst worst worst experience...so 1 star from my side ......",1,2026-07-26T21:30:54,0
26fa9867-a512-4ea2-a619-0417422b9673,Play Store,Good 😊,4,2026-07-26T21:30:07,0
6f23082c-de57-494e-92f1-4a2b9362998f,Play Store,Good,4,2026-07-26T21:28:13,0
e49b947d-49f3-4066-afca-e9f4117b437c,Play Store,nice but all products are not available in time they are most in out of stock,5,2026-07-26T21:27:28,0
cbe98888-c488-4c9e-9cc2-bcbabbe78f7f,Play Store,good 😊,5,2026-07-26T21:27:20,0
2cdbeae2-5331-465a-8810-9b0697ee01fd,Play Store,Good 👍,4,2026-07-26T21:26:37,0
148659b2-01ed-4e38-84df-e0f7b01da02a,Play Store,Maine cover Maine order kara tha vah itne Dinon Se aayega,1,2026-07-26T21:26:30,0
02ad3d50-3f81-4926-8b22-4087bff36be2,Play Store,avarage,5,2026-07-26T21:24:57,0
1b2ac3d7-b7cd-4c15-a973-eb16b28700c7,Play Store,blinkit have give proper respectfully service I am happy ☺️ but you upgrade imported section more and reduce extra charges ♥️,4,2026-07-26T21:24:56,0
34a5668d-d1f5-49da-b686-9537a7ec7da4,Play Store,Very good service,5,2026-07-26T21:24:18,0
649cd4e7-58e7-4e9b-9c18-9b21fbcdc916,Play Store,Blinkit is really awesome... 👍,5,2026-07-26T21:24:11,0
e0b4b003-cd3c-4e0c-a434-545e084ffd0b,Play Store,good app,5,2026-07-26T21:24:06,0
bc56993a-ae5d-4eb5-af36-6c419adb6d61,Play Store,I'm just fan of blinkit but I have one suggestion minimum oder price for free delivery 99rs hona chaiye yr because most off time itna kuch oder dena ni hota 99rs ke oder pr bhi do please I have request for this and ice cream ke new flavor leke ao and jo out of stock h ice cream unko stock mai Lao yr kitna time ho gya jo out of stock g stock mai kro please jitna jaldi ho ske 😤 and mene kitn time phele khata ki 99rs pr free delivery leke ao or minimum oder bhi but wo tk mo kiya yr mai na delet,3,2026-07-26T21:23:55,0
56d418a9-f3e5-4af2-a025-03768e83ee57,Play Store,best food,5,2026-07-26T21:23:10,0
0def481b-c506-4a9e-977e-a1a6fa73095d,Play Store,nice,4,2026-07-26T21:22:58,0
98e15855-a568-4aad-b0a4-69002c833bce,Play Store,good,3,2026-07-26T21:22:54,0
6aed44eb-c2c0-4097-bebc-e568def8f485,Play Store,nice,5,2026-07-26T21:22:13,0
3e947f2f-e7ce-4b05-bd11-6248e58110f9,Play Store,mast,5,2026-07-26T21:21:20,0
a3708e68-1f02-43be-a7ff-a02ed7fd8156,Play Store,excellent,5,2026-07-26T21:21:10,0
24dd50f2-0527-4646-ac95-ba00a25cea5a,Play Store,good service 👍,4,2026-07-26T21:21:08,0
178a6b56-fbce-4bcf-9764-4a087659f401,Play Store,quick and fast . really recomend.,5,2026-07-26T21:21:03,0
e64b8740-fed0-4f0d-98b3-b867861794dc,Play Store,Fast and genuine,4,2026-07-26T21:20:39,0
670d72b9-b128-47b0-a3b7-0d1af3690a13,Play Store,best service,5,2026-07-26T21:20:38,0
0ddab6a1-0e83-4c32-b389-546fd3bbd7fd,Play Store,"Truly at the blink of an eye. Very useful when not feeling like going out !! Easy to select, place the order and pay.",5,2026-07-26T21:19:58,0
6463233d-a88a-4125-840c-f908f0fb6d2d,Play Store,good delivery,5,2026-07-26T21:19:13,0
248264f8-833b-43bd-aa30-6c358a45f881,Play Store,but bhut mhgha hai,5,2026-07-26T21:18:27,0
90a24361-9409-4fa8-bc76-d56ed02e0ed4,Play Store,there is no breakup for charges to see.. and no option to hold or cancel order,1,2026-07-26T21:16:48,0
e789e0cb-1ac7-4002-b876-0aadb8afb68f,Play Store,very good,5,2026-07-26T21:15:41,0
5ef5d062-a16e-4348-a785-6274f725796b,Play Store,Best,5,2026-07-26T21:15:01,0
001e0205-be64-4ea5-a5db-35533bc91eda,Play Store,nice app 👍,5,2026-07-26T21:14:31,0
c916bd23-f8bc-4f46-b64d-c8318cf33787,Play Store,very good app,5,2026-07-26T21:14:22,0
1d3c1943-059f-4a49-a7c4-1d660594cb07,Play Store,good,5,2026-07-26T21:13:24,0
1b87ba1b-a87f-420a-b738-36ec74cbb576,Play Store,good 👍,5,2026-07-26T21:12:13,0
63dd0f5e-c95a-46c5-bd75-cf4f7604066d,Play Store,"too much charges. For example: I bought a product worth 100Rs, after applying coupons and all that it was still 100Rs so why give coupons just keep it 100",1,2026-07-26T21:11:47,0
3bc8250e-c4c2-44bb-a544-3681c1dcccca,Play Store,nice,5,2026-07-26T21:10:31,0
0210608e-1a51-4e15-ade6-e2d492da4840,Play Store,very good serves 👌👌👌,5,2026-07-26T21:09:48,0
e5c8bb33-7e71-45ab-b311-74d77475aed1,Play Store,good app,5,2026-07-26T21:09:01,0
82dbb1d9-1482-4e48-a28e-007eb270ce78,Play Store,delivery not good,1,2026-07-26T21:08:28,0
2ae18614-8516-483c-b494-b16a3f1fe605,Play Store,"10mins delivery mentioned, but it shows 21mins",3,2026-07-26T21:07:53,0
cb4c3fb7-1d8f-4fcb-a25f-6145a1668bb6,Play Store,mast,5,2026-07-26T21:06:45,0
5ecf339c-972d-4ad3-8490-8ccc20de1eb2,Play Store,the orders are delivered so quickly and the quality is also very well.. I really appreciate the service 😊,5,2026-07-26T21:06:14,0
70190eef-e109-49d4-831e-5d486a56850d,Play Store,yes some prices of things are more but according to service its fine...,4,2026-07-26T21:05:48,0
03228663-a3f8-4d65-a7f6-d3a81da1956d,Play Store,good,5,2026-07-26T21:05:39,0
d82c7a06-6999-4595-8b27-70e4ba540bbf,Play Store,good,4,2026-07-26T21:05:38,0
bdeb2b42-6bd7-4a3d-ab89-768e519aa89a,Play Store,what is a nice app but some time the employees are rude,4,2026-07-26T21:04:22,0
037e683c-2543-48cc-a8c6-736989d80659,Play Store,good 👍,5,2026-07-26T21:04:11,0
dfeed417-fcdf-4131-bf73-65342a650ca2,Play Store,good,5,2026-07-26T21:04:05,0
504803e8-d94d-4ba5-804d-0ded698b36d5,Play Store,"My location (Bantalab) has been showing ""Currently unavailable due to high demand"" for over a week, while nearby areas like Chinore are available. What kind of fairness is this? Please explain why my area is still unavailable. Also, products from your store often arrive covered in dust, which reflects poor storage and quality control. Please fix these issues instead of sending generic replies.",1,2026-07-26T21:03:40,0
24ecedd6-c05b-4380-9f21-9eee6842dea6,Play Store,"they change the order after ordering , shame on blinkit",1,2026-07-26T21:03:25,0
1d41fe52-69a8-4d64-a855-d73d5bfe76ca,Play Store,best grocery delivery service app,5,2026-07-26T21:02:23,0
0592a8d1-2654-44d1-bd57-29329aa7a793,Play Store,nice,5,2026-07-26T21:00:11,0
8227aa02-22a1-46f3-89dc-4015341d8ed1,Play Store,good,5,2026-07-26T20:59:57,0
9f7d0783-aa88-425f-a665-9db0c05f5218,Play Store,too much delivery charges,1,2026-07-26T20:59:47,0
ce276017-ae91-4110-87fc-a65b9a941468,Play Store,very nice,5,2026-07-26T20:59:43,0
77dda2da-0586-4e38-b2bb-d6d83c69304c,Play Store,nice experience and many options are available here,5,2026-07-26T20:59:41,0
989ca203-99dc-4210-9abf-7f00d3118580,Play Store,very good,5,2026-07-26T20:59:36,0
17b9c273-4f79-4219-9b74-6c2488ed156b,Play Store,good,5,2026-07-26T20:58:48,0
deacad22-8f35-4b85-9728-13d2bd26c78e,Play Store,Nice!!,5,2026-07-26T20:58:35,0
732e8b77-cd41-4e5b-9df1-e2b2912b8705,Play Store,worst,1,2026-07-26T20:58:33,0
4787d9ec-f82a-4bcb-92d5-98c2d4426885,Play Store,nice app good service,5,2026-07-26T20:57:51,0
5f66bbaa-ab55-4129-84c8-9aeefb3daab1,Play Store,no offers,1,2026-07-26T20:57:14,0
d2cc28af-d29d-425b-bfcc-3dd7594520f8,Play Store,very nice app,5,2026-07-26T20:56:48,0
71f67ebc-58f1-48ec-b87a-bcbe8830d467,Play Store,Excellent 👍 very fast,5,2026-07-26T20:56:13,0
16489749-7e82-4535-9708-ba4b5a685f80,Play Store,sometimes the delivery cost is way too much,4,2026-07-26T20:55:18,0
81d7941d-f7a0-433d-98eb-60246147cc28,Play Store,good,5,2026-07-26T20:55:10,0
0ad1dd25-5595-40ff-8716-b0addeb2db96,Play Store,good,5,2026-07-26T20:54:35,0
fc7de377-bba3-4c02-8926-be27f17d6857,Play Store,good 👍,5,2026-07-26T20:54:22,0
d9cdc2e2-3d0e-4ef5-804e-582d84855fa0,Play Store,good,5,2026-07-26T20:53:58,0
6c90fb1e-9333-4ea0-84ae-4eb45656f36a,Play Store,mere papa kaam karte he isliyee,5,2026-07-26T20:52:02,0
3e50e331-7146-44bc-b909-d0faaaea454a,Play Store,good,5,2026-07-26T20:51:14,0
69d608d0-34af-43e5-bccc-9fefd4b0347e,Play Store,coD not working,1,2026-07-26T20:50:14,0
a894366d-1577-426b-be91-c49c73d547da,Play Store,good 👍,5,2026-07-26T20:50:10,0
2989fc0f-6b0f-4c45-8ccd-8dff4d32c1de,Play Store,best services,5,2026-07-26T20:50:02,0
199883f8-c327-442a-8a20-b1958b2c7418,Play Store,if I order 3 items the price only 80rs but they are taking 170rs 😭delivery charge is okie but why extra....I'm not understanding please note this issue,2,2026-07-26T20:49:39,0
5c334f34-6508-45c4-8cce-ecd3a1a4e66a,Play Store,good,5,2026-07-26T20:47:26,0
e0ddb8b4-0780-4665-bb92-e2587f98a081,Play Store,satisfactory services,5,2026-07-26T20:46:17,0
59074046-75e1-425e-873a-fa93aa3dc0fa,Play Store,Made my life more convenient.. even the delivery man is gentle and kind.,5,2026-07-26T20:45:52,0
b2dbebcb-ab24-4498-84cd-006f3b0957a3,Play Store,best for printout on rainy days when u can't go outside Kudos to delivery partner for their commitment,5,2026-07-26T20:45:38,0
eead1489-d7e3-45d7-97e8-a50389884496,Play Store,OK,4,2026-07-26T20:45:13,0
b937c132-9da8-4759-956e-708b0fbbfe48,Play Store,awesome 😎,5,2026-07-26T20:44:42,0
1f0cc61e-2728-4b29-9b8a-11624f3dfef0,Play Store,superb offers,5,2026-07-26T20:43:13,0
d4f89c6a-c75f-4fb3-98be-d0e8af75f3d0,Play Store,good,5,2026-07-26T20:42:39,0
b3967f0b-84ff-4ae6-8759-80dc5fc33cef,Play Store,excellent,5,2026-07-26T20:41:37,0
b6d416d3-bd9a-4551-a0f6-2ad2592f81ed,Play Store,This app is very useful for me I like this app very much,5,2026-07-26T20:41:27,0
bced7547-63ab-4149-97f0-e486b10e0cf3,Play Store,very good service,5,2026-07-26T20:41:16,0
825753d4-3c80-49fe-a377-1beb9bbc322f,Play Store,good,5,2026-07-26T20:41:10,0
4db0e962-8dec-45fd-83d4-3cdd22bf3c29,Play Store,good service,4,2026-07-26T20:41:09,0
11c4be81-41cd-4476-8ac6-2667c08c3a12,Play Store,Nice Delivery,5,2026-07-26T20:40:28,0
5021b2fa-7e0b-4742-adc6-045722e4981f,Play Store,good 👍👍👍👍,5,2026-07-26T20:39:01,0
20e8653f-3646-463d-a9ce-eafbe94e71b4,Play Store,nice app,4,2026-07-26T20:38:45,0
aa32ff22-584d-4cff-8a11-176a3ec65251,Play Store,Nice,5,2026-07-26T20:38:38,0
9f0197d5-7f0b-4784-a4f4-1ab139804f4c,Play Store,good service,5,2026-07-26T20:38:36,0
de5edfcb-a0de-4b52-a98b-063d686a73eb,Play Store,"Good, fast and easy to use..👏🏻",4,2026-07-26T20:37:48,0
2623f339-92f2-46f7-905d-b095df415bff,Play Store,good,5,2026-07-26T20:36:56,0
479e8717-5b7b-4020-9807-526053f2de20,Play Store,superb and fast delivery,5,2026-07-26T20:35:49,0
2a447ac8-c6df-452c-b0f7-b0d67ae9cb83,Play Store,Bad delivery system ice cream melting n leaking no carry bag it came in open hand,1,2026-07-26T20:35:10,0
4dc8e05f-5a5e-4cb6-a783-5877bbae81c3,Play Store,best,5,2026-07-26T20:32:59,0
a1b05e75-2278-4f5b-b685-15af0a2fa91c,Play Store,very nice app,5,2026-07-26T20:32:08,0
d951aac8-ede7-4cd7-9472-6ea73beecbf5,Play Store,nice,5,2026-07-26T20:31:44,0
aa2c3411-9bc1-41ba-9793-9867c84b1642,Play Store,this app is very amazing,5,2026-07-26T20:31:30,0
ab31e702-33ab-45b7-9c37-0586afe85200,Play Store,good 👍,5,2026-07-26T20:31:09,0
84c70bff-7d68-4a55-b1d9-53d16bca6d47,Play Store,good,5,2026-07-26T20:30:05,0
543829f1-ceb0-49c6-97ad-6238b4a12a35,Play Store,Good service,5,2026-07-26T20:29:02,0
9273fcd0-8965-416e-a1a4-6bd9d2d2fc21,Play Store,Worthy!,5,2026-07-26T20:28:32,0
3b7c2984-4755-4efa-8a46-d813fa4d6225,Play Store,excellent,3,2026-07-26T20:27:59,0
596b1c47-f99b-4d07-9453-35ad839220c5,Play Store,"In order to get everything delivered within or in 10 mins, your delivery agents drive rashly, on the wrong side and thereby putting everyone's life at risk. Address this issue first.",3,2026-07-26T20:27:46,0
ad54f448-8b60-49e8-a628-c1b306882d35,Play Store,good,5,2026-07-26T20:27:17,0
81816ef3-135e-4112-bd35-e21a59b5f25a,Play Store,good,5,2026-07-26T20:27:15,0
9383b63a-1373-44ee-a2ee-61aa60691e4d,Play Store,Good delivery,4,2026-07-26T20:26:29,0
8aab78a8-2d52-4d1f-91e0-ebae83b811f2,Play Store,excellent,5,2026-07-26T20:26:07,0
395515cf-a08a-4a18-892b-4281ade46eca,Play Store,👍,5,2026-07-26T20:25:14,0
c193dbc7-c9bc-4603-b8cb-9af7c1f67049,Play Store,your delivery charge is tooo expensive,1,2026-07-26T20:25:14,0
55158260-2345-4346-96c2-66b117267815,Play Store,it's too late and too much price sometimes not satisfied 😔,5,2026-07-26T20:24:32,0
c07d60a4-e1b5-403d-b727-cfe4362737e1,Play Store,"experience is good, wide range products available and sometimes you have get good product in very good price.",5,2026-07-26T20:24:11,0
ee7cea2f-347c-4b79-9d8c-601703a14609,Play Store,nice,5,2026-07-26T20:23:29,0
a3f74653-7bac-46f0-a300-756390203a71,Play Store,very good,5,2026-07-26T20:21:42,0
a0d231f9-b17f-4b28-9f1b-f837b1688241,Play Store,awesome app 👍😁😋🎂,5,2026-07-26T20:21:10,0
488ac684-8c14-42f4-a2f0-affa7fc9f6de,Play Store,I like it services,5,2026-07-26T20:20:51,0
72b6db09-ed94-4393-b172-c08bb865d8ad,Play Store,so happy that's it's in Kanathur now,5,2026-07-26T20:20:49,0
2bbb2cfe-cb97-4395-9e84-c3348d055288,Play Store,good service,5,2026-07-26T20:20:47,0
bad29ff7-d49f-41ea-a70c-b74b0f82e8f2,Play Store,very good give more discounts plzz .,5,2026-07-26T20:20:25,0
1e2c768a-b2c0-40f9-a3bc-4d9f36d019e9,Play Store,so poor waste infront zepto,1,2026-07-26T20:17:51,0
cb03d372-8443-4a05-933c-39c67d6efd1f,Play Store,thenks,5,2026-07-26T20:17:37,0
e3eb1935-50c9-463f-a690-d3626791ad5a,Play Store,nice,5,2026-07-26T20:17:27,0
8d852ebc-8b39-4a19-adbf-b78b1d6a48f2,Play Store,nice,5,2026-07-26T20:17:04,0
f5629878-e564-4467-80e6-e53d997c8d89,Play Store,"Used to love the app, but now every discount offered is above 750 Rs. Now they give no discount, plus slap a ""handling"" fee for nothing. The packaging quality is getting bad with time. Also, a couple of times, my order was substituted with another product of poorer quality due to the original being out of stock. Many times, a smaller packet of my order was sent. I didn't notice it earlier. But once I started to notice,it happened 4-5 times. Really unprofessional.",2,2026-07-26T20:16:21,0
ad5eb225-444a-440c-a10c-4b9779fcd5c5,Play Store,genuinely the delivery boy was bad who stole my money upto 100 rupees like my total cost is 1026 on the order but he charged 1126 which was completely wrong I need Strict actions against him and return my 100 rupees,1,2026-07-26T20:16:12,0
3dd13345-f7e2-4c1a-8e7e-fa5456beb652,Play Store,"What the hell Vegetables and Dairy Products never in stock that doesn't suit on this company, they have to fix this asap. Stop saying stupid out of stock and high demands....",1,2026-07-26T20:15:57,0
24173dd0-5102-48eb-8e3e-f6d5e99e2ffc,Play Store,nice app,5,2026-07-26T20:14:48,0
78a6f677-413a-4288-9bc5-0d5e59bb04f7,Play Store,"Expired item sent, I ordered Misti Doi on 26 July 2026 but the Doi delivered was already expired on 22 July 2026",1,2026-07-26T20:14:38,0
de451eb8-bd0c-4e1d-aca8-026f674994bd,Play Store,"I really appreciate this app for being 24 /7 open, just one thing the delivery charges for a 20 rs chips I have to pay 80 rupees plz fix this",5,2026-07-26T20:14:21,0
ab188a94-4944-45b5-a1e1-f68a1a7d0b7b,Play Store,I never use blinkit again very bad delivery boys 😡 this is second time happen with me i update my review very bad delivery boy,1,2026-07-26T20:14:02,0
854e56c7-9de2-4019-95b9-7cedea1ef28b,Play Store,kindly provide the personal things in packed packet,2,2026-07-26T20:13:19,0
3c7fa5e3-f807-43a4-aaa3-9464c946a781,Play Store,good service,5,2026-07-26T20:12:18,0
31db9c2b-dfab-4d25-a62c-4b43eb715a74,Play Store,Won't be able to cancel your order if you accidentally order something and too much extra charges like around 55 rs,1,2026-07-26T20:12:16,0
109b75a0-9871-4b73-8b13-59bd44e030a1,Play Store,good 😊,5,2026-07-26T20:11:55,0
bb9b4121-4293-443d-8d10-74e2862d9ca1,Play Store,v nice,5,2026-07-26T20:10:54,0
6d80855c-6fec-4a68-a53d-2861d54711ca,Play Store,very helpful app thank you blinkit,4,2026-07-26T20:10:41,0
c01325ef-6689-4c23-bf65-2a37feb6b9b3,Play Store,"decayed fruits received , very pathetic condition",1,2026-07-26T20:08:25,0
707d2b51-ab65-48a2-af43-8ce96cbc6c39,Play Store,I am uninstalling this app its a shame that I was the regular customer and you refused to exchange the order... the item was intact and everything.. Still you refused.. the product was ordered by mistake,1,2026-07-26T20:07:40,0
a95d5209-ff47-4100-b0b3-ff05d44855ff,Play Store,thank you blinkit,5,2026-07-26T20:07:31,0
c646a9c5-e272-415a-8b70-fc584e659723,Play Store,Best Service Goods Arrive,5,2026-07-26T20:06:37,0
f169fade-0b3d-417b-9817-72a966b984a5,Play Store,Very bad,1,2026-07-26T20:06:31,0
2a99c599-a3b3-40c6-8f9e-fd6fec8f4802,Play Store,bast store,5,2026-07-26T20:05:56,0
ef135ba5-4748-4031-95bb-f21f639ca65f,Play Store,Worst Customer support ever . no Customer support contact number. Order is not received and can't cancel the order too but the payment is done,1,2026-07-26T20:05:26,0
255c16ce-3c81-4a6f-af08-3891c4c17d8c,Play Store,good,5,2026-07-26T20:04:19,0
777872dc-6da4-4934-9f5a-431ae682bcd9,Play Store,👍🏻,5,2026-07-26T20:03:49,0
7a6405ef-aa46-481a-abfb-63d1ce23042c,Play Store,Very good app,5,2026-07-26T20:03:46,0
0fde654d-8210-4848-beaa-91b88de6f102,Play Store,best service,5,2026-07-26T20:03:38,0
98fa6852-732a-46b4-861c-c1bd59ce5b28,Play Store,good,5,2026-07-26T20:01:53,0
4ca7873b-60d0-481a-917e-a1998b1b0cc0,Play Store,Good Service,5,2026-07-26T20:01:51,0
de9230d7-65bc-44cf-a299-15abd20e254b,Play Store,Useful,5,2026-07-26T20:01:38,0
c37327b2-2593-43e3-aa96-7b52de3eb54b,Play Store,good work,4,2026-07-26T20:01:04,0
f447633f-61af-4dd1-b389-53a16c4f1e4b,Play Store,best app,5,2026-07-26T20:00:53,0
7b8378f5-f9f8-4267-9203-429d0d306a6b,Play Store,good,4,2026-07-26T20:00:43,0
bf91a30d-5ae4-4a1f-86a6-57e8c303059e,Play Store,nice,5,2026-07-26T20:00:37,0
8705fc6a-f49f-4350-a2a2-571085f77b68,Play Store,"very useful,saves lot of time..toys, especially gifts,snacks,fruits.no ques,no more waiting.......",5,2026-07-26T20:00:32,0
27ab583f-13cf-4962-99f0-66db5cade816,Play Store,good service,5,2026-07-26T20:00:29,0
41489706-ea9c-4d5a-b070-62b51b195553,Play Store,superb,5,2026-07-26T19:59:39,0
5d85aa9c-0714-43a2-b8a7-f2fc1bed2729,Play Store,good,5,2026-07-26T19:59:30,0
afabbe1d-4c0e-4252-9e9c-2c49d1c082f2,Play Store,very good service,5,2026-07-26T19:57:51,0
e140a2b9-bddb-4975-a0a4-2bf7b58c9869,Play Store,gooood,5,2026-07-26T19:56:41,0
ee5cad12-89cd-4a51-a0f7-f67a51bd58ba,Play Store,good,5,2026-07-26T19:56:02,0
64ef831b-a5df-4925-a9f0-c54b763bfb89,Play Store,charges are extra,1,2026-07-26T19:55:47,0
531f6e27-3411-482f-9a7b-0ae1952154a3,Play Store,excellent marketing expert all the time. I love your paper bags.,5,2026-07-26T19:55:38,0
30bc8b9a-38f5-4fe3-945d-cef20d353d2a,Play Store,nice,5,2026-07-26T19:54:49,0
a4625fcb-ed95-452b-95ff-712ad7243ef0,Play Store,always good i love to order itd easy and fast please try.....................................................................................................................................................................................................................................................,5,2026-07-26T19:54:12,0
76eee18a-eff7-428a-bb24-5db8ccd30616,Play Store,har order late hota hai inka bhai barish nahin ho rahi hoti fir bhi yah barish ka charge Le lete Hain very poor service mere last order ko takriban 15 minut se 20 minut 25 lag Gaye,1,2026-07-26T19:54:09,0
0f62f23c-555c-47e0-98e2-b9cdba82778a,Play Store,very bad service 😔,1,2026-07-26T19:54:04,0
5477c5b0-d138-444d-a203-09859e606f60,Play Store,best instant app I love it ❤️ definitely recommend 🌟🌟🌟🌟🌟✨,5,2026-07-26T19:53:46,0
dd3a6447-807e-4eca-9fdb-cc9bec38a0e6,Play Store,ok,5,2026-07-26T19:53:43,0
2f12e93d-951f-4ab4-ac77-3285e48516ae,Play Store,fast delivery,4,2026-07-26T19:53:35,0
b5d80292-3eb1-46e6-a048-5e0b5300ba34,Play Store,I have used this app this saves my time and my money & efforts,5,2026-07-26T19:53:34,0
31d16fc1-0dfe-42c3-ba65-37dcb14e9c8c,Play Store,good,2,2026-07-26T19:52:46,0
64ce7239-e850-4879-9b11-77364fcb35e2,Play Store,good,5,2026-07-26T19:51:56,0
a25538a2-39c3-48eb-bab6-1276c5aaacf4,Play Store,nice,5,2026-07-26T19:51:35,0
1bd458e2-0cdb-47c6-94f1-30f82a27c6b0,Play Store,good 👍🏻,5,2026-07-26T19:50:23,0
93b0638e-ec5e-4262-9e8a-04f0a4de017a,Play Store,service best nd well behaved delivery man,5,2026-07-26T19:48:59,0
2a02d2ea-35ba-41db-b923-1326ec8179ad,Play Store,excellent,5,2026-07-26T19:47:58,0
d128eb2b-25b9-4f50-b1d6-f725218d1cee,Play Store,good service,5,2026-07-26T19:47:51,0
f815e054-03f7-4aa8-b108-e062634016f3,Play Store,Awesome experience with my first order,5,2026-07-26T19:46:59,0
8dc67882-b989-4c73-9aed-097deb6c1c80,Play Store,Great,5,2026-07-26T19:46:40,0
38f49ebb-969a-459a-b2be-3f750892c2e8,Play Store,good,5,2026-07-26T19:45:26,0
4d2a3630-c271-49aa-b43f-4a006e1c864b,Play Store,Good n quick service,5,2026-07-26T19:44:47,0
615029fa-6644-4dd3-9688-afbe8fb97c9a,Play Store,fantastic,5,2026-07-26T19:44:35,0
b04ff2a1-978e-4d3e-abfe-ef12bcc093f5,Play Store,call not connect delivery partner,2,2026-07-26T19:43:11,0
57898797-3aef-43b8-ac4a-e4190dd34e19,Play Store,best,5,2026-07-26T19:42:42,0
a6f43b33-63b9-4547-bf05-8d1bfac0ff80,Play Store,good,5,2026-07-26T19:42:07,0
0b057085-848d-4db9-8a59-063e9c9e348e,Play Store,Good work,4,2026-07-26T19:41:27,0
30aa0f0c-350e-4932-bbcf-399e1ba17836,Play Store,nice,5,2026-07-26T19:40:26,0
d57c22c0-28ef-4824-b49f-802400b3701e,Play Store,fastest men alive,5,2026-07-26T19:40:19,0
0f467f46-f07a-46f0-8cfd-59ec7404b40d,Play Store,today delivery boy bad behavior,1,2026-07-26T19:40:13,0
8913a759-5386-4b0e-aa17-f878fb76cf3b,Play Store,fav app,4,2026-07-26T19:39:52,0
458b29dc-8f08-46b5-a28b-e3dd00be1991,Play Store,good,5,2026-07-26T19:39:41,0
2ed0fbe0-5675-4e23-aaad-03d5da926d7b,Play Store,it didn't accepted 10 to 20 rupees notes,1,2026-07-26T19:38:10,0
1f1ccf00-8174-4907-af77-a0fe714cf0d1,Play Store,nice,5,2026-07-26T19:37:29,0
a3471c7a-6d40-45f5-8e9c-c0bcf741445a,Play Store,not fast delivery amazon now is a best option for ordering and it also take less money compare to blinkit,2,2026-07-26T19:35:09,0
23439df3-4b56-442c-af23-a5cf4dfb7c3c,Play Store,mere area me store close hai 😭😭😭,1,2026-07-26T19:35:08,0
3345ccdb-aaf2-48e8-9fe3-ac5c1a60b339,Play Store,nice,5,2026-07-26T19:34:12,0
e10e4c6e-48af-4b6e-a405-f70043242b05,Play Store,mast,5,2026-07-26T19:33:37,0
745045cc-0a1a-4cd9-91c7-356ce244faf8,Play Store,gud,5,2026-07-26T19:32:38,0
523b7f4b-0852-449c-98fa-955195785010,Play Store,your delivery is fast,5,2026-07-26T19:32:08,0
4c98437c-1d96-44c8-910d-9ae1254f046c,Play Store,good sarvice,5,2026-07-26T19:31:33,0
7fe6ddca-d99f-492b-abf1-b3de028ba98c,Play Store,good,5,2026-07-26T19:31:06,0
4053fb9b-8ecf-431e-86b5-bd858c0582bc,Play Store,best quality,5,2026-07-26T19:30:58,0
ed33fd35-1567-448f-8a25-78105b63d268,Play Store,very awesome delivery,5,2026-07-26T19:30:42,0
be4bb03c-715c-4e47-bb09-0608fd591fb4,Play Store,"Every time the order gets delayed, whenever the order time shows is 11 minutes but in actual delivery the time is 22 minutes.",1,2026-07-26T19:29:36,0
24a47b3a-fa65-4425-815b-05f32b9373e5,Play Store,ok,5,2026-07-26T19:29:24,0
e24060ae-1c8a-43a6-ae95-9a665a62b35e,Play Store,they are sending Expired products items.... after that no returns policy..... this is waste pig App ... don't download.... customer care also not available for your kind information.... they're are taking customer's money,1,2026-07-26T19:29:21,0
c8d69ad1-f3cb-4a08-a458-c07ef2cf7a0e,Play Store,it is a nice app,5,2026-07-26T19:29:15,0
26c57bff-953e-47ee-98f8-3b82d6669132,Play Store,stupid CX service I ordered real me pad 2 back cover instead of red me pad 2 back cover when is said I need an exchange or return the item they say they do not have such policy to take back the item I didn't see any update from past 2 days,1,2026-07-26T19:28:27,0
6506616e-f8f0-481a-9d7e-8a44bd69ad65,Play Store,it's service is very bad 👎,1,2026-07-26T19:28:22,0
ef1a37bc-fd4f-410f-8cb1-22360cf83225,Play Store,nice 👍,5,2026-07-26T19:27:59,0
092c3e64-066a-4e98-b845-c36e84a97384,Play Store,good,5,2026-07-26T19:27:17,0
a85939b5-f904-42f9-810f-81bb9c264b75,Play Store,best app,5,2026-07-26T19:26:21,0
a0aed580-1bbd-4f75-b8cf-bf33f0f25821,Play Store,all good,5,2026-07-26T19:26:09,0
9d82e7e0-ac5d-4c1b-affa-e918ed565988,Play Store,I felt very differently in adding my address poor technology even to add current location,3,2026-07-26T19:25:59,0
cac3313c-f303-4f77-b3f2-df12a9bb9fdf,Play Store,excellent service,5,2026-07-26T19:23:27,0
20666890-4b94-4697-a62c-81221d46de3c,Play Store,best quick easy,5,2026-07-26T19:22:08,0
5be9eaca-db13-43a0-9e86-afa55d299e7d,Play Store,Nice,5,2026-07-26T19:22:00,0
60fe21d8-bd47-4bc5-9a0a-7fc1c32741ef,Play Store,very good,5,2026-07-26T19:21:58,0
9b94e968-aec4-461b-aa11-d3b462e70c6b,Play Store,"Generally ,I do not have a problem with Blinkit . Thank you.",4,2026-07-26T19:21:57,0
d57b3376-6be9-4080-b165-b11813314103,Play Store,excellent💯,5,2026-07-26T19:21:10,0
e4af79ac-e9e2-4fd3-92cc-87ad4291ceea,Play Store,good,5,2026-07-26T19:20:49,0
9f2f039f-7f4e-47cd-97c0-3b20cc8c4130,Play Store,best app,5,2026-07-26T19:20:10,0
c35f6db7-0914-497e-ab49-747031d64e20,Play Store,good,5,2026-07-26T19:18:29,0
73b183c3-036d-42d8-8d92-f5e7f26ea20c,Play Store,5 star,5,2026-07-26T19:18:27,0
2b18506a-43b8-447a-89d3-8e52a9b0b6c0,Play Store,Please provide change with the delivery partners. It becomes very difficult while transecting in COD. You are a good company. If you do like this it becomes very difficult for us to transect. Please look into this.,4,2026-07-26T19:18:24,0
9bbc2b20-1b57-4772-a029-7908ce69d7bc,Play Store,phenomenal,5,2026-07-26T19:18:18,0
c8c393a2-a085-43c1-80d3-e5135f469fd5,Play Store,best,5,2026-07-26T19:17:31,0
1c350ffd-a5c7-4167-9b94-1de11662f0cd,Play Store,good,4,2026-07-26T19:17:15,0
0a6a60ed-89c3-4ba1-9e05-dc279e55337a,Play Store,wah!,5,2026-07-26T19:16:29,0
8cd8a522-64c3-4233-8ddb-9df8ad5e8304,Play Store,nice,5,2026-07-26T19:16:20,0
046dfe73-8a49-46f1-85c1-a4ca7aae612b,Play Store,pls send fast items,5,2026-07-26T19:15:19,0
093dcedd-d379-4ad8-92dc-e029f935f41d,Play Store,they don't even give you carry bags 🫩🛍️,1,2026-07-26T19:14:40,0
c8e77ba5-281c-4a3f-9b26-fb5563d67348,Play Store,I am very great experience with this,5,2026-07-26T19:14:09,0
d8be2b46-db84-4577-8bdd-e4bdd42a1a0c,Play Store,worst experience with address,1,2026-07-26T19:14:08,0
1024c8eb-c8ff-40ae-976c-76f1bb4fa658,Play Store,nice 👍,5,2026-07-26T19:13:47,0
a6356216-50df-4f17-8df9-f016e3d93141,Play Store,dilevery on time,5,2026-07-26T19:13:39,0
f8ddc464-4556-4f14-ba73-634249ddf94f,Play Store,n nice try 😜,5,2026-07-26T19:13:29,0
0e9bb3f0-5244-4958-bf5d-e55a73135ae6,Play Store,good,5,2026-07-26T19:12:40,0
29f24685-a16c-4589-9685-0ecd064759e7,Play Store,Acha hai aap,5,2026-07-26T19:12:13,0
995bcccc-c483-43c7-93e3-1b4c2f929ddb,Play Store,best,5,2026-07-26T19:11:57,0
5efc4ada-7fd0-4791-8455-6393ce5c7b87,Play Store,Nice service,5,2026-07-26T19:11:05,0
0bc8c51d-4f92-4897-90c8-3416d97404ff,Play Store,good,5,2026-07-26T19:10:09,0
1a580994-3b6b-4d39-b69b-ab897e16c055,Play Store,Helpful and convenient for All Thank u,5,2026-07-26T19:09:32,0
8917e784-51b2-40bb-bc5a-df1b00e2d553,Play Store,its nice,5,2026-07-26T19:09:19,0
0c92c467-c3fa-43b0-b7eb-1306d87cef72,Play Store,best,5,2026-07-26T19:08:27,0
02e86df0-a285-4572-bc19-37906e104a52,Play Store,soo good 👍🏻 😋 👌🏻,5,2026-07-26T19:07:14,0
93384102-43bb-4d5e-9c19-31266b67ae99,Play Store,good 😊,5,2026-07-26T19:06:07,0
43c4fa6c-fb6e-44f1-8852-75841e9aa4cf,Play Store,good app,5,2026-07-26T19:05:39,0
f76de7ce-3a4b-4e5c-9375-4469320cc2ca,Play Store,good,5,2026-07-26T19:05:23,0
aca37a6d-f922-4716-a3d8-f10ae5289979,Play Store,verry nice app,4,2026-07-26T19:04:57,0
b4cd3b50-4dcf-4944-8b92-6c71f4425c74,Play Store,"Try to deliver in more locations, i cant order anything in my own house as it says not deliverable always. Also kindly mention size of the veggies example, when i order onions, the size must be mediun but i get very small or very large onions mixed same goes with other veggies and fruits. Rest ok",2,2026-07-26T19:03:54,0
89a1e6ce-2b31-4cb6-ad47-5843afa47ce8,Play Store,good service,5,2026-07-26T19:03:19,0
2bf17254-dfce-4672-b190-1b89d651e8f0,Play Store,best service,5,2026-07-26T19:02:35,0
83947690-88da-4a56-9b59-e57329150852,Play Store,Very nice 😁 useful of any emergency 🚨 purpose so good 👍,5,2026-07-26T19:00:50,0
9b11450c-00d3-4d1f-91ae-d1c3f7cd5930,Play Store,best home dilevery app,5,2026-07-26T18:59:41,0
7e32ad50-bec2-4b04-a607-d0a18b897a4c,Play Store,"good services,well behaved delivery partners",5,2026-07-26T18:59:34,0
4522c3fb-1b9c-487d-9f97-4cc0b81b070e,Play Store,Nice,4,2026-07-26T18:59:32,0
eed1714a-4c02-4a2b-9e63-f5868dfee8d3,Play Store,ok,5,2026-07-26T18:58:10,0
d18e0cd8-ac50-4f4d-8cd4-12d294ca37df,Play Store,good service,5,2026-07-26T18:58:01,0
dbdd8e40-ca6e-47fa-a16f-f330009f3688,Play Store,best app to deliver items,5,2026-07-26T18:57:55,0
96dfbea7-f8d6-4f37-87f6-99193a53d210,Play Store,umm nice 👍,3,2026-07-26T18:57:08,0
e78998ff-84a2-4258-8fa4-7ddad36e7211,Play Store,Good,4,2026-07-26T18:56:28,0
41149639-74e3-4287-ba86-6caeedf7b286,Play Store,Good,2,2026-07-26T18:56:27,0
f1e63602-428b-4d52-a327-85ff3dd8887e,Play Store,good,5,2026-07-26T18:56:15,0
b8fea8c8-d548-497a-8ad4-4c7a5df9213c,Play Store,good,5,2026-07-26T18:55:05,0
338ad2d8-01e2-4a68-9b7a-604ccf4d381b,Play Store,fast delivery,5,2026-07-26T18:54:49,0
aecdb590-6f2c-4519-91a3-25d5198116af,Play Store,disgusting ads.,1,2026-07-26T18:54:46,0
d9eb7711-1d78-4eca-aa9b-bc0ed207d015,Play Store,good app,4,2026-07-26T18:53:51,0
27a10c3b-a3e8-4f01-820e-f6337edac0c4,Play Store,very good app,4,2026-07-26T18:53:44,0
c18c86a8-70fd-4937-ab48-dfd8191cd94d,Play Store,good,5,2026-07-26T18:53:36,0
a7eded34-5f18-487c-b3a9-ebdc8a9c250a,Play Store,very good service,5,2026-07-26T18:52:56,0
b6ae9dd3-9ace-4c51-9632-7f644ec295b2,Play Store,very good service,5,2026-07-26T18:52:42,0
47144aa2-025d-4ede-b589-6e85ba539f03,Play Store,good and fastest service,4,2026-07-26T18:52:42,0
b05a2a56-6b18-4517-b6e7-19354f941ddf,Play Store,good,5,2026-07-26T18:51:54,0
abe053f0-7dd0-4c3d-84a8-5f34be45631f,Play Store,👍,5,2026-07-26T18:51:45,0
3ffd90b1-8a11-40f4-a51f-5d87e0ea3bd6,Play Store,This is best last minute app out there. loved it,5,2026-07-26T18:51:10,0
32db62da-aeaa-4fc3-9602-6a41fa4880c2,Play Store,excellent👍,5,2026-07-26T18:50:08,0
5d5f7cd7-be35-4dae-a23e-8ae001da9c53,Play Store,your app very gooddddddd,1,2026-07-26T18:50:06,0
cd1f5330-d3f6-4fe9-9745-fc88019fd698,Play Store,Good experience,5,2026-07-26T18:50:04,0
36a6b812-c96d-4dc8-8d2b-0d9d430dd2f1,Play Store,good,5,2026-07-26T18:49:33,0
fdce4838-e189-412e-8c1d-96c44c5ad7fb,Play Store,Best,5,2026-07-26T18:49:15,0
aca6a687-d02d-42ba-97dc-841ed43063d3,Play Store,"This is completely unfair. My order was ₹442, and I only had a ₹500 note. The delivery partner had no change and couldn't return ₹58 via UPI either, so I was forced to cancel the order. Now Blinkit has blocked my COD option even though this was not my fault. This is a very poor customer experience.",1,2026-07-26T18:48:33,0
dec2a9b1-b6e9-4b62-8054-a69759c2dc5e,Play Store,delivery sarvice very sloo,1,2026-07-26T18:48:32,0
eab7e127-c365-4c73-8043-b076eae001dc,Play Store,👍⭐,5,2026-07-26T18:47:09,0
fced90a9-f183-4714-a56b-427aaff8a60f,Play Store,nice products,5,2026-07-26T18:47:09,0
356c0925-1763-4e81-a148-117f6ef6af8c,Play Store,very very useful application,4,2026-07-26T18:47:01,0
ec67217a-c6a1-4357-b63a-eade3865693f,Play Store,"It is very useful for housemates who don't have time to go out and purchase things, it's good service from Blinkit,not even a single product they miss out on, if their fruits or vegetables are gone bad after purchase they give u a refund , it's really superb nd exact timings they r maintaining. delivering at correct location.",5,2026-07-26T18:46:53,0
f8443db8-b5b7-4234-85e9-b79c4e6465a4,Play Store,Good service,5,2026-07-26T18:45:56,0
de07fee8-625a-444a-8fcb-dc625379db89,Play Store,it was not available at my location at even 10km also please that and make available at my location pedapadu,1,2026-07-26T18:45:33,0
81718ade-ccb0-4cda-b6f9-7e67bc1a1ece,Play Store,bestt,5,2026-07-26T18:45:27,0
5d2cefbe-8b8f-4b83-a52f-e7a9dae9634f,Play Store,nice,5,2026-07-26T18:44:44,0
972a24e9-3297-49a1-b27d-a7872d859117,Play Store,good,5,2026-07-26T18:44:19,0
8c5db6a8-fcfb-426d-ba94-790c616ffbff,Play Store,good 👍,5,2026-07-26T18:44:10,0
f9b09281-2e41-4638-9a86-39a9517eb10e,Play Store,"A cheater will always be a cheater! Just look at the shocking price hike of Amul French Fries: 5 July: Rs.138 14 July: Rs.170 26 July: Rs.200 That's an increase of Rs.62 in just 21 days—nearly a 45% price hike! How can such a steep increase be justified within three weeks? Consumers deserve transparency, not constant price shocks.",1,2026-07-26T18:44:04,0
5168af79-9423-46e3-9b3b-c73c5d426e39,Play Store,pune Kothrud area blinkit did fraud with me I will never use blinkit from now and I am making expose video on YouTube blinkit fraud,1,2026-07-26T18:43:45,0
33646f64-25b1-4f8e-894f-0cbb63bc8821,Play Store,super,4,2026-07-26T18:43:11,0
4832334b-32b7-4741-a61b-81f60f10d9ef,Play Store,very nice,5,2026-07-26T18:42:44,0
bdf201e7-dc12-4d56-8675-7dd36c7b07b9,Play Store,how to take prints,1,2026-07-26T18:42:35,0
00d8aeb6-df29-426b-9b89-9105a5232eec,Play Store,good,3,2026-07-26T18:42:28,0
06d1bd0c-4add-4de8-a1c0-9f8b9b14c7df,Play Store,good,5,2026-07-26T18:41:55,0
bc050993-da53-4c9e-b3e5-c233537bc523,Play Store,👍,5,2026-07-26T18:41:46,0
e731a7ed-f5b6-465d-b96d-1143f57c1fd6,Play Store,okay,5,2026-07-26T18:41:32,0
8ead2c80-cf17-4a6a-b970-4b5355aa0c87,Play Store,because they disabled my cod option,3,2026-07-26T18:41:21,0
c2c00187-0ab8-4241-80fc-ed68c5ed801c,Play Store,Very good experience of dilevery,5,2026-07-26T18:40:45,0
c7e88a7c-972f-4f04-a0d9-ef4195688181,Play Store,good service,5,2026-07-26T18:40:17,0
e8b5f307-b882-4370-8534-4b26b8c3e3ca,Play Store,Nice,5,2026-07-26T18:40:07,0
ec744920-665e-4d99-bff8-451ee37899bd,Play Store,please give som offer,5,2026-07-26T18:39:49,0
e8a0fd99-0fa7-484f-8d6c-3315e8cd4b26,Play Store,"in future I never order from blinkit I by mistake order dog food 3 kg instead of cat food, worth Rs.738.I immediately contacted the customer service and they told me to send us order details I sent them all the details . but they totally refuse to replace/ exchange. sanjay jala",1,2026-07-26T18:39:45,0
eaca8b10-d187-4b18-b0a9-420181336dd8,Play Store,okay,3,2026-07-26T18:39:25,0
bcb7bb70-b353-4597-92ca-10adf5bdb987,Play Store,great service,5,2026-07-26T18:38:01,0
ae770692-af9a-42e5-9947-7f432e35c26b,Play Store,delivery service was amazing,5,2026-07-26T18:37:23,0
3adbe559-7340-4b57-8d8b-b6c8c5d8f1c6,Play Store,ok,5,2026-07-26T18:36:37,0
8b4172ec-417f-4455-9c01-39ec413b87d5,Play Store,good,5,2026-07-26T18:36:27,0
1896b1a7-5df4-4e53-8502-8c8bf306c235,Play Store,very poor discount,2,2026-07-26T18:36:17,0
195412a3-0931-40f8-bbaa-0bdb69bf24db,Play Store,not giving free delivery.,1,2026-07-26T18:35:23,0
53f3773d-ddc2-4aea-9083-65d41cfce979,Play Store,"fast service, every products are available, best app for online delivery.",5,2026-07-26T18:35:19,0
6a8060e9-1c64-4a36-8d2e-97d5448e45cd,Play Store,Amazing best last minute app 👌 😍 👏 🙌 ❤️ 💖 👌 😍,5,2026-07-26T18:34:53,0
a23b2e90-8d99-4cd7-a9e9-74dc2dc3caf6,Play Store,This is very good app. Whenever a customer Is hungry this app remember because this app is open for 24 hours,5,2026-07-26T18:34:28,0
906e8058-3a6b-4ce2-b2da-125f07d67a9b,Play Store,excellent app,5,2026-07-26T18:34:26,0
e5d75c29-0795-478a-b0ad-13c93046db4b,Play Store,good service 💯,5,2026-07-26T18:32:35,0
286676c9-2db3-4dc2-ab80-20592abf01a0,Play Store,very good service,5,2026-07-26T18:31:02,0
18bbddc6-e3a1-4fc8-bb4d-b2ae9175e11c,Play Store,👌,5,2026-07-26T18:31:02,0
49e61c86-3bad-475b-946b-eae30dfe3f92,Play Store,Excellent performance,5,2026-07-26T18:29:05,0
afa0a9bc-535c-416d-81ed-852a8dbe725e,Play Store,good,3,2026-07-26T18:27:21,0
158d0a82-2419-4057-8215-dfb6cef705cc,Play Store,superbbb,4,2026-07-26T18:26:57,0
27c88725-c2e7-4d48-9640-dcf3c27bd63b,Play Store,froud h 7 din refund ka bolte h ni aata payment alag le liya,1,2026-07-26T18:26:36,0
c317c16e-c792-4a4d-8209-4ad7bc04ded8,Play Store,very good app,5,2026-07-26T18:26:33,0
4881418e-c764-40a5-a0b9-5d02dc0a6cf8,Play Store,amazing service,5,2026-07-26T18:26:26,0
f809e431-2bfb-48aa-9636-a5cd540ab36e,Play Store,best app as compare to other as it has important item which is best because not to go too far for that imported item shop,5,2026-07-26T18:25:00,0
c0417585-a2d0-4c3c-836e-ba6c0d1c771f,Play Store,good,5,2026-07-26T18:24:51,0
85e35408-a2da-4fd8-a3f9-74b7be40f2fa,Play Store,super,5,2026-07-26T18:24:49,0
e5b704cb-922a-4096-841d-912ccaf106d5,Play Store,nice 👍🙂,5,2026-07-26T18:23:53,0
39d2a462-a718-4eed-8437-3b4f1af6df7b,Play Store,good 👍🏻,5,2026-07-26T18:23:38,0
7d1b0cb1-f267-40f5-98d7-f30d6558cb3a,Play Store,good,3,2026-07-26T18:23:38,0
093c18fc-f268-4e46-a307-7306a621801c,Play Store,awesome 👍,5,2026-07-26T18:23:31,0
466308c3-aac3-432a-98fd-caf518ed897c,Play Store,good,5,2026-07-26T18:22:44,0
20cf6cfe-e0b9-4f89-acb7-58034142a0c1,Play Store,"fast delivery, accurate order processing.. just Blinkit",5,2026-07-26T18:22:34,0
4b0a8040-0d6a-4de0-bf85-ab84d28e3ff1,Play Store,👌good,1,2026-07-26T18:22:08,0
e01eb8fb-358f-4340-9717-bb8ee923096c,Play Store,Fine But Rewards Are not useful. if Give Brands Discount coupons which are ordering from blinkint we wll get more savings.,5,2026-07-26T18:21:45,0
9299f697-3662-42aa-9956-26a0992be94f,Play Store,good,5,2026-07-26T18:20:52,0
96bb6133-00bb-49b5-bc86-682661f1740a,Play Store,cooperation is next level,4,2026-07-26T18:20:45,0
de47f60d-6fa0-45ce-9ac2-f4a25eaf05fc,Play Store,Good App,5,2026-07-26T18:19:45,0
197f54a5-fd1d-4cf4-8d79-785f610bc3f0,Play Store,super,5,2026-07-26T18:19:26,0
c3203ece-be0d-4a45-a652-aee41c9a3b3c,Play Store,The service is very fast and amazing. Aint feeling like I am ordering through any e com app.,5,2026-07-26T18:19:19,0
be8a4337-f998-47ed-b73b-382d68f27251,Play Store,good 😊,5,2026-07-26T18:18:28,0
e8240688-84c8-4fa1-b8e7-7c95778fd706,Play Store,ok,5,2026-07-26T18:17:46,0
cca71278-509e-4725-8f19-a175b65aba8e,Play Store,super app,5,2026-07-26T18:17:43,0
c6c89c4f-5e44-410f-ac9a-de436ce2deb4,Play Store,super fast service,5,2026-07-26T18:17:33,0
d1b37d6e-ee17-454d-986a-be836d098182,Play Store,all items good packing & quality also,5,2026-07-26T18:17:19,0
b4a27eab-989b-4819-b3bf-d7896b00c018,Play Store,fast delivery ❤️ love the service,5,2026-07-26T18:16:30,0
bf97a9a2-9eec-4c6c-924d-2ed7992677cc,Play Store,very good,4,2026-07-26T18:16:02,0
14b15295-95d0-406a-82c8-c546942eccbe,Play Store,Hilarious,1,2026-07-26T18:16:02,0
9677e824-b2e2-46a2-9ad9-d380bae207e7,Play Store,"Blinkit ki service bahut fast aur reliable hai. Delivery time par mili, products fresh aur packing bhi achhi thi. Delivery partner ka behaviour bhi polite tha. Overall achha experience raha. 👍😊",5,2026-07-26T18:16:01,0
ef3f94fc-5b63-4e07-93f1-4f57ce349982,Play Store,"yes , the blinkit is very good platform to order groceries, instant food, vegetables,etc. and I love it",5,2026-07-26T18:15:01,0
61ef9fd4-de80-45cb-a7a8-6a3160d0eb04,Play Store,best app,5,2026-07-26T18:14:16,0
bb5567cd-caf8-4234-9463-bfceaa09f72c,Play Store,blinkit is very helpful and useful app but Prices are bit high So I think That Is Okok,4,2026-07-26T18:13:59,0
6d71706e-a68c-4c63-9a0f-ce665ce550ac,Play Store,very nice app,5,2026-07-26T18:13:36,0
c29fa356-21e3-420f-b6d2-4ccea801729f,Play Store,it's really good service,5,2026-07-26T18:13:20,0
f8d47594-0c4d-413e-b4a4-751790bf8d49,Play Store,very nice app,5,2026-07-26T18:13:14,0
7af0f647-5779-4b3c-b501-745f4b88387b,Play Store,best app best,4,2026-07-26T18:13:05,0
fb14996e-ac6e-4efe-8225-cee26adb1679,Play Store,very good app love it 😻💕,5,2026-07-26T18:13:01,0
eb305196-f460-4e1d-ab5e-79a9300c4cfc,Play Store,good,4,2026-07-26T18:12:28,0
8572f3c4-a564-452e-b2ad-6c1cca5d3436,Play Store,"altgough the experience was fine, but the delivery executives never bring change. whenever i order cod the excutives dont have even 10rs change. they say that Blinkit themselves doesnt give them any change because the company thinks customer always have the exact change available in their home. which is fruatrating.",2,2026-07-26T18:11:53,0
1722453e-606a-4de3-975a-a5ba9814515b,Play Store,good,4,2026-07-26T18:11:51,0
23706d6b-9bd6-440f-ab39-8be982a55583,Play Store,yah these app help me when my last option is these just 10 min to get all my orders and some of the items are not there and check it,4,2026-07-26T18:11:47,0
c2d1ee9a-a99c-416a-9927-48aa091ba88b,Play Store,beeeest,5,2026-07-26T18:11:39,0
896cc5b5-7772-416b-b4dc-11ac0ff2916c,Play Store,best app,5,2026-07-26T18:11:17,0
4b868dc8-00c7-4f2e-8cda-a364f68eff14,Play Store,very good,5,2026-07-26T18:11:17,0
4b658318-741b-4008-a657-83a2fd6b1635,Play Store,👍,5,2026-07-26T18:10:49,0
962aa6fc-eaf8-478e-8286-f68fe5963229,Play Store,good,5,2026-07-26T18:10:44,0
812d58d1-27c9-4f9a-a7f6-aeae3728294e,Play Store,good,5,2026-07-26T18:10:44,0
c9e2ec57-31c3-48cf-a44d-c16f79e5a2fd,Play Store,good,5,2026-07-26T18:10:26,0
7f900e6e-5210-4087-9fae-5b9e753ce2a8,Play Store,very good,5,2026-07-26T18:09:47,0
59512410-ff46-473b-9156-98ce502866a9,Play Store,why cash payment option is available only on orders above 100. Sometimes because of this extra things get added in cart. This rule should not be applied.,1,2026-07-26T18:08:31,0
cde007b2-3484-43f4-9139-0b70f80c0cfb,Play Store,extra charges should nt b there,1,2026-07-26T18:07:50,0
d863e449-20d1-41f9-9597-4566ff02167a,Play Store,"pathetic service with high charges, so don't show wrong as discount, bcus you charge more so just be clear ki aap extra charge karte ho",1,2026-07-26T18:07:29,1
18143b21-d89b-4623-a4c8-da9f36989b0d,Play Store,"I love the App and the fast delivery but the thing is they don't keep spare change with them, hope Blinkit starts giving spare changes to their delievery person's before delivering the items",3,2026-07-26T18:06:29,0
35d2383c-c6ee-4484-98a0-19599830d783,Play Store,this app helps me a lottttttttt it's make my life more easy thank you blinkit 🎀,5,2026-07-26T18:06:14,0
c341d4d2-b672-4ff2-8f6a-8336e14c6082,Play Store,best,5,2026-07-26T18:06:10,0
351dc35d-848c-4caf-802c-2493fef34965,Play Store,best aap,5,2026-07-26T18:03:54,0
d097a2c5-9d83-4a2d-a04a-94bd5bbdf1df,Play Store,hahaha good app,5,2026-07-26T18:03:21,0
399bdca6-3b95-4b8b-a8c7-5dfa4fc1a843,Play Store,order can not be cancelled,1,2026-07-26T18:03:08,0
44bb13e3-5f52-49f8-a878-a1ee2802965f,Play Store,good 😊,5,2026-07-26T18:02:05,0
fa4a5023-cda3-4e06-916d-67ab0eeab729,Play Store,nice experience,5,2026-07-26T18:01:23,0
a066a205-baa3-4bf2-bce2-eb0e7c85bf14,Play Store,fast delivery,5,2026-07-26T18:01:12,0
c726033d-9240-4799-a115-2a75fed58077,Play Store,this application is sooooooo good,5,2026-07-26T18:00:45,0
39ab7154-53c0-48bb-ae83-662efd3601e5,Play Store,thank you,5,2026-07-26T18:00:36,0
5ad9a18a-b4c5-42a1-9374-e6e0747c3d5f,Play Store,Very good 💯💯💯💯💯💯💯,5,2026-07-26T17:58:52,0
c49e3203-57eb-4c7d-ae54-6d7f9b96be2e,Play Store,"A very nice, useful and reliable grocery app for the customers, delivering the orders on time, the quality of items are nice, at affordable prices, reliable products and services, provided by the company, the company's credit will increase in future. All types of the items are well categorised as per your choice to consume. Overall, a trusted company. Thanks for your services, as always 😊",5,2026-07-26T17:58:19,0
0d5f2f4c-7dc1-44db-9004-3fcd18297773,Play Store,Good it is quick and fast..but every time handling charges are levied and moreover those paper bags are torned before delivering the order.,3,2026-07-26T17:57:53,0
c62e468e-1d59-4a7f-b46e-54b93dc2abce,Play Store,good service,5,2026-07-26T17:57:51,0
1c36d3b1-c038-4b7f-b115-d6cb1d66ecb1,Play Store,the best app ever for grocery I love it,5,2026-07-26T17:57:34,0
9d343f38-870b-4b58-9d41-8e97480af386,Play Store,what a wonderful app,5,2026-07-26T17:57:01,0
55b2c0aa-6905-4506-8646-7811fe171ced,Play Store,good app,5,2026-07-26T17:56:31,0
e5afd884-b7fb-4800-8ed8-f562f6767410,Play Store,"Really, I had a very bad experience with the Blinkit team today. Today, I ordered one book on the Blinkit app. By mistake, I selected a quantity of two instead of one. When I asked the delivery partner to take one book back, he told me to contact the support team. After waiting for 30 minutes, I contacted the support team, but they told me that the book could not be returned. We don't have policy to return the item....",1,2026-07-26T17:56:06,0
3028ca5c-583f-43a0-b528-5d32ba6ac4d9,Play Store,great,5,2026-07-26T17:56:00,0
2dd1507d-5cd8-4391-b758-f38c208057e7,Play Store,deliver on time. har saman darwaze par aa jata hai.morning evening or night koi v saman ho sb Kuch mil jata hai bas minut me it's really good 👍👍👍,5,2026-07-26T17:55:31,0
823d4be0-9626-4c3e-837e-0654a71416ce,Play Store,"sent 2 damaged items and no resolution provided by blinkit,don't purchase on it",1,2026-07-26T17:55:22,0
d536588f-c08b-4bd5-a329-f3f8580a7fcb,Play Store,the delivery takes about 40-45 mins now. irritating zepto is far better,1,2026-07-26T17:54:32,0
6927c720-a802-4a9c-ae38-039fc02a5018,Play Store,delivery boy should be delivery girl (10 on 10 baddie,1,2026-07-26T17:53:47,0
2125e0fb-d954-4db7-9819-fc9e17bf1b8e,Play Store,good,4,2026-07-26T17:52:56,0
c4e39745-a05b-475b-a688-9ce76e54596a,Play Store,good experience 😀,5,2026-07-26T17:52:24,0
ca7f92cd-3f94-404f-a5c5-1f995e386bfa,Play Store,good,3,2026-07-26T17:52:14,1
f59c11ab-b809-4706-aa7c-750e5e0e1c6d,Play Store,made life easier,5,2026-07-26T17:52:11,0
0808d2a3-d182-4374-aede-f14630470992,Play Store,good service,5,2026-07-26T17:52:09,0
25d68f15-5ea4-49ab-80ff-77f480642b98,Play Store,ok,5,2026-07-26T17:51:31,0
da11bd16-e924-4463-96d6-23150090bee1,Play Store,good,1,2026-07-26T17:51:23,0
f193b2be-2f55-4ece-8dc9-7d5a5800e6ba,Play Store,👍 good,5,2026-07-26T17:49:03,0
f9aecb9a-91a1-45b8-9110-67fbf20c0f30,Play Store,👎,5,2026-07-26T17:48:52,0
72c7c477-4031-445a-a018-b80c7410525b,Play Store,very good,5,2026-07-26T17:48:03,0
c7f88304-18ca-405e-9ef7-551637b7583f,Play Store,easy and fast service 👌,5,2026-07-26T17:47:44,0
886c48eb-1b69-4a9c-9a91-4c636c8a6eb6,Play Store,"my parcel qas drenching in water...i has been happened 2nd time...u dail spent 2k . and regular customer...now i am shifting to big basket..Tata has differt legacy please tell me ,where delivery boy drop it...parcel was completely torn",1,2026-07-26T17:47:12,0
9fb8db86-8003-4b9e-b0f1-d0c711baff6d,Play Store,best service,5,2026-07-26T17:46:55,0
51893401-19c7-4819-937f-938d43742a1c,Play Store,please 🙏,5,2026-07-26T17:46:53,0
03577eb6-8398-45ae-99b4-857bdeb7f242,Play Store,good,4,2026-07-26T17:45:29,0
5c5b8d8a-5826-4c25-ae2a-646a403a35ea,Play Store,good 😊 fantastic,5,2026-07-26T17:45:07,0
9a6b3f26-32da-4117-ac6b-692734e0bb0b,Play Store,excellent 😁,5,2026-07-26T17:44:47,0
b56b49fe-1431-4d4f-acef-9425510f593f,Play Store,this is my first order and received order after I respond,5,2026-07-26T17:44:35,0
63d709d6-c959-4228-844c-71b5900e9f60,Play Store,it's really a last minute saver 😃,4,2026-07-26T17:42:30,0
8147af67-0d49-43d4-93a4-3423ee185b48,Play Store,there is no option for Cancellation product add option is available for some time but no Cancellation option for some time 😏,1,2026-07-26T17:42:27,0
ebc189c4-eb00-4ec8-afeb-79b8fd0c1e8a,Play Store,👍🏻,4,2026-07-26T17:41:33,0
a5523263-a5f9-4ebf-90e2-28193d8a701e,Play Store,🥰,5,2026-07-26T17:40:39,0
6c45e5de-db1c-4187-b7e2-dd494e004c32,Play Store,very nice,5,2026-07-26T17:40:22,0
6a9d5c92-aa3d-432d-a557-69f438150b51,Play Store,Good,5,2026-07-26T17:39:25,0
9b51a54a-a59f-4330-8718-944820c2f3ae,Play Store,easy to order always on time👍🏻,5,2026-07-26T17:39:06,0
78f9f1fd-0ffa-40d9-b884-e270b07b72cf,Play Store,if u have low battery it charges extra money,1,2026-07-26T17:38:54,0
15ee6dca-1987-434d-831a-0a60b26420eb,Play Store,very. bad experience to me,1,2026-07-26T17:38:47,0
5f181c69-fb51-46f4-9c56-8d93015af8a6,Play Store,awesome,5,2026-07-26T17:38:23,0
feab003a-183c-4756-a9d9-ab70e0c9b64c,Play Store,ok,5,2026-07-26T17:37:44,0
6b440542-2497-4708-96cc-aae000005328,Play Store,very good 👍,5,2026-07-26T17:37:02,0
4f94ce44-d2ab-481f-be9b-3395925e008f,Play Store,good 👍🏻😊,5,2026-07-26T17:36:54,0
dd770c0a-0856-4a02-8207-6c0a4eeec625,Play Store,ok,5,2026-07-26T17:36:53,0
79af7d09-3448-4e1e-b613-f76756b32cce,Play Store,so good,5,2026-07-26T17:36:50,0
38fe35a0-d394-44c2-b5cd-62cdd2449420,Play Store,"very bad costomer support i recieved a melted and spoiled ice cream when I report for this issue instead of giving response they told me that you have to wait we have many queries at this time and also said that (approach us after some time) this app do not have a proper coustomer support system, instamart is much better than this.",1,2026-07-26T17:36:26,0
3535874e-b1d4-47bf-910e-0e2466ca96e2,Play Store,Good service,5,2026-07-26T17:36:15,0
fc095f00-8347-45ad-8295-e2dfba13162d,Play Store,mast,4,2026-07-26T17:35:21,0
19c9cafe-cdee-4f4c-95a1-00a6864f5bdc,Play Store,👎,1,2026-07-26T17:34:55,0
a5a9343e-ecc3-4bcd-8412-09f805536175,Play Store,very nice cash on dilvary,5,2026-07-26T17:34:51,0
c9bdfacc-7579-4463-9c17-22ea6a4a8ecc,Play Store,best quality,5,2026-07-26T17:34:41,0
0614687e-52fe-4e0a-ade3-195a0b6d00bf,Play Store,good,5,2026-07-26T17:33:36,0
3d7688f9-78ba-4af0-99cb-8deef2a56e60,Play Store,best app,5,2026-07-26T17:33:29,0
801b382b-5239-4220-b61f-c27ae9f5f87c,Play Store,ok,5,2026-07-26T17:33:25,0
d83d1f02-3fc2-4bfd-9546-8b204772b589,Play Store,this is very useful you can sit your home and everything you need and you can order on this app giving at your home,4,2026-07-26T17:32:46,0
efe7664f-848b-41c0-8d32-f6af75e4c655,Play Store,excellent,4,2026-07-26T17:32:21,0
c489cf11-d7bf-4955-8e69-bdd4f937470b,Play Store,its an very helpful app,5,2026-07-26T17:32:13,0
30f24d6d-ef4b-4325-b1d4-327c1782dcb5,Play Store,Good,5,2026-07-26T17:31:52,0
1dd173c1-1305-4c9c-bfd2-5f71146c2cc2,Play Store,User friendly.,5,2026-07-26T17:31:32,0
dd4c45dd-0e31-496b-b5fc-953bb2f84025,Play Store,it's very amazing 🤩,5,2026-07-26T17:29:37,0
b847f2d7-f5ca-4f1c-9acc-8f4697805792,Play Store,best delivery experience,5,2026-07-26T17:29:20,0
afab636e-6f6a-47ad-9cd8-d0366c751ef6,Play Store,good & fine,5,2026-07-26T17:28:31,0
b651c69a-2e25-4876-9ef4-140d569e76da,Play Store,excellent service,5,2026-07-26T17:27:59,0
7dbc6259-c09e-4d8a-8e27-19939c49130e,Play Store,Best service,5,2026-07-26T17:27:52,0
5bf8badf-0feb-4ac9-98df-34bd551a8d51,Play Store,good 👍,5,2026-07-26T17:26:45,0
c134f4bd-9b75-410a-a232-b33649b0e1d1,Play Store,time wasting app,1,2026-07-26T17:25:41,0
367f76e8-3c96-41d5-a2f8-f9e2ce788dbf,Play Store,wast of use,1,2026-07-26T17:25:38,0
aa8050bc-6a3f-4830-94cb-0e4255fc844d,Play Store,very fast delivery app,5,2026-07-26T17:25:18,0
03a5c098-0dce-4210-aedf-370e07971a0f,Play Store,y'all do not allow us to do cash on delivery again and again,1,2026-07-26T17:24:36,0
22c4d439-1788-4485-9d1e-0a328195d8c3,Play Store,very good,5,2026-07-26T17:24:20,0
8defae67-baff-465d-bc5b-56761637a328,Play Store,quick delivery,5,2026-07-26T17:23:53,0
f69c1805-ca5f-4f21-95aa-0f1fc060c1c2,Play Store,Super,5,2026-07-26T17:23:03,0
ea94236c-c7fd-4f98-81f7-52a47cb489cc,Play Store,nice,3,2026-07-26T17:22:55,0
9dd829d4-7737-436e-9d16-9098508ef453,Play Store,nice policy,5,2026-07-26T17:22:51,0
e7c26519-3234-459e-8ce0-80d0e8da9f5b,Play Store,good,5,2026-07-26T17:21:47,0
94c0f9ff-0740-4441-b1a1-edc90f624e84,Play Store,best service,5,2026-07-26T17:21:26,0
838a8231-9ac3-43d8-8899-58ddc25ee1c5,Play Store,Absolutely So Amazing 😍😍🤩🤩😍😍🤩🤩,5,2026-07-26T17:21:13,0
6c454679-d43f-48bf-a9cc-54be83ce9be3,Play Store,Good,4,2026-07-26T17:20:14,0
fd270d8d-b2af-4d72-ba6f-0732327cc47b,Play Store,"Worst app out there. Ordered a towel and the quality was so bad the strands were coming out, the quality was so poor and when i told the executive to refund the money the only thing she says is it will be refunded as a promo code. Why would i wish to buy again from this app when this is the quality of products i get? Just an excuse to force you stay on the app.",1,2026-07-26T17:20:08,0
d6cbfdf5-1eca-4dc1-9618-872effe8663d,Play Store,when I want anything it delivers at my door steps very quickly sometimes I forgot stationary and I have to take it for school but this app help me to get the my stationery at my door step,5,2026-07-26T17:19:59,0
7be2e46a-aa9b-4860-a4ef-010f574b0848,Play Store,"Good service , extra ordinary",5,2026-07-26T17:19:33,0
598e56ad-b4e1-4149-a928-90bcfe985fdd,Play Store,I gave 4 star not 5 star because it asks for delivery charges and it should be free so I recomend blinkit to remove delivery charges,4,2026-07-26T17:19:09,0
9bcc307c-6055-44cc-bfd3-681fd89cb0ab,Play Store,"worst service ever, everytime I order something from the items keep missing. And when I contact the customer service they doesn't solve the issue, takes lots of time and in the end they say that the item is delivered and they cannot help anymore.",1,2026-07-26T17:17:34,0
496c41dd-ef59-4288-8c6a-2480789e0cc6,Play Store,🙂‍↔️ Nice,5,2026-07-26T17:16:45,0
e74b7877-271e-4834-bbe5-666ed6a5dda9,Play Store,good app,5,2026-07-26T17:16:44,0
3c5fc994-e4d1-4bfb-a6cf-16346b8e13c0,Play Store,awesome 😎,5,2026-07-26T17:16:04,0
1af1bd9f-7e5b-4b54-adb3-98cba246cb8b,Play Store,great 👍,5,2026-07-26T17:15:48,0
f4606b14-c422-4cec-8ddc-f98a9972451c,Play Store,very nice,5,2026-07-26T17:15:17,0
4573702c-9c1b-45cc-bbdb-7727ab879249,Play Store,Return option hona chaiye,5,2026-07-26T17:14:58,0
f9beba31-de93-46ff-817f-b6a2f8c46206,Play Store,ok,4,2026-07-26T17:14:00,0
fb12655b-7a99-48db-9693-e13cd538fa65,Play Store,good 👍,5,2026-07-26T17:13:52,0
87a17406-b0a9-4143-afda-55aac7d7911b,Play Store,Instamart got more offer but what can I do in place where it not deliver so in that way it's good to have someone deliver the things ..,3,2026-07-26T17:12:50,0
80c182a7-db77-44bd-9d3e-5587f2cf1df6,Play Store,nice,5,2026-07-26T17:12:45,0
6b0ff476-25be-4b16-8c60-71a7b339da49,Play Store,well,3,2026-07-26T17:11:33,0
3e544433-1fd6-4a1d-837d-3636ae35e043,Play Store,good👍💯,1,2026-07-26T17:11:05,0
da10dfbd-dd14-4c71-a9cf-3fbc4930add1,Play Store,very good I like this app so much thank you blinkit,5,2026-07-26T17:10:02,0
1002af80-3075-4316-9d6a-7d0d883a489c,Play Store,Nice,4,2026-07-26T17:09:09,0
fa5bd167-b57e-4e42-afcf-a0c16f29cbdd,Play Store,good,5,2026-07-26T17:09:08,0
beab9829-b94d-4525-8aee-f8a7a0f80c7e,Play Store,very fast delivery and fun games on polythyns,5,2026-07-26T17:08:27,0
c874851f-546f-455a-ada8-ce0def0ab893,Play Store,Easy and quick method of product received at your doorstep.,4,2026-07-26T17:07:24,0
c575c381-f862-414e-a58c-62b31573371e,Play Store,ok,5,2026-07-26T17:07:18,0
72c55c5d-3be7-463e-829c-5ed0338b6049,Play Store,customer care support is bad .. not reported any person..,1,2026-07-26T17:06:54,0
21b4caf1-c56a-413f-ae36-f704c27cbe9c,Play Store,Nice service,5,2026-07-26T17:06:25,0
e4032f36-abd9-48a3-8047-3d97ff6651e6,Play Store,good 👍,5,2026-07-26T17:04:28,0
0d22a548-6b8e-4e91-be96-9eb0424a45a5,Play Store,🙏,5,2026-07-26T17:04:23,0
80953a85-2fcf-45b2-83eb-0932c3db705c,Play Store,my sister has order today is material but the packet of this material was not good and the polythene is damage and dierty,2,2026-07-26T17:04:00,0
1ccb4b72-c4bd-4eeb-acb9-e2ff57e150dc,Play Store,GOOD,5,2026-07-26T17:03:50,0
2cdca2f9-56a6-4db6-a2ac-d22fc4517a7f,Play Store,very good,4,2026-07-26T17:03:07,0
90a7bfc6-0318-47e9-a204-d6e81ca214d3,Play Store,not happy for poor service,2,2026-07-26T17:02:29,0
948ee535-3d1d-4558-87da-68fb16163d10,Play Store,good,5,2026-07-26T17:00:58,0
1a2d8e7c-f832-4204-a3fc-60c4a44d7b3b,Play Store,"very bad customer service. multiple times they have sent wrong , rotten and even used products. when I questioned them they stopped me to chat with them . very bad and pathetic customer service. blinkit is robbing us. and it's a genuine review",1,2026-07-26T17:00:34,0
ac95482c-810a-4435-8546-cac6a8e0450c,Play Store,💯💪,5,2026-07-26T17:00:34,0
26c41785-ad8b-4864-8296-67659879a098,Play Store,good,5,2026-07-26T16:59:12,0
b7265a01-2dd2-4335-90cd-24928e8a4cd0,Play Store,excellent,5,2026-07-26T16:59:09,0
d713f551-b7e5-4b6b-875d-f98e89e16ecf,Play Store,very fast dilivery,5,2026-07-26T16:58:50,0
9d85740b-9e45-4cf5-a310-a913202ab98d,Play Store,Good 👍,4,2026-07-26T16:58:03,0
6b9a60a6-8383-4628-849f-26d952ce5ace,Play Store,fast delivery or good pankanging,4,2026-07-26T16:57:57,0
bfbe2790-3148-49a9-a9eb-1dc485ecdff7,Play Store,okay 👌,5,2026-07-26T16:57:45,0
f9eb7c01-8371-4077-87ca-6c2e8ae10b4c,Play Store,this is expensive,3,2026-07-26T16:54:44,0
6e757c53-b882-4c4e-bb8c-81d22589d184,Play Store,"my bill was 208, when I tried paying it became 238. it's pure gimmick n fooling customers. highly disappointed.",1,2026-07-26T16:54:15,0
6ad94951-3467-4d88-ac04-9b6d2dbc18d1,Play Store,Outstanding,5,2026-07-26T16:53:47,0
d6bf5fd6-b3e6-4754-a2d8-01414fc5d02e,Play Store,Fast and secure servers,5,2026-07-26T16:51:29,0
755b8056-e623-4ebc-bcab-4a76d7ae5296,Play Store,"it used to be awesome. It has been weeks it's not delivering anything in Parle East provided the bill is upwards of 40,000 (Tried putting dyson wrap in basket) . If centre is not available temporarily and will be back in a month, ok- but say so. currently not delivering due to high demand is what it says all day n night and only for Parle East- is frustrating! be transparent and tell us kindly when will it restart in Parle East.",1,2026-07-26T16:50:53,1
e0ecd9fe-05a7-4d83-95d5-ce1089d556d7,Play Store,good apps for emergency,5,2026-07-26T16:50:42,0
afc7ce4c-5f28-49a5-a539-3a4c572f6799,Play Store,good,5,2026-07-26T16:50:10,0
e2e5d18f-0eab-4e20-b041-ef7421438fb6,Play Store,on delivery on time it's a fake promises 😔,2,2026-07-26T16:48:53,0
85b6cf60-3783-49b2-99d6-6f937ee6c871,Play Store,super nice 👍,5,2026-07-26T16:48:05,0
6455d9b5-9fd1-4a39-bfd1-d6a50d119c25,Play Store,super,5,2026-07-26T16:46:52,0
1424cb37-cf19-45f6-b38f-117d0bddf87f,Play Store,ok,4,2026-07-26T16:46:33,0
c0d320d4-cac7-49af-ae8c-7dc9357efbc6,Play Store,overpriced,3,2026-07-26T16:46:05,0
564b424f-8dbd-44a3-8a8f-d3ea7c49c4b7,Play Store,worest delivery,1,2026-07-26T16:45:15,0
03e023bb-8274-4f2b-acbe-8cfbb0dbc205,Play Store,good service,5,2026-07-26T16:44:56,0
dd905882-d368-4a64-b40d-fa11d5beca92,Play Store,the fast delivery app please order now everyone 💚💙💚,5,2026-07-26T16:44:50,0
54c3e445-e51d-4093-8ea2-e311773e619c,Play Store,very good 👍,5,2026-07-26T16:43:20,0
3d955cd8-e7d3-4dfb-b502-af9eb89c2703,Play Store,nice app.,5,2026-07-26T16:42:09,0
fad78cd8-f9ac-4cb7-9049-d253f3975d2b,Play Store,ok good 👍,5,2026-07-26T16:41:05,0
fce122ff-1352-41ae-9b01-5f602a147518,Play Store,"good experience, customer since 2022",5,2026-07-26T16:40:26,0
66ed7406-36c7-4a9a-b9e3-a4ad93ea8530,Play Store,nice,5,2026-07-26T16:39:12,0
d4f15b9b-2b78-43af-86c3-ec94cd08791d,Play Store,very late,2,2026-07-26T16:38:36,0
94f38cc5-3131-4952-9d19-9c042c40801c,Play Store,Nice,5,2026-07-26T16:38:26,0
629c350c-3b6d-4fc7-8fc2-fd5480c07247,Play Store,Navsari me Blinkit Start hua Tab se Day 1 st se Ham use kar rahe hai.. Nice ....,5,2026-07-26T16:38:21,0
adfa8b1a-b882-4a88-b9e7-63bf65ed39b2,Play Store,extra charges are going on order above 200 also very disappointing,2,2026-07-26T16:37:00,0
5562aedd-26d9-4a16-bf41-98a020438a14,Play Store,excellent,5,2026-07-26T16:36:23,0
76aa0251-c6a3-46f5-9c5c-cf62513425c6,Play Store,if there's a delivery within minutes....and we want to return in original packaging and conditions then they can't help...but only say sorry....this is not available for our return policy.,1,2026-07-26T16:36:04,0
8063a9ad-3004-4c94-b8cd-e08c67de9b51,Play Store,superb,5,2026-07-26T16:34:54,0
5743981e-68db-403b-9828-eca6a3e326f9,Play Store,very fast delivery it's good,5,2026-07-26T16:34:24,0
d0e2bfa9-da44-442c-a100-c835424f1e34,Play Store,fast delivery 🚚,5,2026-07-26T16:34:17,0
9b6711c8-33d9-45be-a765-311fa825d1c4,Play Store,"bad experience,",1,2026-07-26T16:33:58,0
4a76fff4-c50e-4f52-92bb-500e6e185e3b,Play Store,nice 👍,4,2026-07-26T16:33:26,0
224f8609-566f-4240-b48a-224ca9c67782,Play Store,very good 💯,5,2026-07-26T16:32:43,0
92bdf634-084e-41e2-ab82-0d024fee574a,Play Store,superb 👍,5,2026-07-26T16:32:36,0
ada810e6-0832-4e60-881e-d8769d072ca6,Play Store,Bad,1,2026-07-26T16:32:17,0
cb07a19a-ece4-49bb-92d2-f3afed83fb11,Play Store,excellent,4,2026-07-26T16:31:06,0
c5b8feab-5e30-4cb0-8394-6fd40b8527e7,Play Store,"Good app in all respects except that recently they have made it very difficult and counter intuitive to see the breakup of charges, a dishonest practice. Coupon access is also non intuitive with the app presenting the payment button / section as the most visible option on checkout page.",2,2026-07-26T16:30:58,0
d1e80d0f-467f-4b4c-bc3f-32b5bf8a1ee6,Play Store,very good,5,2026-07-26T16:30:55,0
32bb79d3-2a54-4b64-8e24-029608defa50,Play Store,You are charging handling charges instead of delivery charges,2,2026-07-26T16:30:38,0
7849a7f3-72d9-42a8-8ab0-0871c1215e7c,Play Store,good,5,2026-07-26T16:30:16,0
3dcddd01-5cf6-462f-b259-7c8be7e81a1b,Play Store,good service,4,2026-07-26T16:30:10,0
8907978d-dd0e-40d6-8d4d-a9c7cdea951d,Play Store,worest service worest experience ever I have order a cable by mistake I didn't select watts after checking with in a minute i request for an return and they have rejected it. Infact the product have 9 days return policy also they have rejected it.. Totally waste of money time and energy never ever we should have to buy anything for this app instead i think we have to go with other apps atleast they listen and understand the situation of the customer...,1,2026-07-26T16:29:54,0
a57b3417-d3dc-4445-842c-380f7506cb24,Play Store,delivery fast,5,2026-07-26T16:29:50,0
03cbd11b-8289-4746-9d3b-0e1ece20c06e,Play Store,it is good but additionsl charges are very high,3,2026-07-26T16:29:25,0
d4824f4a-949f-4b54-a8c0-7f21a8498d43,Play Store,good app,5,2026-07-26T16:29:07,0
ba938363-e2d2-40f4-80db-0226ed5b5af6,Play Store,ok but free delivery is not available for less price,3,2026-07-26T16:29:07,0
f6f24010-61f6-49db-a110-0bbdfba6dde0,Play Store,very responsible reliable.i have been buying products for a long time and I'm very hPpy,5,2026-07-26T16:29:07,0
e0f27620-62e7-4150-a993-4fd95596b9d8,Play Store,good,5,2026-07-26T16:25:41,0
55613364-d6b0-4d47-910e-7479eab3ea50,Play Store,very good,5,2026-07-26T16:23:46,0
2482ceac-16fd-483a-9303-23f4e30ba1e0,Play Store,good,4,2026-07-26T16:23:34,0
0fe33d3c-9e8d-4619-a080-dd5e715b148d,Play Store,gud,3,2026-07-26T16:23:09,0
0aae5c0d-53e4-4620-a879-d678b8f76d44,Play Store,Quality products delivered very quickly at your doorstep,5,2026-07-26T16:22:04,0
575b3e80-1c1f-4811-8a1f-5dfe5ee73bcf,Play Store,Good 👍,5,2026-07-26T16:21:02,0
17d21b54-fbc7-474c-95a5-41c97611702d,Play Store,nice,5,2026-07-26T16:20:33,0
f58c80f0-60a9-49eb-bc54-f7a8690ebe8a,Play Store,Mast hai,5,2026-07-26T16:20:19,0
6da8fa30-c762-44ca-b508-8c40788a7de1,Play Store,good service,5,2026-07-26T16:19:37,0
f169e76a-f041-4f47-a40b-bdda79e09327,Play Store,awesome,5,2026-07-26T16:19:18,0
acea8859-3fd5-4288-ab09-f0ae9cf8a349,Play Store,so good,5,2026-07-26T16:19:14,0
6bcf9b25-4272-40ba-976c-50859fb40f0d,Play Store,Nice service,5,2026-07-26T16:18:54,0
47b61074-5898-4254-8938-1e4934da1b38,Play Store,"Their replacement/refund policy is terrible, as others mentioned. Ordered a mouse from them, the box was not sealed and the mouse was obviously not new, left click wasn't working, contacted support and they want me to jump through troubleshooting hoops despite the clear faulty mouse. Moving on to another app, uninstalling.",1,2026-07-26T16:18:23,0
5d52cfd6-9803-405f-b0b8-ec1a5a4fc71c,Play Store,good sarvice,5,2026-07-26T16:18:08,0
1d7ef7d2-4933-4410-aba5-a807a4c72b98,Play Store,this app is very Nice,5,2026-07-26T16:17:55,0
5756047c-c602-4a22-a184-a3fa363e5dee,Play Store,VERY NICE AND THE FIRST PLACE,5,2026-07-26T16:16:02,0
08c0c11c-78ae-498c-94d0-6d7b19513311,Play Store,It's in my tier 4 town - Shirdi. That's enough for me to give a good review to this app.,5,2026-07-26T16:15:21,0
db81f913-2935-48aa-bdbc-9c6150de6064,Play Store,superb performance,5,2026-07-26T16:15:15,0
7fd4f3d0-8f27-4b06-a437-3e93c1260ca8,Play Store,",ii': 9",1,2026-07-26T16:14:44,0
216ec953-970c-4e90-bccb-511e25fb20c1,Play Store,ok 1 vari,5,2026-07-26T16:13:41,0
01a4bcb9-ea7b-4086-9b86-60b846fa5d32,Play Store,best app for purchasing product in just 10 minutes,5,2026-07-26T16:13:38,0
da9483b2-dc07-4afd-b227-910facffe38f,Play Store,very bad experience,1,2026-07-26T16:13:18,0
50383956-0303-4168-99c5-e887256f684f,Play Store,okay,5,2026-07-26T16:12:45,0
ae232be2-d1cd-4a54-ae3e-9dbe2441a3a7,Play Store,nice,5,2026-07-26T16:11:55,0
13bf92a7-df62-4dac-88e7-b095547b97d0,Play Store,thankful all riders team,5,2026-07-26T16:11:54,0
45b1bf12-c3e1-4274-9574-01060f6b0c6d,Play Store,Good service,3,2026-07-26T16:11:54,0
1d995528-999d-4b96-9c02-11b53ccc8c41,Play Store,good 👍,4,2026-07-26T16:10:45,0
16f5a7a9-cf06-45c1-9d52-22c98ebfcf94,Play Store,very good 👍,5,2026-07-26T16:09:43,0
170ce0c4-9855-4ac0-a8b9-4ec729de7aed,Play Store,Good. The delivery timings are always met. The delivered items as per order are in sync except few isolated cases. The delivered product comes intact as from shelf except very few exceptions wherein handling wear and tear noticed. I am frequent user.,5,2026-07-26T16:09:31,0
38d01087-9e4f-48be-903c-b1daabf88112,Play Store,Best Discount and quick delivery app,5,2026-07-26T16:09:28,0
5fedb152-b92e-459b-b58a-1a2375773d72,Play Store,super broo,5,2026-07-26T16:09:16,0
f37ac961-8426-4e34-a60e-5b8c0d237acc,Play Store,I love it 💓,5,2026-07-26T16:09:11,0
447345f6-75e7-4232-a7da-141e8082ed56,Play Store,best,5,2026-07-26T16:08:38,0
118366b6-73c1-455b-a9e8-587e24ac958f,Play Store,that's very nice amx helpful but a little expensive,3,2026-07-26T16:06:55,0
2c5e58eb-2214-41bb-b1b7-37dad7d1e2de,Play Store,worst app bad service they 12 mins delivery during booking but they take more 30 mins ridiculous customer service,1,2026-07-26T16:06:09,0
a836f9c1-8c6e-459e-9e66-f8e18d3bd30b,Play Store,good,2,2026-07-26T16:05:48,0
6b838def-95d8-4c09-b82f-768385457ef9,Play Store,excellent services,5,2026-07-26T16:05:14,0
81b8db5a-0e81-47f7-87cd-495bcb032f51,Play Store,supract app within 5 minutes is taken from my order is so fast of delivery,4,2026-07-26T16:04:53,0
2efc21d5-cf8d-4a04-b9bf-616a97eb2fab,Play Store,good,5,2026-07-26T16:04:49,0
e2eb88db-5509-49d0-ae02-470f51786559,Play Store,good,5,2026-07-26T16:03:52,0
35f6908c-bba0-470f-8e69-09bc0d75ad9e,Play Store,great aap,3,2026-07-26T16:03:01,0
e8a2b1da-4bdd-4891-a3ac-11f19bcce94a,Play Store,good,3,2026-07-26T16:02:44,0
92a56184-7765-4f66-a87c-f8b10fa199d5,Play Store,pure vegetarian ke lie bkwas h ye app kyuki veg nonveg same place me store krte h,1,2026-07-26T16:02:40,0
06136232-aa16-41fe-90fb-9cf6562ee65c,Play Store,good,4,2026-07-26T16:02:35,0
2517371d-8595-44c3-9b0b-372947118b71,Play Store,wow,5,2026-07-26T16:02:04,0
89bba277-64ba-4b22-bee5-831f6f6f5c5c,Play Store,very good service 🐕‍🦺,5,2026-07-26T16:01:30,0
a8d5c7c5-d5e3-4048-b1f0-e516d5ee95e7,Play Store,good,5,2026-07-26T16:01:21,0
456104f6-b3c4-440a-a57d-ed936b66019c,Play Store,i like this app it is faster and sometimes I also receive gifts from blinkit,5,2026-07-26T15:59:54,0
51e689aa-f713-45db-a235-6e1c292e3e3c,Play Store,very easy to place prder,5,2026-07-26T15:58:37,0
b85fe097-3750-44a2-8347-3a5d2d2f127d,Play Store,Good app,5,2026-07-26T15:58:22,0
8299c227-ec0d-4e92-82ac-8415186220c6,Play Store,good,5,2026-07-26T15:57:01,0
c36d1a0c-304d-4f58-ba9d-84f6a2c5cdda,Play Store,good store,5,2026-07-26T15:57:00,0
2179c915-442e-46e1-9e95-cf7310d88cae,Play Store,Friendly,5,2026-07-26T15:56:34,0
a5d1cae0-ac17-4492-a1fd-183c44a190cd,Play Store,nice service,5,2026-07-26T15:55:03,0
50998d2e-185b-4c8d-b0b1-c5976ae8b4a6,Play Store,I like this blinkit this is very good app it's very fast i really like it,5,2026-07-26T15:54:36,0
1a9d64db-6ab1-475a-87b2-272aec12a2c3,Play Store,very nice,5,2026-07-26T15:54:08,0
c1264068-d7b4-4351-85d4-90385eabcf05,Play Store,Nice on time delivery,5,2026-07-26T15:53:57,0
f6301479-80cc-44a2-a9a2-c6417d179a2d,Play Store,"Excellent app! Blinkit delivers orders very quickly and the service is always reliable. The app is easy to use and offers a wide range of products. The items are fresh, well-packed, and delivered on time. Delivery partners are polite and professional. I also like the discounts and smooth payment options. Customer support is helpful and resolves issues quickly. Overall, Blinkit makes grocery shopping fast, easy, and convenient. Highly recommended!",5,2026-07-26T15:53:41,0
daeec6f4-b905-48c1-80d4-fbc6b36e6c27,Play Store,nice,5,2026-07-26T15:53:23,0
9e35ba57-8775-46c8-8b63-65eda6639ab3,Play Store,order delivery too late time,2,2026-07-26T15:53:22,0
c663b37a-ba76-482b-a0a1-79c1f5ff1174,Play Store,best app,5,2026-07-26T15:53:13,0
4a60bddd-63c4-40b0-a02e-676074b725b5,Play Store,Good,5,2026-07-26T15:52:43,0
fff12c83-30a6-4a1b-bcb4-ab318da3f3fa,Play Store,good 👍,5,2026-07-26T15:50:06,0
0e9a92af-1d0f-438f-a96e-97c66263abf0,Play Store,Very good policy,5,2026-07-26T15:49:54,0
5c8a555b-fcd0-49c8-9814-52d5d3e14eab,Play Store,very nice,1,2026-07-26T15:49:51,0
cd1e9d7e-1eff-4e11-afe1-90ab66f546eb,Play Store,super service,5,2026-07-26T15:47:48,0
571070be-a421-4bf0-8cba-2701541ce5d0,Play Store,ok,3,2026-07-26T15:47:47,0
6396873a-7c3d-49fc-ba80-096753fb5411,Play Store,bomb,5,2026-07-26T15:47:26,0
b5b69a65-ef54-4d94-9891-b453e4aa08b2,Play Store,good service,5,2026-07-26T15:47:25,0
b9e53a88-9c6c-4ee9-9f50-2f6c6b6d8c8f,Play Store,fast service,5,2026-07-26T15:47:23,0
e74c6a19-2ace-40f2-aab6-970518c6ea4a,Play Store,good,5,2026-07-26T15:46:26,0
0d7d4d63-96c1-4fbd-ba10-34728b0c6bf6,Play Store,not good service,1,2026-07-26T15:46:24,0
47454890-8ab0-4960-bebb-bf215a3e4a78,Play Store,good luck,5,2026-07-26T15:45:20,0
c643f542-bc79-450b-a4b5-ad53155e9e2a,Play Store,good,5,2026-07-26T15:45:01,0
b5a27f0f-ef71-4904-be68-da7faebed840,Play Store,very nice,4,2026-07-26T15:44:49,0
d74237a9-2256-48ad-9934-fbcaa6230e09,Play Store,good 👍👍👍👍👍👍,3,2026-07-26T15:44:35,0
bcada35d-95cb-480b-9efa-d021755aec31,Play Store,garda service,5,2026-07-26T15:44:11,0
df30444f-ee61-47c3-98c5-74ef72626893,Play Store,wow,5,2026-07-26T15:43:52,0
0aae54d6-a97f-4991-bc59-d6eb01961f06,Play Store,worst customer care service,1,2026-07-26T15:43:39,0
c8ec2ad9-b23e-486b-9be6-320c8f258c31,Play Store,superb,5,2026-07-26T15:43:10,0
11eabce6-e6a4-4a05-85b5-497ac14aea71,Play Store,Best,5,2026-07-26T15:42:24,0
b39867d0-6f1b-478b-ae5e-d1c76964d6ed,Play Store,better,5,2026-07-26T15:42:22,0
4dceb6ef-74ae-47b8-9f0c-501a977c0b95,Play Store,good,5,2026-07-26T15:41:51,0
1ea88ef8-3dfd-41bc-881a-006c781de25f,Play Store,very fast service and trusted app,5,2026-07-26T15:40:19,0
8b5a2168-9bad-4f7e-ad03-a1363e2d00c0,Play Store,very super,5,2026-07-26T15:40:17,0
ff097bb7-79de-4314-a7bc-11fddbb5b471,Play Store,good,5,2026-07-26T15:39:28,0
14f16dc3-5e42-43a3-afc4-d7ff89a02a8a,Play Store,not good,1,2026-07-26T15:38:56,0
a3b88b7e-897c-4500-b4fe-2ab65002d265,Play Store,👍,3,2026-07-26T15:38:06,0
486025fa-03dd-4d4a-90bb-d4c8df9d7920,Play Store,Good,5,2026-07-26T15:37:55,0
ec7a5b16-dd22-4a23-b542-40edc9fce6a6,Play Store,send wrong product low quality product no support executive help,1,2026-07-26T15:37:38,0
b2de4f88-bedc-4324-8228-49a5e1338858,Play Store,I like that you have cash on delivery in options 😇,4,2026-07-26T15:37:21,0
ae51a5d8-36c1-430b-be5d-958f986374c9,Play Store,very very very very good app,5,2026-07-26T15:36:10,0
90d4e69a-e459-4aeb-ad92-9bf06c741392,Play Store,ok,3,2026-07-26T15:35:52,0
ac05795b-6a1f-4ffc-b36a-280fb18af256,Play Store,i like blinkit fast time under 😊😊😊,4,2026-07-26T15:34:48,0
71c44433-0231-45d9-abd0-a2f6d98ea007,Play Store,very nice app very useful,5,2026-07-26T15:34:29,0
2fa7751d-7bab-40d2-9618-d2a7f01fc570,Play Store,good,5,2026-07-26T15:32:06,0
ead05efb-57da-49a9-9e52-46fd4f3252bc,Play Store,great ap,5,2026-07-26T15:31:34,0
989c531b-4a0d-4178-a330-1ce73d89d134,Play Store,Very fast delevery,5,2026-07-26T15:30:11,0
7d1ca89f-f739-43cf-9b2d-f17a5236de1a,Play Store,👍🏼👍🏼👍🏼,5,2026-07-26T15:29:46,0
3d7e4933-57e5-4c44-bc24-da8eb27749c2,Play Store,👍,4,2026-07-26T15:28:58,0
f1f40db9-006a-424a-b681-a04696338a48,Play Store,good service,4,2026-07-26T15:28:24,0
875dc087-efac-475b-80bd-236b33d1d7af,Play Store,"should be free delivery over 100 rupees plus while cash on delivery no change is given to customers and try to bring it in 15 minutes. heyy updatee its not showing cash on delivey option like wth man seriously worst customer service and options no cod well then i am not using this app and none does from ppl ik from now huhh,,😡",1,2026-07-26T15:26:09,0
c37bec8d-d55b-40cf-b0de-8ee50a8d63f0,Play Store,this is a super app my favourite app,5,2026-07-26T15:25:57,0
11039b97-8145-485f-9170-1ea88d95db73,Play Store,ok,5,2026-07-26T15:25:55,0
edd0842b-13d3-441a-afed-8d4c564ab93f,Play Store,platform fees I am not agreeing with this type of charges,2,2026-07-26T15:25:42,0
43a39e2e-1ad1-492c-93a9-b43dfc5adcc0,Play Store,affordable price with good quality,5,2026-07-26T15:25:37,0
25d5c7c8-72c0-4755-9cd1-327312b795e6,Play Store,very good,5,2026-07-26T15:24:38,0
ba3390e4-d8f3-4945-9032-44b6739eb55d,Play Store,fantastic,5,2026-07-26T15:24:02,0
64ea7d91-6c3c-41de-9a89-24ba462cb415,Play Store,best,4,2026-07-26T15:23:12,0
0b6c9f4b-85f5-4042-9cfe-4dd0006b21c3,Play Store,ok,5,2026-07-26T15:21:23,0
12e0996d-aaa2-4927-b9ce-36b476a3c09a,Play Store,snacks items,4,2026-07-26T15:21:15,0
2031df3c-9059-49a2-b69b-da79fd13460e,Play Store,nice,3,2026-07-26T15:21:05,0
70a05f38-54b0-4c7e-9052-4933610a05c2,Play Store,I like it,5,2026-07-26T15:21:02,0
b5b28ac6-1d43-4dbd-869c-14e5d6564217,Play Store,Awesome,5,2026-07-26T15:20:44,0
b158714c-8fca-413e-b4e9-875548693eac,Play Store,The best thing to happen to India post 1947.,5,2026-07-26T15:19:52,0
6fa2fbbb-8270-4e04-825b-b6d879221dd1,Play Store,👍 good,5,2026-07-26T15:19:37,0
54cfdf32-7529-4389-ab4e-5bae510f37f0,Play Store,good,4,2026-07-26T15:19:22,0
5de1567b-bba1-47fd-a693-0e737b692923,Play Store,"neat, good product ranges, fast delivery",5,2026-07-26T15:18:36,0
bad254cc-4d3f-4d68-9176-6ae6684dc8fe,Play Store,Good,5,2026-07-26T15:17:27,0
db7e5ef5-9512-4907-b423-c10b28fb9962,Play Store,I got damaged items received it was my first order but am not satisfaction products condition,1,2026-07-26T15:17:15,0
1e8979e2-3dda-4b2e-96ea-a2ba700957d6,Play Store,grate orders,5,2026-07-26T15:16:32,0
1d14ac38-8da8-4517-a777-ca153f9dcfa0,Play Store,delivered in blink.,5,2026-07-26T15:16:02,0
ed7c3c3d-064d-4f95-b3b3-4e3447861a2d,Play Store,it is very good and fast,5,2026-07-26T15:15:20,0
9380930d-e36e-41c7-97a3-b4dfff3a1576,Play Store,good,4,2026-07-26T15:13:42,0
987ea5b4-4e4e-4129-8874-3af24df5f1d2,Play Store,ok ok hai,5,2026-07-26T15:12:59,0
604a38b1-0b9d-4b2e-bcb6-1a6bf354b3d3,Play Store,"bekar ludo bechte h, accha ludo tak ni laa sakte ye log.",1,2026-07-26T15:12:23,0
50f1ae9e-ee28-43cb-a062-69009e95d17d,Play Store,bad,1,2026-07-26T15:11:17,0
e0a5c179-c1bd-4ec3-822b-b498ec827fc6,Play Store,fast and has all day to day essentials,5,2026-07-26T15:11:02,0
9adcfbbe-9407-4ed8-9cd8-430afb3673af,Play Store,nice,5,2026-07-26T15:10:01,0
11113e2b-604a-4a6b-911c-d51632100d1e,Play Store,good 👍,4,2026-07-26T15:09:59,0
622b34a5-68ab-4396-aaa5-4fe1d38d7ceb,Play Store,"useless app, always order is delayed.",1,2026-07-26T15:09:41,0
1015cf58-3ffe-4497-87af-de7daf06e065,Play Store,all the time this app is unavailable when I need to order something urgent like a sanitary pad or something. this is ridiculous.,2,2026-07-26T15:09:37,0
5c981e6f-eb8b-47ac-979d-8f52c6c09522,Play Store,I ordered for kiwi fruit they delivered avacado.,1,2026-07-26T15:08:50,0
19e885dd-68e8-4212-9247-836d2180e183,Play Store,price increases with increase in order. high delivery and packing charges,1,2026-07-26T15:08:05,0
b9f9fc9d-f165-4e5a-a48a-7d7f226a8fed,Play Store,good 👍,5,2026-07-26T15:07:41,0
16e6a260-fe3d-4b0a-818a-9cddc8dd1f2b,Play Store,good,5,2026-07-26T15:06:59,0
a1e532ee-cc68-4d37-8a4b-9609db7bdc0e,Play Store,Delivery per Google pay karna chahte hai,3,2026-07-26T15:05:57,0
2216b3af-6fb5-46ce-9719-fae5b3bb1988,Play Store,nice 👍,4,2026-07-26T15:05:54,0
cdb14708-7a37-4ac8-8bd8-a3c85dad0b93,Play Store,excellent service,5,2026-07-26T15:04:38,0
2f3f254d-0e49-43b6-b58e-4f64a11a20fc,Play Store,some products is not goodandmore expensive than market ..like banana,2,2026-07-26T15:04:16,0
fc0a763f-c1d1-4fe2-b28e-87b95e99eaf2,Play Store,good,5,2026-07-26T15:03:59,0
943b9895-87ae-473e-86cd-79942c7d3cc5,Play Store,sooper,5,2026-07-26T15:02:13,0
aff5e574-85f3-4ea5-b1cb-8376eb8b0c29,Play Store,good 👍,5,2026-07-26T15:01:41,0
5c306749-cfb8-434b-96d7-903c9c8d27cb,Play Store,❤️❤️❤️,5,2026-07-26T15:00:51,0
fcf04913-081b-486c-9b20-dba7d643339d,Play Store,okay,4,2026-07-26T15:00:40,0
cc35390d-47ff-4607-8039-6920e62db52e,Play Store,good 😊,5,2026-07-26T15:00:20,0
0d9e63d1-3da4-4388-accc-52a878943bc5,Play Store,good 👍,4,2026-07-26T15:00:10,0
32d09c1a-bfc3-4ebc-b54b-3d13e2387bc1,Play Store,good,5,2026-07-26T14:59:23,0
7ee2096a-4962-469a-8678-58c65984eccc,Play Store,it was good 👍 thank you blinkit,5,2026-07-26T14:58:23,0
df491f72-6df2-4424-b933-f85c1a7214d2,Play Store,very helpful,5,2026-07-26T14:58:03,0
3e374dc5-9e37-4ec0-b2a4-6534a31e5fe9,Play Store,amazing app,5,2026-07-26T14:57:14,0
bef05037-7cd8-4f03-abc9-cc6b35fe335d,Play Store,excellent,5,2026-07-26T14:56:44,0
3d0619cf-5a5f-4413-8201-8ca0ce3fbb76,Play Store,your price is very costly and very costly delivery charge,4,2026-07-26T14:56:35,0
80339609-c7cd-4fad-ab59-05a844240a04,Play Store,good 🥰,3,2026-07-26T14:55:10,0
6d7e4685-cda8-49c2-ba57-badcd91a438c,Play Store,Quick and perfect,5,2026-07-26T14:54:48,0
07f54909-a0f8-4f72-8900-47f910fce280,Play Store,it is very nice but you don't get og items,4,2026-07-26T14:54:46,0
486fda78-8a6f-45fc-8ebd-942e01050a05,Play Store,"My recent experience on Blinkit has been terrible. They have disabled the request of Return COMPLETELY. They have disabled that option for customer care services also- so they won't be able to help you. I have used Blinkit since many years and almost used to love everything about it. Until the product started coming damaged, the packaging was smelly and now YOU CANNOT RETURN A PRODUCT you mistakenly ordered. There are better applications with lower prices and faster deliveries out there now.",1,2026-07-26T14:54:29,0
004d27ab-6f64-4e25-97d0-bde610682250,Play Store,"The customer care team is very poor, valuable customers not supported properly. ​Customer service isn't just a support department—it's a critical part of your product and your brand image. ​To help address this effectively with your team, are you looking to establish clear service standards, or do you need a script/guideline to coach them on better customer handling?",1,2026-07-26T14:53:22,0
f82973fa-8f0c-4209-976f-c555cfac0489,Play Store,"Orders are always delayed, even though the store is only 1.6 km away.",1,2026-07-26T14:53:06,0
85d6259f-423a-42ca-8bcf-927a5767e2d7,Play Store,blinkit se product acha nhi aata hai hai jab complain karo toh koyi solution nhi milaga customer service bolegi gi hmm log kuch nhi kar sakte money and time waste sirf karte hai blinkit,1,2026-07-26T14:53:06,0
d3ccacb7-9e6a-4bc6-a8b1-8f879661e0aa,Play Store,good👍,5,2026-07-26T14:53:00,0
b157f29c-c96b-4018-8e0b-4ebf723f156b,Play Store,good,5,2026-07-26T14:52:22,0
63422dfa-9fda-41de-b9d8-4664d84b9ced,Play Store,cash on delivery not working 😔,2,2026-07-26T14:51:41,0
992a741c-50a7-42c6-9207-08099250f53e,Play Store,best last minunte app,5,2026-07-26T14:51:19,0
df532345-c566-401f-bac1-f8c763409742,Play Store,"भाई मैने ब्लिंकेट ऑर्डर किया 4,5 कांटेडी किया था सही है। बस मेरा रेनकोट आर्डर किया था वोह काफी बड़ी साइज का हैं मुझे L साइज का चाहिए 🙏🏻",5,2026-07-26T14:51:19,0
906716a2-0854-468e-a94d-a595b5a461a5,Play Store,values for time and money,5,2026-07-26T14:50:41,0
4f5001db-74a6-46ee-82eb-06ee32dcb702,Play Store,"many categories and imported goods are more than expected, thanks blinkit.",5,2026-07-26T14:49:53,0
5c37314e-5958-485f-99c5-e7ce09632b95,Play Store,best delivery app,5,2026-07-26T14:47:57,0
53bb7507-515a-43ad-811c-e89b6c410107,Play Store,👍🏻 nice service,5,2026-07-26T14:47:13,0
2dfdbd7c-bbe3-4c5a-bfb8-d1ea43b85497,Play Store,5 sater,5,2026-07-26T14:45:01,0
8e98b342-1d21-4122-9815-4d18c32a4a48,Play Store,corrupt app. false ti m e,1,2026-07-26T14:44:21,0
fe52cc80-cc4e-4378-a058-9517aae57479,Play Store,best👍🏻,5,2026-07-26T14:42:38,0
c8a36f70-d1eb-414a-9fb6-62fcb4412971,Play Store,best discount,5,2026-07-26T14:42:24,0
8e683d8f-fac8-4438-89a6-2c91af4d775d,Play Store,very bad service online payment n kare only cash warna Paisa cut jaata hai ata bhi nahi hai,1,2026-07-26T14:42:01,0
e87b85f8-558f-424c-89cf-9cd68b54a94d,Play Store,half hour already I didn't get my order,1,2026-07-26T14:41:50,0
1f2fdd3d-6bf4-41a3-8609-0378d85257cc,Play Store,very nice,4,2026-07-26T14:41:49,0
31fa1ce9-89f3-4dfc-984f-71dfb672d03f,Play Store,i am from Punjab moga Fatehgarh korotana and delivery can't reach here.please increase your delivery radius,1,2026-07-26T14:41:32,0
7e5b6af0-67e1-4a72-87c7-277086635723,Play Store,good,5,2026-07-26T14:39:30,0
1fe17744-bfc6-427e-b738-a9010eb3726a,Play Store,Best app ever ... This app is really helpful in every situation 🙏,5,2026-07-26T14:39:27,0
4a2af245-fc92-4b58-bc15-cb82520d9276,Play Store,"Amazing service!The delivery was incredible fast-much quicker than I expect. Everything arrived on time,neatly packed,and in perfect condition. Really impressed with the quick delivery and great service. Highly recommended!❤️",5,2026-07-26T14:39:18,0
36621f31-90f3-41e2-b6ce-d126ca3d47e5,Play Store,good,5,2026-07-26T14:39:17,0
9ea25e55-928b-4249-a599-0e8aa0a81024,Play Store,ok,5,2026-07-26T14:38:15,0
e9757e75-9f9f-4ddd-a3fe-38dae447d709,Play Store,Good,4,2026-07-26T14:37:37,0
6fdfac4c-7687-4519-88a7-62041a1901b8,Play Store,I want get more offers discount plz remove handling fee and free delivery zepto is best discounts compare to blink it,1,2026-07-26T14:36:25,0
e9996756-993d-4407-8b83-cc205eed4143,Play Store,nice work,5,2026-07-26T14:35:05,0
e8d778dd-5feb-4031-9cf3-e63d87727847,Play Store,fabulas work good job,5,2026-07-26T14:33:25,0
84d6597a-4b0b-4376-9b4e-d1624c4f40ec,Play Store,good,5,2026-07-26T14:32:47,0
864310b5-d775-4643-a52e-a0818512671b,Play Store,Very Nice,5,2026-07-26T14:32:08,0
fb6dfa27-4d1e-45fd-93a2-331c10b1f47b,Play Store,Unmatched services.,5,2026-07-26T14:29:28,0
4811e9f2-6587-4274-9a48-ddb767e16a2c,Play Store,nice service,5,2026-07-26T14:29:26,0
d1027464-2dd8-4a44-a629-196b57bfbd3b,Play Store,it doesn't work for me... i downloaded but it said that they are not available in my area..... so how I'm supposed to use or order anything....,1,2026-07-26T14:28:03,0
7855dda0-2c00-485a-b542-3a126b7f27f5,Play Store,good,4,2026-07-26T14:27:07,0
30ba494b-2b65-440b-b84c-4532a121a1d3,Play Store,good,4,2026-07-26T14:26:45,0
e3963fed-85a3-4e14-b708-eff87e2dae82,Play Store,good,5,2026-07-26T14:26:25,0
7c1d478c-ee70-47ca-889a-916f46d2a367,Play Store,"honestly it's one of the best grocery delivery apps ever! I live in coimbatore and when I first heard about blinkit, I thought it would be nice. But since at first they didn't deliver in coimbatore, I was sad. But now since they are delivering in coimbatore I'm so happy, I've already ordered 3 times and All 3 times Products came neat, delivery partners were quick, and the delivery is fast! Best App for daily groceries and makeup and beauty items hands down🔥🔥💗💗",5,2026-07-26T14:26:06,0
7fe7ad6d-e62e-4a74-8941-32dfca610b28,Play Store,good,5,2026-07-26T14:25:14,0
178fe48b-7f2e-4480-87a8-23ead4b4a9fc,Play Store,good,4,2026-07-26T14:25:02,0
457c3b48-4d65-46ca-970c-5446223730fe,Play Store,it's good delivery 🚚😁,5,2026-07-26T14:24:45,0
828cb12c-eafc-48fd-8043-e887de6a22e5,Play Store,good,4,2026-07-26T14:24:30,0
14f56ae3-5601-422b-91fd-e6b769e51cfe,Play Store,good work,5,2026-07-26T14:24:22,0
7dae7fef-c62d-4408-bf05-9d571ee84ea4,Play Store,super,5,2026-07-26T14:24:06,0
9d3c59aa-0781-4ea0-a193-ae73fb42bdbc,Play Store,good🥰,5,2026-07-26T14:23:28,0
956603c9-4939-4df4-ba02-ec222feabc9b,Play Store,unresponsive most of the time,1,2026-07-26T14:21:46,0
623a51a9-4576-4f6e-bf12-fba1c309866b,Play Store,super 👌,5,2026-07-26T14:21:08,0
ed6b668b-c7e0-4cca-86f7-330700606ed0,Play Store,good,4,2026-07-26T14:20:22,0
57498173-e7d5-42cf-ab21-c4810d70412f,Play Store,great,5,2026-07-26T14:19:49,0
e34fec7c-3e8f-4e66-91ce-d8be9c9a1215,Play Store,Good everything except sometimes price up down of delivery charge and surge charges and handling fee,4,2026-07-26T14:19:36,0
99a93bd9-0e10-4b74-8cd9-6f625cfdafdd,Play Store,good but diliver charge for cheap things is soo hard high but service is good,5,2026-07-26T14:19:33,0
9232a3dd-d2e2-4c44-9348-838f8553c77e,Play Store,ice cream aree so hot,1,2026-07-26T14:17:42,0
e6741e87-269d-4c38-a9c5-c1db9e4fead8,Play Store,nyc and make my life easy to easier,5,2026-07-26T14:17:36,0
20cc73da-139a-48fd-9f9e-89d51087a2ac,Play Store,best app for night cravings 😋😁,5,2026-07-26T14:15:23,0
dcc1737b-4d6d-40a5-bc0b-bd53edc06579,Play Store,bhout achha,5,2026-07-26T14:13:50,0
afa60218-6805-4a18-9148-86e1788e2674,Play Store,very nice 👌,4,2026-07-26T14:13:09,0
86c68f2a-5d8c-4261-9942-33f3f80df7a5,Play Store,more discount should be made available,4,2026-07-26T14:12:49,0
863347d5-c820-4de1-ad2e-d875e3c502e5,Play Store,good 👍,5,2026-07-26T14:12:39,0
ea09e518-5685-493d-9120-cb01c659523f,Play Store,good,5,2026-07-26T14:11:53,0
0af74549-1198-4f66-a419-f66e1256e0e8,Play Store,good 😊,5,2026-07-26T14:11:44,0
ca1f6056-63fc-4b01-b7c0-e0d3f3b486c2,Play Store,Good,5,2026-07-26T14:11:26,0
62bf2621-e29f-4591-8a63-4acf9451dd59,Play Store,best aapp,5,2026-07-26T14:11:24,0
17fea98a-25ed-48c8-8358-7b2fe606fcba,Play Store,Good Services 👏👏👏,5,2026-07-26T14:05:11,0
1d3355ae-b18f-4f2b-b221-406a2122b620,Play Store,nice,5,2026-07-26T14:05:08,0
63c88ebb-66cc-4a39-9af7-2873e9731891,Play Store,cheating cstmrs,1,2026-07-26T14:04:34,0
9ca54ee4-b2f9-45b4-8d41-34751ebd6ab9,Play Store,good,4,2026-07-26T14:03:29,0
83acfd6e-092f-4bdd-b9a9-27aa5ad64586,Play Store,superrior app,5,2026-07-26T14:03:12,0
8097ace5-4995-4064-8f84-91b5131c24e4,Play Store,super blinkit thanks,5,2026-07-26T14:02:56,0
90ef31e4-7af6-458b-9802-34754217bc87,Play Store,👍,4,2026-07-26T14:02:38,0
bf299561-4f29-4257-b073-3cf2f795ae2a,Play Store,very fast delivery,5,2026-07-26T14:02:37,0
926ae8cd-3537-4fb8-8c06-52039fa83698,Play Store,I have ordered items and it is written order is arriving in 10 minutes and after 5minutes i check again it is written 10 minutes only,4,2026-07-26T14:02:21,0
ea2c60dd-b415-444c-91dd-d1069e6a4578,Play Store,best app ever in India the only thing INDIAN could proudly say to anyone🗿,5,2026-07-26T14:02:00,0
852fa64b-d058-478f-9333-8a2236cd9bd1,Play Store,bahut aacha,3,2026-07-26T14:01:37,0
d05ceab3-500e-477a-9b4b-690ae84bdfd7,Play Store,good,1,2026-07-26T14:01:09,0
7969f825-e5f4-4550-9433-19d05291d841,Play Store,Great products and helpful app.,5,2026-07-26T14:00:38,0
983e3504-8065-4111-91f3-419d58156300,Play Store,Good,5,2026-07-26T14:00:04,0
48f458c4-12f1-4add-90c4-178762eca639,Play Store,Good UI,5,2026-07-26T13:58:59,0
2b94f2cc-96b7-4260-94f0-78402f49e3fc,Play Store,late arriving,3,2026-07-26T13:58:11,0
40b85d5c-9057-45dd-bfa4-61016884e714,Play Store,unable to access location properly,2,2026-07-26T13:56:31,0
241cc8f7-cee2-4c8d-9a2d-b3d1b47a2bb1,Play Store,Best app,5,2026-07-26T13:56:00,0
08401d0e-056f-4395-8ec0-35e3559f75d9,Play Store,😍🫶🏻,5,2026-07-26T13:54:49,0
a0bcb7a4-aeed-49a1-820e-4b5036e6f6ec,Play Store,good,5,2026-07-26T13:54:27,0
3bc0767e-f06b-4888-b8d0-572df0e2f905,Play Store,good,5,2026-07-26T13:54:08,0
2c0b30bd-151f-4a3d-9796-565694810698,Play Store,all the time my items come missing,1,2026-07-26T13:54:00,0
81802f7b-5fc5-4739-8ce3-2300514bfb88,Play Store,the best,5,2026-07-26T13:53:52,0
7dafe4bc-7eb1-4a42-a942-260729309af1,Play Store,super product,5,2026-07-26T13:53:07,0
33bfdbaa-96f0-4c14-bf59-cbdfe165805f,Play Store,lousy,1,2026-07-26T13:52:57,0
8c4cf020-8b07-44c1-8706-b6dbec8c67e6,Play Store,nice,5,2026-07-26T13:52:48,0
62047180-935e-4273-b94f-c64047b00b65,Play Store,good,5,2026-07-26T13:52:36,0
275d76c2-aa81-47f2-ae7f-e70cda0cf021,Play Store,love it ❤,5,2026-07-26T13:52:20,0
8e56a551-7d50-4918-a5c4-ac988c1f4f4f,Play Store,lekin yaha kaam hi ni kar raha hai,4,2026-07-26T13:52:20,0
f510c44f-7cad-4d56-a90a-dc677a95956b,Play Store,good and fast,5,2026-07-26T13:52:04,0
be3b4e9b-4392-4d5b-afb9-a876c1240dd7,Play Store,good 👍,5,2026-07-26T13:51:48,0
0e658ddc-b61d-4fea-93da-dd73662d96de,Play Store,good 👍,5,2026-07-26T13:51:46,0
5ec535e9-2024-4129-9e87-6591e417056b,Play Store,Amul choco mini box already open. ...........,3,2026-07-26T13:51:18,0
1d52fd65-957f-412c-84b8-9780d1950fd1,Play Store,okay okay,1,2026-07-26T13:49:08,0
2dcc4822-91f0-4be1-827b-73feec02c0aa,Play Store,nice app,4,2026-07-26T13:48:44,0
366af749-d813-4aaa-b9ca-e0ad58006e7b,Play Store,very good app,5,2026-07-26T13:45:57,0
d902cd4e-a9eb-4472-985b-92dd2aa791f9,Play Store,last minute saviour,5,2026-07-26T13:45:49,0
798a5c19-df2f-4579-9df7-cb6bb5e332f5,Play Store,bohut badiya,5,2026-07-26T13:45:14,0
f145beb9-5cec-499b-a734-05d03143f0d6,Play Store,fast,5,2026-07-26T13:43:03,0
cb272ab6-b5ff-4f3d-ab68-5aaad0fde2e6,Play Store,nice one,2,2026-07-26T13:42:39,0
6be83623-121c-4aa8-8ebb-aa97f2be573b,Play Store,"I have ordered three sweet corns, but have taken from rider Mohammad only two sweet corns ?? Very poor and under foot delivery",3,2026-07-26T13:42:10,0
081caaa2-7aa3-459c-bc74-38c4c7e0a99d,Play Store,nice one,1,2026-07-26T13:42:04,0
20edcae6-cf96-4cd6-be9d-2dc96d4a2504,Play Store,achi he but cash on delivery hona chiyee,2,2026-07-26T13:40:09,0
12453a4b-e7a2-4246-be73-cb5ce55021fb,Play Store,extra charge krne lge ho bhai tumlog mtlb agr maine 75 ka mangaya toh tumne total 130 kr diya 🙃,1,2026-07-26T13:39:57,0
abf5715c-2be0-4b48-abb1-ef75d3afa9a7,Play Store,save time,5,2026-07-26T13:39:29,0
ac06c5a2-4c38-4239-af2d-bc4e86432c8f,Play Store,very good,5,2026-07-26T13:39:27,0
86cac1c9-80b4-4c20-ae81-bc99b133386b,Play Store,helpful app,5,2026-07-26T13:38:42,0
b8f47ad3-bdfc-45fd-b99b-d32d98cf87e9,Play Store,"Ordered makeup on Blinkit and got it in exact minutes! The packaging was perfect — sealed and wrapped, nothing was damaged or leaked. Products were original and MRP was correct. Super fast delivery with great quality. Blinkit is a lifesaver for last minute makeup needs!",5,2026-07-26T13:38:39,0
7dfae02e-2353-48e1-8b49-b500cf43791b,Play Store,happy 😊,5,2026-07-26T13:38:00,0
9d06c893-ca6d-4c0e-8b8c-2eae3f166ba3,Play Store,good service,5,2026-07-26T13:35:40,0
07a2d3da-05c3-4d48-81fc-b9de87437b5e,Play Store,best,5,2026-07-26T13:34:44,0
bc696d03-2c96-45b1-80f5-16a98408c9c8,Play Store,ok,5,2026-07-26T13:34:30,0
ab422849-778d-4d7f-8a92-e79a6665bf81,Play Store,Fast service,5,2026-07-26T13:34:21,0
8cdc45a7-ceea-4e42-bf16-e87182b411d5,Play Store,👍,3,2026-07-26T13:34:08,0
385910c9-ae92-4434-a369-da4b8d06aabb,Play Store,nice 👍🏿,5,2026-07-26T13:33:40,0
3eb60637-441a-4b07-8db2-ad58151384f3,Play Store,very good,5,2026-07-26T13:33:36,0
7a3c5e0d-f9fb-419c-a06f-2adc22f717c2,Play Store,always on time delivery,5,2026-07-26T13:33:29,0
7fbd704f-21e7-45a0-bc49-16ab891e663d,Play Store,good,5,2026-07-26T13:33:16,0
ca74f832-3937-451c-8e49-ab3017078287,Play Store,"fata fat ,chhe price me Dena pleese",5,2026-07-26T13:32:52,0
f794f972-46fc-4e33-9618-2a07aaece6cd,Play Store,"Worst shopping app. Customer support is pathetic. Nobody listen to the customer New experience - I ordered pedigree dentastix for my dog on 26/7/26. There was offer of 3+1 in the app. But after ordering 3 pieces, no free piece was delivered. Customer executive refused to honour the offer.",1,2026-07-26T13:32:50,0
5fb27f12-2306-4f41-8242-1450b4312bc8,Play Store,nice 👍,5,2026-07-26T13:32:42,0
4e5a2ab2-6b9d-4a86-844e-61004a195fdc,Play Store,good,5,2026-07-26T13:31:59,0
96328760-96d1-4cf0-a618-ec50952e9eed,Play Store,very good 👍,5,2026-07-26T13:31:42,0
99b691ec-bd21-4cf0-a8b7-a0a98ff28057,Play Store,very good,4,2026-07-26T13:31:12,0
62ef4a31-eef8-4a4a-bbf3-6c1b765911aa,Play Store,this is useless app I have ever seen in my life,1,2026-07-26T13:30:29,0
4d43bc3a-3563-4fff-816d-e0e258b728fc,Play Store,good 👍,5,2026-07-26T13:30:25,0
0f9bdbf4-931e-4298-943a-5a051e8d6051,Play Store,some time very slow delivery,1,2026-07-26T13:30:02,0
97ccfa93-62d6-4cef-a3dd-7b0cc078a9a4,Play Store,Late delivery,1,2026-07-26T13:29:07,0
bda2cfd7-981e-41cd-9a1f-65ec21ef7bd7,Play Store,to good 😊👍,5,2026-07-26T13:27:00,0
ad9730d0-3b96-403c-a978-feb30b99f2c1,Play Store,well work,5,2026-07-26T13:26:04,0
41c43988-feec-4475-8041-0016b8f8511b,Play Store,Address pe COD available hi ni h. 😐😌 No use of this app for me.😏,1,2026-07-26T13:25:43,0
cc5bca5f-c818-4889-9b4d-edb6cc129a1f,Play Store,👍,5,2026-07-26T13:25:36,0
58ddac09-587f-4767-8717-58a4cba90d34,Play Store,good,5,2026-07-26T13:24:26,0
d70512f6-6dee-41d7-9a1c-13f2ed60210d,Play Store,good service,5,2026-07-26T13:23:21,0
1d05a683-73f9-449f-9cb5-9a9282a44a4c,Play Store,very nice,3,2026-07-26T13:23:10,0
bdbf91c0-f6dd-4a20-beb2-73695c3a21de,Play Store,very very good,5,2026-07-26T13:22:21,0
22e632ad-4bb9-4b83-9dd4-6a9328be66b2,Play Store,nice,5,2026-07-26T13:21:33,0
9710e5fe-f75b-46a4-b870-b6346ee4a1d7,Play Store,first time order it's good 👍🏻,4,2026-07-26T13:21:30,0
f6d166d6-5612-4ed7-8e0f-019a399e4eb7,Play Store,good,4,2026-07-26T13:20:54,0
3a6353bb-712a-4d39-9b6a-59f349307d2f,Play Store,Good,5,2026-07-26T13:20:06,0
7cc0483c-1a8e-4bac-b85d-e33ae29d136b,Play Store,jaldi aao bhai,3,2026-07-26T13:18:56,0
4d03a655-5680-4e1b-b4ea-a23829ef8d23,Play Store,they are fraud they send half items and take the money of full items we ordered 4 products but received 2 the delivery partner Manohrsing stoled 2 product the customer care is not answering and not giving us refund we are very disappointed with blinkit app we will suggest other people not to use blinkit app because they are robbers Manohrsing is robber😞,1,2026-07-26T13:17:37,0
b04258f6-37d0-4d9a-ae33-736b17d1af91,Play Store,ok,5,2026-07-26T13:17:07,0
e3afb281-6bfb-4c61-92b4-3510d13037db,Play Store,it is good app,5,2026-07-26T13:16:17,0
32bdc1ce-60ac-4465-8df0-3ae66c5f5e8f,Play Store,Nice,4,2026-07-26T13:16:12,0
c73eabb3-e075-4e16-bc43-73d89f58dbcf,Play Store,best experience 😉,5,2026-07-26T13:14:16,0
05eb8942-d44d-45b8-b2be-066679288237,Play Store,good 👍,4,2026-07-26T13:14:00,0
e295ec09-416a-4c74-94ef-03f5249ba883,Play Store,Nice service but takin some time,4,2026-07-26T13:13:55,0
f397ef0e-fca4-432e-9ca3-c8eb60e1df4f,Play Store,good service,5,2026-07-26T13:13:42,0
15c8c1f9-2c34-47b6-8b93-c50234a62ae1,Play Store,good,5,2026-07-26T13:11:41,0
aca6e513-8581-49bf-ae09-63a44ef8429d,Play Store,nice,4,2026-07-26T13:11:24,0
37ece7cf-ded3-4625-bd16-92e189fc4808,Play Store,nice,5,2026-07-26T13:11:17,0
05c362cd-b48f-453c-af93-8d767706d4f7,Play Store,good,5,2026-07-26T13:10:57,0
a359abe5-048e-42c9-a02b-0de01971944e,Play Store,good,5,2026-07-26T13:10:49,0
fa6b0b91-41b1-43b0-b0a8-4107ada7251a,Play Store,nice,5,2026-07-26T13:10:48,0
6d0af235-cb64-4810-8ccd-2587bd73c796,Play Store,Blinkit is doing wonderful service... delivering the orders with great care.,5,2026-07-26T13:10:40,0
fa11a186-9a9b-4b4b-a274-45937319dc5a,Play Store,first I seen how quality,5,2026-07-26T13:10:40,0
4e93815e-411f-4968-ad0c-d114f84972a7,Play Store,good service,5,2026-07-26T13:09:52,0
73f07f3d-3877-4961-ad63-76523ca1f260,Play Store,the services very faster,5,2026-07-26T13:09:31,0
d199b250-b55c-4aee-901a-d55b302b8326,Play Store,Good service,5,2026-07-26T13:09:00,0
42c6cd4a-b9d2-46c3-8ade-f8468d2749cb,Play Store,stupids always miss my orders always they miss a product,1,2026-07-26T13:08:02,0
746ffe85-c407-4b0c-84d2-9d53d0cb69e9,Play Store,👍😊👍,4,2026-07-26T13:07:33,0
d2d6ff7c-3dec-4543-b952-6a12cead6310,Play Store,ok,5,2026-07-26T13:07:33,0
cc114fcb-0d92-4086-9d71-c77890e2dea6,Play Store,super,4,2026-07-26T13:07:09,0
523505ad-e3ee-4053-8c6a-849a627460a4,Play Store,good service,5,2026-07-26T13:06:15,0
de1bf6bc-de89-4844-9dc4-e4dff98a0ac5,Play Store,good,5,2026-07-26T13:05:27,0
04871e42-f561-4447-aa32-d44d53f03071,Play Store,first time use thise app so I hope somthing spsl,5,2026-07-26T13:04:43,0
00062145-b588-401e-9f4b-d77243341398,Play Store,very bad app.. I ordered 5 cat food packets they delivered only 3 packets...they told to return the order to get the refund since the order was out of stock its been 20 days and still i didnot receive my money back...there is no way that I could reach out to them.. dishonest app donot order anything scammers!!,1,2026-07-26T13:03:26,0
ec305eb2-9071-4367-8182-f81426a0c3f8,Play Store,great service .. please add food service,5,2026-07-26T13:03:22,0
b64b44d1-9608-4207-bc16-46dd99dc66cd,Play Store,fast and good choice,5,2026-07-26T13:03:17,0
f22779d5-490c-441a-beca-66facce40aea,Play Store,Good Delivery,5,2026-07-26T13:03:09,0
e7047e87-dfdd-4673-9b6b-59fcecb1b5d5,Play Store,Nyc work,5,2026-07-26T13:02:53,0
6c227738-f147-4932-b181-a88a7c794dfb,Play Store,nice,5,2026-07-26T13:02:53,0
0409d381-b136-4a09-bbb4-ea1bad16af71,Play Store,very nice,5,2026-07-26T13:01:55,0
89905dcb-13ca-41e3-8aa5-9ff1f590ec58,Play Store,good dilevari 10 minit,5,2026-07-26T13:00:46,0
9d8e6a36-09fd-4468-ac89-7de50bcd83a2,Play Store,very good delevery,5,2026-07-26T13:00:31,0
d865951c-3ee9-41b3-ad96-555225c5b0f4,Play Store,excellent,5,2026-07-26T13:00:26,0
2440d90b-a6d5-4654-86c3-f868ab488073,Play Store,helpful,3,2026-07-26T12:59:48,0
ab3af9ec-483e-4611-ad20-46a75df1b813,Play Store,very nice,5,2026-07-26T12:59:23,0
186a38b1-8ebc-430a-8a8c-a9ffb2bc7fae,Play Store,better,5,2026-07-26T12:59:06,0
3507c5b3-f7fa-42c4-9d5b-496f627fbf77,Play Store,very good 👍👍👍👍,5,2026-07-26T12:58:10,0
45beb125-934b-4ac6-9506-129bde7e851a,Play Store,w app if blinkit sees this pls give me one month free grocery it's a challenge 🤨,5,2026-07-26T12:58:09,0
42c4e9be-1a86-40a7-92d3-8562abf822ee,Play Store,good,5,2026-07-26T12:57:58,0
7a2dd15f-b4c5-4fd6-af24-ced87687b41b,Play Store,good service,5,2026-07-26T12:57:55,0
065dda1e-e8bf-4399-8a82-ab700bff172c,Play Store,too nice,5,2026-07-26T12:57:37,0
c3b5a179-bb61-46fe-8489-7e6121d25b05,Play Store,good service,4,2026-07-26T12:57:12,0
59daf8de-0c6e-441f-baa4-e68fbd9b6d97,Play Store,good,5,2026-07-26T12:56:48,0
81dbb1d9-22c5-4c2c-89ce-8150f0ea7e9a,Play Store,low price and 1st quality 👌,5,2026-07-26T12:56:20,0
37b76001-af0a-411c-b8dd-6d131b8816af,Play Store,exceptional,5,2026-07-26T12:55:27,0
c26fcf33-dcbe-4495-903b-5ba054f3d3cd,Play Store,okay,3,2026-07-26T12:54:58,0
837c180b-9b44-4b99-87b1-052d647a59d1,Play Store,not that good,3,2026-07-26T12:52:50,0
07d30b05-7a44-4878-adb6-f8faf64d60ef,Play Store,very poor experience.,1,2026-07-26T12:51:14,0
bb21fb69-3b88-4b6e-9839-9710013ec71a,Play Store,very good,5,2026-07-26T12:49:37,0
3b7bbd72-4e67-49b4-b8a5-e50ed58abc71,Play Store,must for shopping anything anymore direct on your door step 😶‍🌫😶‍🌫,5,2026-07-26T12:49:22,0
e621056d-8564-40c5-8e7a-275006819df4,Play Store,nice,5,2026-07-26T12:49:15,0
ac610879-15ef-472d-a6d7-e41eaea19cf4,Play Store,good,5,2026-07-26T12:48:43,0
55483527-16b9-4c16-8143-d80c5e6995db,Play Store,👍,5,2026-07-26T12:48:38,0
e0135c09-86cd-416e-8ce9-70db7d5afd75,Play Store,good,5,2026-07-26T12:47:52,0
f15bd0fc-7513-4fd6-9439-feb1c2c39e4e,Play Store,very fast.great,5,2026-07-26T12:46:54,0
16036e09-506a-4fd0-9416-a01ed649d51c,Play Store,good,5,2026-07-26T12:46:47,0
47782d25-197c-40bd-a735-101bb58aad32,Play Store,Good service,4,2026-07-26T12:46:38,0
f935493b-7863-467c-a2dd-aecdea2a2e84,Play Store,amazing,5,2026-07-26T12:46:23,0
8d191d27-1bf1-47eb-99e0-a1cbf2a5e510,Play Store,very good 👍🏼😊,5,2026-07-26T12:45:59,0
bb0ad692-7519-4cfd-b431-9fe3a081d9bc,Play Store,easy and functional... it's so cool tbf,5,2026-07-26T12:45:14,0
d9551ccf-45c7-45fb-b9a7-90e69b846332,Play Store,"Extremely poor customer service. I accidentally placed an incorrect order and called them within minutes of receiving it, but they refused to take it back or offer a solution. Zero flexibility and very disappointing policy",1,2026-07-26T12:45:06,0
7c48b886-da7a-4574-a921-6bdee18abf98,Play Store,Dil leaves I got was very bad can see &give fresh ones if not good one avlbl than pls cancel it don't give,2,2026-07-26T12:44:57,0
6c72222f-fb17-451e-aa9d-05d886208e13,Play Store,good,5,2026-07-26T12:44:42,0
01fa2ae7-9ffe-4c34-bec6-4d5c6c5ec5bb,Play Store,good,5,2026-07-26T12:44:40,0
16966248-55f3-4090-8c82-ef53a0b83eda,Play Store,good,5,2026-07-26T12:44:28,0
73c7dc3b-fd0a-463c-ab10-0f3a0a629a43,Play Store,good 👍,3,2026-07-26T12:43:54,0
9dd52fe5-4769-43e0-95bf-235cecd09f7c,Play Store,so happy 😊,5,2026-07-26T12:42:12,0
7ea31003-96c3-4865-8fb6-d36aaa441fe6,Play Store,I have ordered 2400 rs of earbuds I have got nothing in the box this is very shameful to blinkit,1,2026-07-26T12:42:10,0
d0fa3303-4466-4f93-892b-1adc25aad912,Play Store,good app,5,2026-07-26T12:42:03,0
cfb03034-7dde-4e78-9519-bdca75ae72b4,Play Store,Nice,5,2026-07-26T12:42:01,0
d4d246cf-0db3-4475-9a54-61fe35ca9654,Play Store,good,5,2026-07-26T12:41:43,0
16c44e1f-c2e0-4b53-aaf3-421e483a52ce,Play Store,लाजवाब समय बचाने का आसान तरीका,4,2026-07-26T12:41:42,0
78999419-6634-496c-8c82-fc466b0ab3d5,Play Store,Good,5,2026-07-26T12:40:49,0
7920ffa7-3bcc-4001-a314-49a82935ceac,Play Store,good,5,2026-07-26T12:40:30,0
5b370d4d-5fda-4e10-8f50-abc574ab2942,Play Store,excellent performance,5,2026-07-26T12:39:29,0
bc955324-b36a-4e93-9448-50b98a7d6cc2,Play Store,good experience 😀,5,2026-07-26T12:37:42,0
48dfe241-840b-44f7-9fd6-502378fb0a43,Play Store,good platform for everyone,5,2026-07-26T12:37:15,0
e00f462e-761e-4359-9cfb-1a5c67914740,Play Store,best❤️,5,2026-07-26T12:36:51,0
09009fba-859d-40f2-881a-421d63ce5187,Play Store,nice,5,2026-07-26T12:36:45,0
ebeb1ebd-2d25-46a0-befc-d50c935c0db2,Play Store,good service 👍,5,2026-07-26T12:34:45,0
12e5de28-5be9-4521-afb0-7e4e914c070e,Play Store,very good,5,2026-07-26T12:34:12,0
0c27c22e-49eb-446b-9b71-bfbb9eaa0054,Play Store,fast service.. accepting cash that's the best thing for me . nice and helpful delivery guys..,5,2026-07-26T12:34:00,0
85c32957-90e2-4722-ae29-3e1559ac08a0,Play Store,"very bad customer support i prefer other apps like zepto , Instamart etc they have better customer support and service than blinkit",1,2026-07-26T12:33:59,0
14a81523-951b-410d-8ca8-a7e03042666a,Play Store,it's too good,5,2026-07-26T12:33:51,0
afefd35d-1ce0-42b3-8772-5735f7a9d60e,Play Store,super sarvice,5,2026-07-26T12:33:04,0
18e93451-b243-4152-a7ba-f109d7c1968c,Play Store,I am satisfy,5,2026-07-26T12:32:27,0
3d5e6197-349c-4f68-baa4-215697488ade,Play Store,good,5,2026-07-26T12:30:35,0
216b5b38-e630-419c-aeab-d8868359f612,Play Store,superb quality,5,2026-07-26T12:30:23,0
3b16781a-0619-4c8f-ab03-b7d8e0f5fb3e,Play Store,good 👍,3,2026-07-26T12:30:21,0
84306a1f-a720-4f8d-aca4-b41a7f63520f,Play Store,excellent helpful app need fulfill very soon by this app,5,2026-07-26T12:30:02,0
f80ee0a0-1fbd-4cfa-aa7d-326bfa89e09d,Play Store,nice,5,2026-07-26T12:28:33,0
694c5032-81d0-4d43-9459-7d3d0d0b4592,Play Store,this ap is very good,5,2026-07-26T12:27:01,0
626d5398-cbcd-4511-8203-ad87e829cb54,Play Store,fast,5,2026-07-26T12:26:39,0
fa41430e-6a59-4926-a935-da6b9107c7fb,Play Store,super,5,2026-07-26T12:25:04,0
53d4554c-d5b5-4ade-a7b3-2afb695a1a27,Play Store,best ap,5,2026-07-26T12:24:52,0
af8a0622-ee79-4a6f-8850-853fdb14adaf,Play Store,awesome,5,2026-07-26T12:24:22,0
c527f05e-b0c0-460b-bbb3-5cee745bfb53,Play Store,"""Amazing experience with Blinkit!🐥 The delivery was super fast,the products were fresh and well-packed☺, and the app is very easy to use.🤍 It saves so much time, especially🗣️ when you need something urgently. Highly recommended 💎for quick and reliable🦄 grocery delivery!"" ❤",5,2026-07-26T12:23:54,0
e67b8601-f143-4c3a-aa8c-57113ef8191f,Play Store,good,5,2026-07-26T12:23:53,0
2f900e67-d813-465d-8472-d1d765d1eadb,Play Store,the best ordering app in the India,5,2026-07-26T12:23:40,0
a032da9b-e11f-4bda-bfdc-d1637b59d06d,Play Store,very fast service 😀,5,2026-07-26T12:21:56,0
7906d7bb-ef30-4982-9993-7cf59ef08019,Play Store,very good 😊,5,2026-07-26T12:21:05,0
fa4b4d46-db05-4526-8082-7a81604033ea,Play Store,good 😊,5,2026-07-26T12:20:14,0
c3bd137c-ce17-4e86-81b1-215b7da1e28a,Play Store,very good,5,2026-07-26T12:19:56,0
3d23d2f5-dff5-4a42-97df-1300c9f8d5d9,Play Store,poor Quality and service,1,2026-07-26T12:19:29,0
72619d71-85c3-4f93-abdb-361e3073be5d,Play Store,service very poor,1,2026-07-26T12:19:07,0
d8c22bfd-3427-4f14-b147-a438d74916f6,Play Store,it good product and we get a thing in just a min,5,2026-07-26T12:18:49,0
837c9ca7-0be2-4ab9-8d4d-971105e0fcc6,Play Store,very good and very helpful,5,2026-07-26T12:18:46,0
f491c720-3baf-45fd-80e9-2bb2307a62be,Play Store,it is a nice app provides the delivery very nicely and all the products nicely but the thing is that if you order it the first time it says that order up to 100 and we will give you free delivery but after the first order it increases and it like it's like it tells us to purchase approx 150 item and then we will get a free delivery so like their increasing their price nd I'm unsatisfied with that please please blink it I request to do not raise your delivery charges,3,2026-07-26T12:17:50,0
a8faf03a-05e3-4b29-a815-7041657161dd,Play Store,good 👍,5,2026-07-26T12:17:42,0
4df1563d-9c92-44a6-b485-dccea45e32af,Play Store,good app,5,2026-07-26T12:17:33,0
6a1d8676-84e2-44f5-8d65-73aa7df7777b,Play Store,better,5,2026-07-26T12:16:51,0
e80d7ff4-1a6b-4fec-802f-074cc870228a,Play Store,very nice app delivery is been done in 10 minutes 😀,5,2026-07-26T12:16:48,0
60b575c7-9f23-4652-b822-c18803d1d8a1,Play Store,Super 👍😍,5,2026-07-26T12:16:02,0
8f4a9e0e-15bd-4637-9aa9-e560808f8067,Play Store,bekar app h delivery bekar h,1,2026-07-26T12:15:57,0
fc008585-ea67-46f2-ac76-3a7ad7bfa4c1,Play Store,very nice app for urgent work's,5,2026-07-26T12:15:40,0
9d1b9c93-216e-4795-bc27-74cc9236ab8c,Play Store,good,5,2026-07-26T12:15:15,0
f683662e-d768-4dbb-b57e-a0876c4d450b,Play Store,gud,5,2026-07-26T12:15:09,0
d12638e1-f2e9-46d6-9256-d3e79b38f10e,Play Store,good,4,2026-07-26T12:14:25,0
6bf7e78f-3673-4f66-a728-dcdf03e535bc,Play Store,ok,2,2026-07-26T12:13:18,0
1ab3e867-3672-45d7-acb9-49534734f061,Play Store,very very good,5,2026-07-26T12:13:15,0
cc86cd84-a269-4e8e-9b01-64fcaddddec2,Play Store,blinkit ambulance service ❤️,5,2026-07-26T12:13:02,0
584c8829-b376-410f-acdb-850ba1898404,Play Store,good,5,2026-07-26T12:12:55,0
0cdae143-734b-4aac-936b-64ba3bbaaaed,Play Store,usefull and easy to use,5,2026-07-26T12:12:25,0
560af461-61fd-48c2-a10f-e16a8a779478,Play Store,very good,5,2026-07-26T12:12:12,0
c75b66bc-a1a2-4333-af6a-f6a6f847e595,Play Store,good sirvish,5,2026-07-26T12:11:47,0
53087002-91ec-43e6-9d11-75cb99c6da2b,Play Store,good,5,2026-07-26T12:10:32,0
0fc5cbb1-84ba-495e-b976-a4e6ba0cfdde,Play Store,Good services and good quality of products delivered in time.,5,2026-07-26T12:10:22,0
0855d613-5d86-43e4-be97-52bb9ca0af3d,Play Store,ok,5,2026-07-26T12:10:18,0
c23b16ab-c7a7-4594-9b95-dcba5579f6e7,Play Store,best aap,4,2026-07-26T12:10:12,0
ee8de070-4650-421c-afb1-bc1f7e8b5164,Play Store,ok,5,2026-07-26T12:09:48,0
c925d774-6923-4a4b-9865-c0b0fff7f4de,Play Store,best service,5,2026-07-26T12:09:44,0
ca5eeeeb-f24c-41f5-b34d-d6c572ab1967,Play Store,so good believeri,5,2026-07-26T12:09:41,0
c3bbda74-4d0a-4e55-9687-ee3db42b4bd1,Play Store,super Fast Delivery ❤️,4,2026-07-26T12:09:29,0
efc67db4-4948-4210-b49a-00f75e419853,Play Store,Best app for last minute emergency,5,2026-07-26T12:09:27,0
64db22ab-fd25-44e1-b346-563911dfb90e,Play Store,good,5,2026-07-26T12:09:20,0
94b138e5-904d-49aa-b46b-0528cb92d10b,Play Store,Supperb,5,2026-07-26T12:08:25,0
4c441de8-a8ff-4717-b04e-c2b9610f1e3a,Play Store,the dilivery boy is sometimes late and not accept coins in cash on delivery even 10 or 20 rupes we give coin they said give paper notes or pay online.,3,2026-07-26T12:07:49,0
b971628f-b323-465c-9515-6712683bcade,Play Store,"quick service,no changes like torn chips packet",5,2026-07-26T12:07:23,0
85ad4176-17fa-4f74-9fa8-b4f2bc2f4ed4,Play Store,good,5,2026-07-26T12:06:45,0
b1c93fcf-4db0-4b76-838e-1725781765b2,Play Store,very quick and safe delivery,5,2026-07-26T12:06:05,0
c5caad72-9803-4de0-af68-652c18bf404a,Play Store,Prem Kumari like the way of delivery time,5,2026-07-26T12:05:58,0
91c4f484-3332-4bc1-9752-3de5d6edebd4,Play Store,good service customer reply quickly and solve problems,5,2026-07-26T12:05:31,0
8b840efe-07d8-47a5-bc80-766b4f967e59,Play Store,Most useful app ever used.,5,2026-07-26T12:04:58,0
cf64d979-fc3e-4e81-8975-b07ce47a314e,Play Store,all products are good and very faster..,5,2026-07-26T12:01:42,0
a1e17a3d-2fc0-4847-89d0-92776879b0e1,Play Store,"Bad Experience.......... delivery boy behaviour was very bad, having very bad & unskilled workers..........",1,2026-07-26T12:01:36,0
3c69d1d5-dcdc-473f-b156-08e71e59c876,Play Store,good,5,2026-07-26T12:01:32,0
5a1fdf5d-068d-4a8b-a787-5dacb71c2080,Play Store,okay 👍,5,2026-07-26T12:01:16,0
bd57a165-9686-42b8-95ad-3e5146ed74f4,Play Store,"""I experienced the worst situation on Blinkit. 500 grams of chicken liver cost ₹125, which was okay. Coriander leaves (100 grams) cost ₹17, and Amul milk (500 ml) cost ₹30. The total should have been ₹172, but when I went to pay, it became ₹207. That's a huge difference. It's becoming very difficult for ordinary people to afford shopping on Blinkit. Honestly, it's scary to even place an order there.""",1,2026-07-26T12:00:58,0
04b65bce-0d72-461a-b479-a2aafb6be27a,Play Store,Blinkit has legit been really helpful for any item that I needed at the very last moment. It's vast range of options makes it even more convenient,5,2026-07-26T11:59:25,0
43c5f5a4-19ae-4d22-8e6c-1f0b020a715c,Play Store,there is always a map problem whenever i want to fix my house location map is always white fix it.,1,2026-07-26T11:57:55,0
1ceeadcf-6218-4999-9b9c-6632583a9549,Play Store,super,5,2026-07-26T11:57:41,0
4fab469a-c962-43d7-ad61-018edd993c3e,Play Store,😊😊 good 😊😊,5,2026-07-26T11:57:28,0
25808209-cefc-4eac-b491-f3b8a1c76e19,Play Store,good 👍,5,2026-07-26T11:56:49,0
757ec6f5-8b73-437f-99bc-d04d0862d4e7,Play Store,fast delivery,5,2026-07-26T11:56:48,0
18c06edb-f1e1-4251-bf25-38c39f376b03,Play Store,ok,5,2026-07-26T11:55:47,0
faf3fa0e-6881-44e8-a275-a315989e23a2,Play Store,good 👍,4,2026-07-26T11:55:22,0
6adc2057-7ce3-4607-944b-e63651e2e90a,Play Store,"best service, I am very happy",5,2026-07-26T11:55:19,0
efa9c2b0-4d2a-44ed-ab64-950e6a728c1d,Play Store,Good app,5,2026-07-26T11:54:27,0
3b3b9cf0-2bc6-443f-b262-e6f7e4ed204e,Play Store,good,5,2026-07-26T11:54:05,0
abf4029b-784f-4b38-865f-f9dab1d06a8f,Play Store,good,5,2026-07-26T11:52:29,0
0067d72b-7a98-4993-bc4f-f97285972c63,Play Store,price extra charge show compression price,4,2026-07-26T11:51:21,0
64af3525-af68-483f-82d6-e92de42b3beb,Play Store,come fast,4,2026-07-26T11:51:04,0
a864c8b8-37da-4f55-a475-e0154b36c835,Play Store,very useful app,5,2026-07-26T11:50:24,0
2a5a4c62-06ab-4314-8b69-dc4ec6ef0215,Play Store,very nice and comfort zone,5,2026-07-26T11:49:54,0
c6776b5b-eb14-4227-bd95-26a6d213b1a8,Play Store,wonderful,5,2026-07-26T11:49:42,0
54a1f557-ddeb-46c9-a544-3aa24eb23d55,Play Store,nice,5,2026-07-26T11:49:16,0
d2d02629-ca9b-41f3-86b7-0f96ec9cd335,Play Store,good👍😊💯,5,2026-07-26T11:48:47,0
3bbc94e8-ef43-421e-8d8b-7e21d8ec12ba,Play Store,நைஸ்,5,2026-07-26T11:48:37,0
9408e2c9-10bf-41ef-94e8-7615ced0c659,Play Store,very nice app,5,2026-07-26T11:48:28,0
69b432c0-5c84-4f74-9282-ed7d1947c4ec,Play Store,good app,5,2026-07-26T11:47:47,0
0a9cca28-587b-440f-8b9a-0fbe2f4bde0e,Play Store,delivery boy behaviour not good,2,2026-07-26T11:46:52,0
a5b05ebd-7d85-4787-8aa5-6f9c4f227611,Play Store,"poor service, no call from seller side to confirm order delivery",1,2026-07-26T11:46:20,0
d55fd777-747a-4249-96cb-f3418a073f56,Play Store,Very good app !! love it 😁,5,2026-07-26T11:44:40,0
e4131174-b84c-40b7-809d-e3b02841f7a7,Play Store,not slow,5,2026-07-26T11:44:40,0
04c089f9-5dfb-4937-bc33-2c19dcab933e,Play Store,very good,5,2026-07-26T11:44:21,0
80643942-f5ac-4bd9-9e5a-d75bad5b4bba,Play Store,good,5,2026-07-26T11:43:33,0
4cb6aa7d-e0de-44fb-8e91-0e1061e6f5a5,Play Store,let's see,5,2026-07-26T11:43:06,0
0c6129d3-f5a5-42c2-b4aa-65a62761d610,Play Store,super 👌,5,2026-07-26T11:42:48,0
0243b3d8-26ff-452e-9682-261167c3d45d,Play Store,no delivery in my area CHAKAN 410591 its said unserviceable area,1,2026-07-26T11:41:50,0
fa7cf397-fdf9-425e-bc11-435fbfce5bfd,Play Store,very extra charge you are taking,1,2026-07-26T11:41:49,0
ee6e6d1a-b981-4b94-9327-101bf06b6bac,Play Store,good,5,2026-07-26T11:41:13,0
9e19cca6-312a-4d0a-b455-2f765735d9ca,Play Store,Because you are the one who has the case on dilevary.,1,2026-07-26T11:41:11,0
ad14b65e-9e52-4d96-aa9c-6f3151fc94ec,Play Store,good,5,2026-07-26T11:40:53,0
eaad000f-d22a-47ae-9c18-91b24a649a2d,Play Store,Good Service,5,2026-07-26T11:40:38,0
b5ba9aca-5295-45d2-b752-66c747cd2827,Play Store,good application,4,2026-07-26T11:39:55,0
70ecc383-9b5c-4f0c-ab18-d80990154d72,Play Store,product price very high,2,2026-07-26T11:39:38,0
e4dc3ba4-32d5-4a6b-bf2b-5d0ba32b13d4,Play Store,Great. Almost everything is available.,5,2026-07-26T11:38:35,0
745f91bb-915a-4fb8-9f53-7e160960138f,Play Store,worth it,5,2026-07-26T11:38:04,0
ca2cc1df-4049-4d0f-b2b9-2b6994ebeb82,Play Store,good 👍,5,2026-07-26T11:38:00,0
91c02778-c63a-4fc4-94a1-84d65c9f8c3b,Play Store,"""Repeated service failures, delayed deliveries, and the inability of customer support to provide a satisfactory resolution have completely eroded my trust in Blinkit. I no longer wish to remain associated with the platform. Please permanently delete my account and all associated personal data.""",1,2026-07-26T11:37:33,0
b3caf741-73f2-46d1-9659-129129a237ee,Play Store,Too good.,5,2026-07-26T11:37:25,0
71eae11a-a3e2-4757-81d5-3cbddeac10c4,Play Store,good,5,2026-07-26T11:37:11,0
1754b1b3-1dc1-456c-b7e3-3961a74754f0,Play Store,"too slow, rate issue, always late delivery it's near me hardely 5 to 10 meter",1,2026-07-26T11:36:44,0
1ce3caf7-22b4-4283-9260-13461e704f1b,Play Store,Best,5,2026-07-26T11:36:39,0
5c4a88af-fdb4-4ce0-a45c-bf9bfead4de8,Play Store,good 👍,5,2026-07-26T11:36:34,0
90eae840-63c8-48ea-a6e0-89768c821cc6,Play Store,good service,5,2026-07-26T11:36:15,0
d2f91865-3cc5-4c7c-889b-84911e7676f5,Play Store,nice,5,2026-07-26T11:35:59,0
dad1c9a9-17fd-47f6-9729-07d25f54f7a5,Play Store,Good,5,2026-07-26T11:35:58,0
3a7a8a61-4917-4a80-b9cf-99e1f86780f0,Play Store,my cod close please open my cod,3,2026-07-26T11:34:59,0
457af6fa-0f5f-43ee-99d9-e3f4bad05295,Play Store,very fast delivery app. i like it' l,5,2026-07-26T11:34:47,0
1e1b83ee-91eb-43a6-9da0-4aa7017fe272,Play Store,very good👍,4,2026-07-26T11:33:50,0
2069eb49-b85a-440f-9519-537db74e618f,Play Store,for quality rate and fast delivery,5,2026-07-26T11:33:18,0
42650537-d1f1-4419-9f74-8cfa0ef4d776,Play Store,thankyou,5,2026-07-26T11:33:11,0
8f3789a6-70a8-45bc-9050-bcef636a70c6,Play Store,nice,4,2026-07-26T11:31:16,0
6ff91584-a31c-4cb8-8aae-843791349732,Play Store,this is app is awesome 😎,5,2026-07-26T11:30:38,0
1cc72166-3d5c-46c0-9d3f-8943f96d14ca,Play Store,gr8 app,5,2026-07-26T11:28:34,0
ef5a08a9-8ec0-49c7-aa7a-3628971622bb,Play Store,cancel option should be available for customers,3,2026-07-26T11:28:23,0
6905d906-e757-4e94-903b-e5eab3cf0d2b,Play Store,good service,4,2026-07-26T11:27:27,0
4e8730d1-7089-41db-8d3a-a8f73bcf5397,Play Store,great aap thank you for oner,5,2026-07-26T11:26:50,0
4a11b35b-2df3-4345-88ca-0624fc781bf4,Play Store,nice pdoct ♥️,5,2026-07-26T11:26:39,0
9e4d1714-07f1-4fa7-b588-3c1be9b7f990,Play Store,bhoot bekr h ye maine inki service,1,2026-07-26T11:26:22,0
c69bd4be-442e-47b6-a0d1-9da358c369dd,Play Store,amazing app,5,2026-07-26T11:26:20,0
f0f98bb5-aae4-4d36-80f2-ed4577861954,Play Store,best blinkit app,5,2026-07-26T11:25:41,0
402feabf-f9ec-4633-8d4e-178b74d51fea,Play Store,best,4,2026-07-26T11:24:53,0
f1b84cf3-fdee-42c8-a15c-a5fafb8ef051,Play Store,ok gook,5,2026-07-26T11:24:51,0
94d7a20b-6083-4ca1-b561-3976a7572618,Play Store,good right,5,2026-07-26T11:24:43,0
bdb8a3be-17fb-4604-a07c-2e4c29dd459c,Play Store,very good,5,2026-07-26T11:24:08,0
40e6808b-164f-4172-a303-c56e91c3ed12,Play Store,TERRIBLE,1,2026-07-26T11:23:16,1
479559d3-7317-4f85-92f8-6a521f33d508,Play Store,everything is good the product nd all but sometimes i feel things r overpriced,4,2026-07-26T11:23:12,0
66477a31-5355-4831-899a-9307bf998300,Play Store,thank you,4,2026-07-26T11:22:54,0
ed8d6bc8-d7b2-46be-b102-ba075329c784,Play Store,vary vary fastr aap I love that,5,2026-07-26T11:22:32,0
260a8a70-5000-4e17-8a2b-038f8e070f19,Play Store,very fast and good,5,2026-07-26T11:22:13,0
8719a76e-fd46-490f-94c0-b6b4ad9797f6,Play Store,This app is very nice and good 👍 👌 👏 😊 🙂,5,2026-07-26T11:21:55,0
4b16f13f-c895-4ff7-8c3c-9aab81574f56,Play Store,good,5,2026-07-26T11:21:25,0
811c2bbc-56f8-408c-a21c-7ad5800c0b72,Play Store,mast aap hai bhai aap log bhi use karo bohot jaldi saman aa jata hai,5,2026-07-26T11:20:32,0
897ddb87-a480-4d70-87d8-ad2115190c22,Play Store,suprb experience,5,2026-07-26T11:19:24,0
1970018f-6fde-4444-8ca8-ed04e135456a,Play Store,excellent,5,2026-07-26T11:19:11,0
76e2ce2f-9b28-4070-84bb-510a1614a67e,Play Store,"helpfull ,thank you blinkit you solve all my problems",5,2026-07-26T11:19:08,0
99d5c8f5-739a-4981-92c5-30a5439c07c5,Play Store,Good Service 👍,5,2026-07-26T11:18:53,0
b81efc28-3712-4a7b-b3ab-f6c05d0a1415,Play Store,good,3,2026-07-26T11:18:42,0
71c30b99-619c-4bf9-9f53-bae0d4d57738,Play Store,"received the worst product,after complaining no response",1,2026-07-26T11:17:30,0
6393edbe-49ea-4e57-903b-3c14afa36dce,Play Store,you are amazing I love you 💞,4,2026-07-26T11:17:15,0
87fd943e-1752-4948-ac12-472172d76183,Play Store,delivery charge so much 😫,1,2026-07-26T11:16:56,0
7e50faaf-1790-42cc-9a12-822a10b86587,Play Store,great app good to buy everything,5,2026-07-26T11:15:56,0
919852b2-307e-434a-a2ce-f4feb88618c4,Play Store,good,4,2026-07-26T11:15:17,0
1896a21e-0adb-43af-adc5-f8fde8b6c0bd,Play Store,Timely delivery,5,2026-07-26T11:14:44,0
101435aa-4c7a-4478-a19c-f761b62c4293,Play Store,Ongoing Good service is truly appreciated,4,2026-07-26T11:14:33,0
ae5d83ef-2cc1-4565-a268-6f1e0e4587c9,Play Store,best and fast,5,2026-07-26T11:14:19,0
fdc2ac07-6694-4783-81e6-c45e0377cab1,Play Store,super money saver,5,2026-07-26T11:12:56,0
6a8f0131-bf88-4c9f-8af6-4b2b998bc3ee,Play Store,😍,5,2026-07-26T11:12:32,0
4efc944c-488b-47a3-b3b1-e03489444c65,Play Store,good service 👍,5,2026-07-26T11:11:21,0
43c97f54-c3f9-4f1b-9f03-d02709bfcba3,Play Store,good,5,2026-07-26T11:10:32,0
9e963251-5316-4f7b-8b48-30a7abc0e951,Play Store,"sometimes,quality of vegitables vary.",4,2026-07-26T11:09:10,0
092f356b-69a1-4393-a66f-50df9d030be2,Play Store,Nice service,5,2026-07-26T11:08:47,0
aec2ab61-3378-4896-ac5a-15c10cf3e32c,Play Store,nice,5,2026-07-26T11:08:28,0
33847607-2dc8-4086-91a3-565328e3fbeb,Play Store,good,5,2026-07-26T11:07:09,0
d60040fd-90d3-426d-8608-d5cc654b1ec4,Play Store,quick delivery,5,2026-07-26T11:07:07,0
2e9b9386-362f-4d0f-8e81-8348720ac4bf,Play Store,very convenient app and the deliveries are faster. Much better than going to the market in the sunny daylight.😊,5,2026-07-26T11:06:53,0
66789da8-221d-4efa-9a42-bf8c0043e9f1,Play Store,mast,5,2026-07-26T11:06:51,0
9c22de97-62ba-4b58-a930-9d40a150e2b1,Play Store,"Blinkit is superfast delivery platform, one can rely on. They supply genuine and fresh products to customers.",5,2026-07-26T11:04:48,0
73505106-7a74-4309-97b2-306c399bb16d,Play Store,good,5,2026-07-26T11:04:02,0
e917e770-a42f-4f7f-8ecc-1d825b8dee48,Play Store,super Experience !!,5,2026-07-26T11:03:57,0
ab8b8467-d568-4fd4-a8d5-f26a2d428c14,Play Store,good,4,2026-07-26T11:02:49,0
a6f50a50-c36e-4411-a6b8-0c32fab98404,Play Store,good service,5,2026-07-26T11:02:21,0
79e6736c-0755-42af-b530-b231469c5589,Play Store,very useful,5,2026-07-26T11:00:21,0
9dac309a-09dc-4a82-bc67-74055485b18b,Play Store,okk,5,2026-07-26T10:59:59,0
ef816cbc-995e-4d99-80e9-5c4871011e64,Play Store,this blinkit is so fast an good service,5,2026-07-26T10:59:43,0
90dc1e49-feb2-470d-9ed1-0bcae942ff89,Play Store,Some items like children toys are very high prices compare to out side so people never choose to buy from blinkit..,1,2026-07-26T10:57:26,0
415ef414-e897-4e9f-b1e5-71ab6e0e3ca4,Play Store,"very fast delivery , in 10 minutes",4,2026-07-26T10:57:12,0
2ff3a75e-071b-4b11-b48b-4c514e340808,Play Store,good,5,2026-07-26T10:56:44,0
d34e5628-4b16-43aa-94fa-24532e218bed,Play Store,super fast delivery,5,2026-07-26T10:56:42,0
8360ec60-bef5-4602-b0ca-24ec55e1c8a1,Play Store,good,5,2026-07-26T10:56:22,0
02e8cff0-84a3-4d1d-ae01-50a72f4d5dff,Play Store,best app,5,2026-07-26T10:56:12,0
11645ae8-d6c5-46d7-8951-6e63e9d3c7a6,Play Store,it's good af,5,2026-07-26T10:55:46,0
2bad6dbb-13c4-4e71-a719-0688c57883a2,Play Store,very good service 👏👍👌😀🙌,5,2026-07-26T10:55:27,0
3740a0b1-860b-4c10-88d8-a28c17544859,Play Store,best app best service,4,2026-07-26T10:54:37,0
40b7fbf5-d007-4bf8-b5f6-0ab475ae29f4,Play Store,too good,5,2026-07-26T10:54:08,0
11d4e8b3-2415-46d1-b402-a50c976f3e0a,Play Store,no 1 app,5,2026-07-26T10:53:04,0
b45aab14-ca4e-4de7-be52-a3ae160a0f74,Play Store,good service,5,2026-07-26T10:52:42,0
c09391fd-2fcf-4953-bc9c-d8be9cc56d96,Play Store,excellent,5,2026-07-26T10:52:23,0
95f85a1e-7ed1-44be-bade-dfd58d837bbe,Play Store,service good,2,2026-07-26T10:51:19,0
bf1d65ec-8fe5-455b-9b6b-15971c1b97f2,Play Store,great,5,2026-07-26T10:51:09,0
b06761bc-b948-4c78-a219-27a7554dec33,Play Store,good service,5,2026-07-26T10:50:58,0
da26baf2-3f4f-479a-b9b4-8c59ae98282d,Play Store,super,4,2026-07-26T10:50:56,0
d18d3c3f-c817-4bf5-89ed-3102296e7e51,Play Store,EXCELLENT 👍👍👍👍 GETTING BETTER DAY BY DAY.,5,2026-07-26T10:50:48,0
78e3ec87-d788-4d8f-8372-d05c7b762c4c,Play Store,neet and clean and always on time,5,2026-07-26T10:50:07,0
7a4ad2cc-11cf-470d-9957-c6dfba82aa00,Play Store,"I like Blinkit for its quick and reliable delivery service, which is one of its biggest strengths. However, I am not satisfied with the packaging. At times, the packing is not strong or secure enough, which increases the risk of products getting damaged during transit. I hope this aspect improves soon.",5,2026-07-26T10:48:35,0
01816390-fe3e-4857-8c74-3867a953f14c,Play Store,nice 🙂,5,2026-07-26T10:48:28,0
735f20ce-3996-4ae0-a1ca-d61d04528ad1,Play Store,very good,4,2026-07-26T10:48:13,0
415cc78f-b137-4b30-8fa1-f16107e7e95c,Play Store,good 😊,5,2026-07-26T10:46:54,0
1d88c4ab-98db-4549-b820-fa18879a0b87,Play Store,very very fast app 😁♥️,5,2026-07-26T10:46:44,0
a3c558db-c6b4-441c-8aca-e64884b29d04,Play Store,good👍,4,2026-07-26T10:46:35,0
7c824d58-4709-45d8-a956-3cf769229070,Play Store,vegetable quality is not good and sometimes products demand high price.,3,2026-07-26T10:45:39,0
bad2e0c6-0862-4af3-9ea6-307fff507970,Play Store,very nice ✨️😇,5,2026-07-26T10:45:24,0
f4f62874-18cd-4aa0-81fe-d01a08b79839,Play Store,"As of today, 26-07-2026, the delivery staff have been excellent. There have been no arguments, and deliveries have always been fast. I have found that every delivery person who has come for delivery has been calm and polite.",5,2026-07-26T10:45:07,0
ead0e670-1a14-4c5a-8a17-761f4e5b78d6,Play Store,very nice,5,2026-07-26T10:44:44,0
75524774-51e7-407a-af9f-1237d9c1dc0c,Play Store,super,5,2026-07-26T10:44:29,0
5a803183-11e6-4226-8cde-0dfd90cc3f89,Play Store,wow,5,2026-07-26T10:43:28,0
c2942c57-c40a-43f5-afdf-958bbae729a2,Play Store,best price and good app,5,2026-07-26T10:43:25,0
3809ef71-9a73-4a9d-9497-9f6b86e9fdae,Play Store,good,3,2026-07-26T10:43:00,0
4bcc9360-bdf6-498b-9119-66f1730e52a9,Play Store,spr app on time delivery,5,2026-07-26T10:41:50,0
55de5d1b-0679-452c-b9c9-928941e3f453,Play Store,This App is just fabulous 😍 this app save's my time very much and got things on my door step loved this app ❤️,5,2026-07-26T10:41:40,0
0fddc317-65d7-4b59-911a-14e2c6d6d39b,Play Store,good,5,2026-07-26T10:41:28,0
2af4bb90-2620-462e-9970-103d17fe1cec,Play Store,good,4,2026-07-26T10:41:04,0
897d3d08-2838-47bc-bc7f-6aabaca7fddf,Play Store,does not support upi payment,1,2026-07-26T10:41:01,0
6a050e8a-9015-4e6f-bdd2-198d85133aea,Play Store,nice,5,2026-07-26T10:39:28,0
58d9acb3-e74e-4478-8abb-0468b6fed09a,Play Store,good service,5,2026-07-26T10:39:22,0
54b4216b-3193-4c5c-a68a-25a838ca3cbd,Play Store,Blinkit is very helpful at last moment,4,2026-07-26T10:38:57,0
28dcb4b2-87a2-40fa-a57f-65103fdd68d5,Play Store,it's too fast delivery,3,2026-07-26T10:36:25,0
a29a2cdc-644b-4991-852b-7ca58d40c78b,Play Store,simply awesome,5,2026-07-26T10:36:07,0
aad88f2b-700f-48c4-98e6-dadae75b8acb,Play Store,great service,4,2026-07-26T10:35:54,0
037ed056-b34f-481a-9fd4-3dc6232dc85d,Play Store,good app cut time on shopping,5,2026-07-26T10:35:45,0
7810bbb4-c7d0-4f09-9afc-61f36bca0c47,Play Store,nice sarvice,5,2026-07-26T10:33:57,0
a7ac0cfc-f0cc-4bfe-929b-e68936ec301a,Play Store,amazing 😍😍😍,5,2026-07-26T10:33:23,0
6bf9b43b-8ec7-4fa0-adb9-fc2c06fdaaba,Play Store,nice,5,2026-07-26T10:33:14,0
bbbf953d-3c29-43ba-9729-a67af98bbe06,Play Store,amazing service,5,2026-07-26T10:33:02,0
447d8d7b-c487-491c-8b5b-3c47c32a2d10,Play Store,Down time has started for blinkit. God save you guys. Worst staff across Noida and Greater Noida hub....pathetic.,1,2026-07-26T10:31:44,0
da4aa29f-de24-4b1e-91a5-9bb8c24f99f3,Play Store,"Such Rating for wrong information, As Your clock is not moving after ordering the goods . order delivered in 15 -20 minutes but it shows 10 or 11 minutes. so wrong information.",2,2026-07-26T10:31:03,0
0cf50528-ef1d-4243-9306-7517ed657cfe,Play Store,ok,5,2026-07-26T10:29:47,0
8793d180-3ce6-47c3-9a35-806642141cd4,Play Store,good,5,2026-07-26T10:28:31,0
4a2994f0-bef6-4e53-b3b6-737c8ea3ef30,Play Store,fast delivery,5,2026-07-26T10:28:10,0
7c6c979b-582c-4091-b5b7-23680ad58de6,Play Store,nice app,5,2026-07-26T10:27:58,0
670e765f-9790-4a8a-ab77-80ff3fbadbff,Play Store,This app is most helpful to get essentials. Delivery is faster than shown in app(depends on your location). No hassle of payment failure as it offers COD.,5,2026-07-26T10:27:11,1
91cf7323-552f-4233-b722-442097b2576e,Play Store,good 👍,4,2026-07-26T10:25:36,0
8c15b110-2554-44c3-b327-e52de838f2f6,Play Store,sab kuch to thik h but cash on delivery rakhna chahiye..bahut se log GPay online payment nhi use krte ya kbhi account m pese nhi hote...to hum case on delivery to kar skte h na..but isme ye option diya hi nhi h jisse hum kabhi Oder hi nhi kar pate..so plzz case on delivery ka option rakhe,3,2026-07-26T10:25:28,0
00f5e068-7383-4944-986b-dfe20fdbe7c5,Play Store,good service,3,2026-07-26T10:24:15,0
8be93909-40a9-416f-8ff7-234ca3d4c857,Play Store,Better than other fast delivering apps,5,2026-07-26T10:22:57,0
37ce46da-1649-4a39-b910-5b2c2d3e4ecf,Play Store,good delivery,4,2026-07-26T10:22:06,0
adc029db-b5bc-48cf-91f7-b7f64a15ee4b,Play Store,nice 🙂,5,2026-07-26T10:21:57,0
4f29dfbb-98e2-4087-b46f-77d57ffd05df,Play Store,very good,5,2026-07-26T10:21:31,0
eca2d4a9-d45a-44f4-b1f4-0dd998868e29,Play Store,good,5,2026-07-26T10:21:21,0
9aa80502-45bf-49df-a620-ecd817bf9f64,Play Store,very helpful 🙂,5,2026-07-26T10:20:31,0
26ed5f9e-7de1-47d6-a880-6b0ae66e9ecc,Play Store,best,5,2026-07-26T10:17:55,0
0f85cc57-e6bb-436e-8a43-17439cf1330a,Play Store,very nice,3,2026-07-26T10:17:07,0
3bcb7904-7ee0-4ab9-85ad-7b721eee00ce,Play Store,ok,5,2026-07-26T10:17:04,0
b0b87e70-bc97-4e92-a774-bc4dee0e9111,Play Store,good quality received in short time,5,2026-07-26T10:16:40,0
d97cc4e1-e50b-4ea2-a840-030122cd6219,Play Store,if stock is not there just get them as soon as possible soo that they can get it. if not in stock may be they needed urgent,2,2026-07-26T10:16:17,0
32d74089-4ce0-43a8-b59a-19e2cbeb94ed,Play Store,very good 😊,5,2026-07-26T10:15:43,0
a2b29a19-03d8-4c2b-a3bf-3b1566254495,Play Store,wooow,5,2026-07-26T10:15:43,0
e189e6cf-2046-445e-8333-fbe04d3735b9,Play Store,hoping for the best,5,2026-07-26T10:15:09,0
9a472c26-3dbe-489a-b6b6-599249982bd2,Play Store,thank you,5,2026-07-26T10:14:31,0
367d01e8-b234-49e3-8d7c-8237f201f650,Play Store,Very useful for today's advanced and digital world...,5,2026-07-26T10:14:25,0
6b29b999-6a16-481b-8d1a-421402f45ab8,Play Store,Blinkit is very good then big basket,5,2026-07-26T10:13:15,0
7b53b3c8-77df-42f8-b74d-40366644aecc,Play Store,service was not good,2,2026-07-26T10:11:49,0
d56b4a42-f416-45ec-8c2f-c3549e98f0fb,Play Store,nice,5,2026-07-26T10:11:28,0
cfc4646a-50fd-46ea-a209-d950324a5482,Play Store,orderd pappaya given day before stock. not good,1,2026-07-26T10:10:50,0
c52ad338-494d-40cb-a24d-e9689b911842,Play Store,great!!*,5,2026-07-26T10:10:44,0
e4a7cab4-40c1-4183-aef3-c6fdd518581a,Play Store,Nic Service,5,2026-07-26T10:10:05,0
4dc779d9-6d70-4aba-982a-12846f238dad,Play Store,good,5,2026-07-26T10:09:52,0
941eb731-d24c-4718-8e9d-af4084a002c6,Play Store,Awesome 👍,5,2026-07-26T10:09:15,0
4c3941ec-a761-457d-ab6f-50dd528ec7df,Play Store,got leaking bottle,1,2026-07-26T10:09:06,0
fd134f8c-5bf1-44a8-8447-fc6e47f9af1b,Play Store,👍 good,5,2026-07-26T10:08:35,0
6c8280e5-7429-4c41-9e9e-3713c1b64793,Play Store,👍,5,2026-07-26T10:07:46,0
712c9343-ccf3-45b0-9323-3bec9a0ccd42,Play Store,superb,5,2026-07-26T10:07:40,0
838d5f5b-16af-4f0c-b471-ecabca1b9037,Play Store,good,5,2026-07-26T10:07:29,0
3214f8be-6367-4d6d-80de-fa72829b8815,Play Store,I HAD DIARRHOEA SO I ORDERED TABLET FOR SAME SO THEY CONNECT ME TO DR AFTER CONSULTATION MEDICINE WAS APPROVED TODAY IS SUNDAY AND ITS ABSOLUTELY FREE OF COST THANKYOU SO MUCH 5*IS MAXIMUM SO GIVING THAT MUCH LOVE IT EXCELLENT SERVICES,5,2026-07-26T10:07:24,0
711e7a54-f316-406c-a4ea-41e6921a9fb3,Play Store,good,3,2026-07-26T10:06:38,0
311aa640-875d-48b7-9df5-b95267211161,Play Store,"I am extremely disappointed with my recent purchase and the overall customer support experience. The support team was difficult to understand, making communication and issue resolution frustrating. Instead of receiving clear assistance, I was left with unresolved concerns and a poor customer experience. Blinkit should improve the quality of its support by ensuring clear communication, better training, and timely, effective resolutions for customers.",1,2026-07-26T10:06:16,0
9fa65c68-aedf-4e3c-8f84-d796221db742,Play Store,Customer service is horrible,1,2026-07-26T10:06:06,0
ac722e75-8231-4931-a0ff-b2a25545031b,Play Store,"I live in Noida (UP), I always use blinkit to order online but there were some instances that happened to me that I received damaged or bad quality products from there DARK STORE which is in KHORDA, Noida. Now this made me switch to other online options.",2,2026-07-26T10:06:00,0
a1eac254-a315-436e-b7c4-7f5bb64fc6e4,Play Store,very good,5,2026-07-26T10:05:16,0
00f39dc1-3629-4b1c-9525-0558ca7013d0,Play Store,delivery boy ka bat karne ka tarika bahut Ganda Hai khud hi order cancel kardiya or 20 rs kat kar refund kiya age se is app ae koi saman nhi magana ekdum bekar app he,1,2026-07-26T10:04:53,0
921ac880-3c81-4642-833f-0202e8081052,Play Store,That's good 👍😊,4,2026-07-26T10:04:17,0
b236a8bb-878b-4272-b531-456ea0017d02,Play Store,Good app,5,2026-07-26T10:03:43,0
ef189153-fed6-4f14-8dc3-386126473f8d,Play Store,thank you,5,2026-07-26T10:03:18,0
e04a8573-f340-487b-b83f-cab85ee2aa96,Play Store,good,3,2026-07-26T10:02:48,0
030a38f6-e361-4ce2-8731-497306439cdc,Play Store,ahhhhhhh,5,2026-07-26T10:02:23,0
911c8e36-2f2d-452b-a6df-e540df1ddf66,Play Store,Good Experience. Excellent.,5,2026-07-26T10:02:20,0
d3107dea-4838-4fcb-a3ee-0cf21c56796c,Play Store,best last minute app,5,2026-07-26T10:02:18,0
78dcf8b8-c170-47e3-a1ec-0801d6ff7581,Play Store,Good first time experience will use them often now,5,2026-07-26T10:01:52,0
7f37066c-8764-44b4-a956-a1cadb89293f,Play Store,good 😊,5,2026-07-26T10:01:49,0
8b88e39d-e447-49c1-9544-d845d1d99ecf,Play Store,give fresh vegetables otherwise all good,4,2026-07-26T10:00:22,0
3c492930-b8ff-4db0-86b7-3654315fb1fc,Play Store,good,5,2026-07-26T09:58:53,0
c8d39167-ee06-4be3-a54b-2c12d2c1acd6,Play Store,good,5,2026-07-26T09:58:47,0
3cce6038-b607-4a0f-8654-54fe1e082579,Play Store,best instant delivery app for anything,5,2026-07-26T09:58:38,0
348c20e8-187e-456e-b770-aeab147ad77b,Play Store,Good service,5,2026-07-26T09:58:07,0
5338378e-0759-4002-aac5-cb1177b6bdb8,Play Store,it's first time for me let's see,5,2026-07-26T09:57:48,0
02160ab8-809e-4af2-9c85-a843e7ba1c4f,Play Store,great app,5,2026-07-26T09:55:44,0
50a6f232-b5aa-415f-b696-8f2bf4b358e4,Play Store,very good service 👏,4,2026-07-26T09:55:20,0
3f7fcd6d-d676-40cc-a72f-d411c7efa6fe,Play Store,Great app. Anything you need on your doorstep,5,2026-07-26T09:54:35,0
a20c013e-f20a-4eaf-b886-c64ffe5d65a4,Play Store,this app is so good I just love it,4,2026-07-26T09:54:09,0
78180bb5-1d1f-4475-9649-0496f102cc74,Play Store,okay 👍,2,2026-07-26T09:54:04,0
e2b83251-7f09-42b1-93f7-b477d280b1d1,Play Store,Refund nahi krte ye money,1,2026-07-26T09:53:37,0
9ca57ef8-0ae5-47a6-ad08-5fee15e13a1a,Play Store,good,5,2026-07-26T09:53:35,0
e7cfb0aa-bf4b-4272-ba3e-e784028f94d3,Play Store,Dabhi Devraj thanks you,5,2026-07-26T09:53:21,0
0b9b432b-c6b2-4b46-bcff-443c2beb3bd6,Play Store,nice app very faster...?,5,2026-07-26T09:51:59,0
25dc77fc-1351-4d36-a2cf-8c918e5df2d7,Play Store,V Good,5,2026-07-26T09:51:58,0
c2fa9ada-5a25-4c0d-aca5-c1f3a838b87a,Play Store,nice,5,2026-07-26T09:51:06,0
afd9f5da-0406-45c8-bbb0-ec0208cd89c0,Play Store,nice❤️,5,2026-07-26T09:50:31,0
1028fcda-1bd5-4b53-838c-b9d893d7200c,Play Store,nice,5,2026-07-26T09:49:42,0
761e3dee-21a3-4cd1-ae4e-e2cf062214ed,Play Store,super fast,5,2026-07-26T09:49:22,0
8765fab0-ac41-45d7-8da2-e8dbf559e2b9,Play Store,Good,5,2026-07-26T09:49:04,0
9bd9661b-15a7-4ab9-897a-63aa196fba42,Play Store,beast,5,2026-07-26T09:48:34,0
b007d259-58ff-40b0-accc-10f7a312b041,Play Store,fast service,5,2026-07-26T09:47:47,0
d63f8f57-ea12-4e12-82be-3364fd723185,Play Store,awesome,5,2026-07-26T09:45:18,0
1fac8674-3122-4f15-98ab-2b16e7ecbb24,Play Store,very good and helpful,5,2026-07-26T09:44:51,0
aef3d3ae-3298-4125-a2fb-6715243dcd11,Play Store,good,4,2026-07-26T09:43:18,0
72f39c92-93fb-446f-8d91-aa50efe16131,Play Store,mast hai ek dam good hai aur service bhi achhi hai,5,2026-07-26T09:40:49,0
52d73d06-9184-4906-993f-96638fbdf81f,Play Store,good,4,2026-07-26T09:40:17,0
63c20e9a-5961-4dcb-93a7-913ae7b33aa6,Play Store,👍❣️,5,2026-07-26T09:39:43,0
d187c049-d784-4a23-91c3-ccc8a0703168,Play Store,good,5,2026-07-26T09:39:39,0
d0ee6320-8438-4181-a4ed-dacde635d319,Play Store,Good Service,4,2026-07-26T09:37:02,0
30f2b382-a826-4902-a0a9-b3e71b75bdf6,Play Store,good,5,2026-07-26T09:36:22,0
3e86b7ed-8aa3-42ad-8dcc-da3b86a71bc8,Play Store,super experiance,5,2026-07-26T09:36:20,0
ab597011-9c5a-4d06-a364-b4740e8f510b,Play Store,Pathetic team and terrible service can't rate it..every now and then rotten expired unsealed item is being delivered..it's really sad.and you guys are not taking any measure to safeguard consumers interest,1,2026-07-26T09:36:02,0
de01bacf-74f2-4ef7-bf2c-ce19752d2335,Play Store,good 😊💯,5,2026-07-26T09:32:36,0
05eb4341-6dbf-41fc-aa00-4d4a9a167388,Play Store,very nice,5,2026-07-26T09:32:15,0
9a13a0dc-d239-41e2-94bc-058591b1cd1a,Play Store,very good,5,2026-07-26T09:32:06,0
4382499c-64ee-46f6-bd04-39d7c08fb895,Play Store,good 👍,4,2026-07-26T09:31:29,0
2a7e5350-bb08-4b6c-aa09-185c8b3e03b1,Play Store,free delivery and good product I am so happy 😊,5,2026-07-26T09:31:28,0
f41f5d0b-750f-43e1-84a4-e969742e742c,Play Store,best,5,2026-07-26T09:31:11,0
615fa7d4-3aa5-48e7-abe0-bbb39b1a8d06,Play Store,Very prompt delivery and reasonable rates,5,2026-07-26T09:31:06,2
4e2b91b0-fa48-4a8a-a48e-87fecf83ae7b,Play Store,good,5,2026-07-26T09:31:00,0
1abc0988-e473-4d68-9188-c79291aa4a0a,Play Store,for free delivery they want 200 minumum rupiya 😌,3,2026-07-26T09:29:37,0
d80dc7b0-2960-49b0-9b74-83cb096ba6f6,Play Store,smooth and easy browsing for shopping,5,2026-07-26T09:29:26,0
1785439e-4c6b-4e22-a4c2-ba5e192426ed,Play Store,best service,5,2026-07-26T09:29:07,0
44ff4aef-8e8a-420d-8c2f-ba4acda82866,Play Store,very fast and furious,5,2026-07-26T09:28:42,0
1d8d0f14-b9f0-446a-bd80-739570dcfd05,Play Store,Superb,5,2026-07-26T09:28:05,0
4a853034-3119-4567-8763-3a49d3399e84,Play Store,My First Blinkit order,4,2026-07-26T09:27:20,0
492224be-e298-4ebc-ac1c-80151cb7287f,Play Store,good,4,2026-07-26T09:26:46,0
694a2c18-bbf8-4153-a28c-e0552860c3fd,Play Store,very good,5,2026-07-26T09:26:11,0
4a83aa3e-5a47-4a7b-a28f-3e54db7757eb,Play Store,very fast n prompt delivery..Hassle free ordering...,5,2026-07-26T09:25:58,0
bcfc62bc-c085-4b55-bd58-6dc499eb95f4,Play Store,very good 💯,5,2026-07-26T09:25:57,0
b249eef8-32f1-42fd-bede-b0140399c6a3,Play Store,good,4,2026-07-26T09:24:52,0
16bc7ac0-231c-4c58-ab96-d5a7bab625fa,Play Store,ok,4,2026-07-26T09:24:13,0
f30e2cfa-c9ca-4031-bbc1-9f3f331315ca,Play Store,Good service,4,2026-07-26T09:23:42,0
03eb5df4-3196-4170-8365-6ffa3dcf0b29,Play Store,very nice but on the 2nd order the delivery person was so rude,4,2026-07-26T09:21:46,0
43ad599c-27c3-4a37-b619-98c6b2e77fa3,Play Store,before payment bill details with break-up should be shown,1,2026-07-26T09:20:21,0
d656067d-83a7-4bb3-9187-1ff8a7951100,Play Store,bad experience got wrong items and provide any setisfing support by team,1,2026-07-26T09:19:42,0
98edc7ab-bcba-4104-8e80-275c88f366e6,Play Store,Good,5,2026-07-26T09:19:30,0
f4c9733c-2aa4-4039-9145-f9f82f7f5b54,Play Store,train your delivery boys,2,2026-07-26T09:18:40,0
cd2ed9bd-042e-445a-a1cc-9ae944d37bee,Play Store,price issue,3,2026-07-26T09:18:16,0
5c244704-4b01-47c6-a19f-6ddc3016622d,Play Store,good,5,2026-07-26T09:17:52,0
f13dff28-95d2-4a02-a356-db41fd1778bd,Play Store,Great app,5,2026-07-26T09:17:32,0
6b01f479-3c1b-4068-8019-4f1d95406f68,Play Store,good,4,2026-07-26T09:16:22,0
5ba8e1c3-6300-403a-9262-4ddf16ab3fa9,Play Store,not bad,5,2026-07-26T09:16:06,0
fac63366-a52f-48dd-b4e2-f34e094c3b2d,Play Store,good,5,2026-07-26T09:15:46,0
3befab32-86d4-42cb-99cf-ad7826051a5a,Play Store,good service,4,2026-07-26T09:15:46,0
28ff2eca-9e9b-424f-991d-7e4e1c078f3a,Play Store,Till today my experience with Grofers is good.,5,2026-07-26T09:15:14,0
3ac3b532-6485-4004-bc8d-f3a9b9298203,Play Store,service are good but price so much on this platform,5,2026-07-26T09:14:13,0
fa745cf8-460c-4659-8cc1-29967eaccf62,Play Store,very fast and good service,5,2026-07-26T09:13:58,0
8288ec86-abba-4008-8783-bfa79f0a3d6b,Play Store,In the starting days it was delivered in the right quick time but now it takes almost 1hr to deliver.,1,2026-07-26T09:09:52,0
3df267da-f386-4d59-8ef5-98c7808cf2cf,Play Store,nonsense offers,1,2026-07-26T09:08:46,0
e2e98be7-d1a9-496c-a5f8-09793a06c5aa,Play Store,fast delivery. good behavior delivery boys @ girls 🥰,5,2026-07-26T09:08:42,0
0b3801f9-f319-4f7e-ab51-7424d6486a4e,Play Store,this aap is very helpful,5,2026-07-26T09:08:05,0
5a7ce742-0dcb-4ee8-aec1-c5d4a53fcf66,Play Store,costly,3,2026-07-26T09:05:10,0
dfe34bf8-d779-47ca-b2f2-c42652011e02,Play Store,super appartment time saver,5,2026-07-26T09:04:29,0
8db5a55c-bda4-4f33-8d4e-7660e4e6b4b7,Play Store,Good Service,5,2026-07-26T09:03:22,0
2143c27b-76de-424a-b6f2-e94e4d685145,Play Store,ok,5,2026-07-26T09:02:44,0
716ff991-1252-492e-943f-02a8a6811d90,Play Store,they scammed my money,1,2026-07-26T09:02:19,0
1ac34a7f-a866-433f-b8fd-37de06a97766,Play Store,worst blinkit,1,2026-07-26T09:00:48,0
fa2f50a8-009f-4b96-b146-e7f9da2003d9,Play Store,thank you for Blinkit,5,2026-07-26T08:59:28,0
2b23fad4-d5a9-4696-96b2-c7afbbc1bfd9,Play Store,very 👍 good,4,2026-07-26T08:57:32,0
6df00580-4a8f-4e70-8f1e-bd785113fd37,Play Store,"please add our area location, it's more comfortable for our people's",5,2026-07-26T08:57:17,0
48153d0c-3d51-4acf-88a3-18e3a1321b92,Play Store,good,5,2026-07-26T08:56:56,0
c3f2c599-4b91-49d0-bab9-9e3b93b4fdfc,Play Store,good app to buy groceries and others,5,2026-07-26T08:54:26,0
b40662a8-efd1-47a1-8a79-58382cb86bd7,Play Store,"I was truly impressed with the service quality provided. Everything was handled efficiently and with a friendly attitude. 😊 The staff went above and beyond, making the entire experience very pleasant. Highly recommend! 👍✨",5,2026-07-26T08:53:46,0
f4af05fb-a518-432e-aeff-88b650803a8f,Play Store,Blinkit is a very promising app for daily quick grocery and useful essential products. App is very easy to use and delivery is usually fast.,5,2026-07-26T08:53:38,0
a6bf36a1-a11c-4f6e-b18b-1d906d79e25d,Play Store,amazing on time service 🙌 I am happy 😊,5,2026-07-26T08:53:34,0
dbca9482-39ec-4d1a-9095-f59773c03f23,Play Store,why blinkit partner doesn't order anything you people discriminate your blinked partner,1,2026-07-26T08:52:27,0
5e6d282c-afd8-4c40-bfaa-8d481655795b,Play Store,Nice Service.,5,2026-07-26T08:50:10,0
193828b2-def5-4e36-94af-a19a74b7b26a,Play Store,very good 👍,4,2026-07-26T08:49:57,0
d22f24d0-2d0b-469a-a5b6-6d0c72534f7a,Play Store,very nice 👍🏻👍🏻,4,2026-07-26T08:49:06,0
cf0769d5-f9af-41d4-8beb-ffc4b27644cb,Play Store,it is good it shows the time it comes on that time but some items are not available at blinkit,4,2026-07-26T08:45:46,0
8cf4b4ba-562b-40de-b9cf-91ce558b76f0,Play Store,ossom,5,2026-07-26T08:45:31,0
a7896d9f-350e-4379-aeaf-fadf67075111,Play Store,super,5,2026-07-26T08:45:16,0
dea0e22a-2ccf-49aa-b363-b7fe0ee0dba2,Play Store,chikugu kaya spoilt,1,2026-07-26T08:44:52,0
fa4806e8-bf24-4995-9f74-7979d31381a9,Play Store,good,5,2026-07-26T08:43:08,0
2969e440-9f06-4ff4-9e56-900fe3ee2dd7,Play Store,good,5,2026-07-26T08:42:53,0
586f3a7d-e842-4d88-81fe-ca5025bdfc8d,Play Store,very good app,5,2026-07-26T08:41:08,0
7510194e-ff43-4b1d-9c89-9c270fd074e7,Play Store,good but discount is very less and there is always increase handling amount day by day,3,2026-07-26T08:40:41,0
ed1a3c50-d5fc-4c51-803f-7e0c4a1ddc9f,Play Store,u can also receive Xerox in urgent time,5,2026-07-26T08:39:57,0
f39bdbc2-f3ec-4c29-b6c8-9fc0d38cdda3,Play Store,good,1,2026-07-26T08:39:49,0
19e7faff-84b3-4c34-9ae3-e5e662eb2aab,Play Store,very nice,5,2026-07-26T08:39:20,0
7089ba7f-b7fb-4ba2-a264-801773be0f8e,Play Store,so helpful,5,2026-07-26T08:39:11,0
77c9a245-7c4c-449b-afb6-00bdf961f950,Play Store,good,5,2026-07-26T08:39:01,0
178721ec-da44-4938-9553-b80560b351d9,Play Store,v. nice,5,2026-07-26T08:38:14,0
c0b16367-fadb-4318-bc03-ff632c0c49fe,Play Store,good timeing,4,2026-07-26T08:37:29,0
1476d79c-d347-4546-aef4-018ea9eb010a,Play Store,Great experience 👌👌,5,2026-07-26T08:34:34,0
20906302-46c4-405b-a861-e4987f2cce5d,Play Store,not a good experience,1,2026-07-26T08:31:30,0
44a01efb-a78a-497a-8008-38d9e4df37ee,Play Store,good and quick service,5,2026-07-26T08:30:58,0
2c0320c9-ef27-4a8d-a103-fe58946a22bd,Play Store,very nice,5,2026-07-26T08:28:08,0
07769212-d286-407f-96ed-3f9ddd63c472,Play Store,I'm so happy about this and the genuine plate from..,5,2026-07-26T08:27:48,0
2c0802ab-71a6-402e-a65f-2aa7da10b773,Play Store,very fast service and best quality,5,2026-07-26T08:27:35,0
ce3f1092-cc50-492e-b198-1062ec2d9e17,Play Store,very helpful app,5,2026-07-26T08:27:02,0
0fb9a26c-bf3a-45d4-88e5-a3f6c78c56e6,Play Store,"Quick n easy, just 15 mins.. But handling of biscuits and breakable items should be taken care of.",5,2026-07-26T08:26:28,0
0cc3d37b-87c7-4bf1-9fd3-b482513891b1,Play Store,very good and needful app,5,2026-07-26T08:26:12,0
ba723138-8c21-40ec-aaee-09df54ab2781,Play Store,best service,5,2026-07-26T08:25:00,0
a37a762e-219f-41a8-8481-0a93fd72fcce,Play Store,good,3,2026-07-26T08:23:46,0
ae97fc06-a47b-4f4a-a898-6e447fa3d325,Play Store,good service,5,2026-07-26T08:23:40,0
46137b8f-4f40-4976-8b7e-ebd35d94ac70,Play Store,Blinkit delivers fast with neat packaging .,5,2026-07-26T08:21:15,0
9d05508e-1fb3-471a-aa2c-f4e096f88a7e,Play Store,good,5,2026-07-26T08:19:46,0
3ff0a161-291e-4190-b36d-786b9608cfe9,Play Store,delivery boy using abusive language and always tells to give money change,2,2026-07-26T08:18:03,0
3f2e44ce-13a7-42ed-81cd-703e82c73d7a,Play Store,zomato associated naaaaa..... understood,1,2026-07-26T08:17:30,0
7218069a-3368-49ff-81cb-6d27bf410e7d,Play Store,Badiya hai,4,2026-07-26T08:13:49,0
d9fa36ad-87ec-470a-8f2f-c937a661c337,Play Store,good,5,2026-07-26T08:12:52,0
dc44b5ce-59a0-4c0d-9766-05d62e76cee8,Play Store,awesome fast delivery app,5,2026-07-26T08:12:26,0
c1543766-a2f9-485a-9586-93f9988d3596,Play Store,its really good when u need something urgently .. but only one thing that we cannot purchase anything from here,4,2026-07-26T08:12:21,0
c5084896-f411-4725-beb6-27a7f4e7c44b,Play Store,good 👍,5,2026-07-26T08:11:40,0
187e6298-3723-4035-8029-543da5fd4c7c,Play Store,best 24/7 10min delivery app,5,2026-07-26T08:10:46,0
bf4d2f5e-5177-4365-9900-37e813d86e26,Play Store,worst app,1,2026-07-26T08:10:06,0
734b5f41-5861-4e00-8782-44fe67e248ba,Play Store,sahihe,1,2026-07-26T08:06:03,0
e7dd9054-b202-451f-bec3-5d0153252935,Play Store,very good and very good for urgent work but sometimes delivery partners late,5,2026-07-26T08:06:00,0
5efb68c7-8e20-4dce-accd-d3cab2eca427,Play Store,good seevice,5,2026-07-26T08:05:58,0
65e3ce75-d333-4426-ac2d-2f7985910f2b,Play Store,superb,5,2026-07-26T08:05:39,0
03d14701-07f4-47fc-bf91-ed0b02af6daf,Play Store,Convenient...fast...great,5,2026-07-26T08:04:59,0
4a3ff3a6-1e3a-4aae-a3cf-c6e3451faeed,Play Store,Good,5,2026-07-26T08:03:53,0
0d718cd0-01a6-436a-aee1-608e681b324f,Play Store,there is no doubt blinkit gives good service.,5,2026-07-26T08:03:11,0
3b44ba61-07d4-4cc8-ac02-89ea22b2bcc9,Play Store,supper,5,2026-07-26T07:59:04,0
95e9919f-02f4-425a-8d97-4ba9b2ff3d23,Play Store,there is no special thing to buy as in. Instamart,4,2026-07-26T07:59:01,0
02da2851-7d07-4842-9e2b-7a6039bcaa5a,Play Store,mst experience hai kam time mai saman grh pe bht useful h aap,5,2026-07-26T07:57:34,0
5bfb38d2-1f1b-4197-a5e1-18d0b7af85bf,Play Store,keep it up jio is no where near to you💓,5,2026-07-26T07:55:08,0
f7da58f7-4ec0-4920-bd0e-a2b469cbb5c9,Play Store,very Good,5,2026-07-26T07:54:14,0
5fbeeb29-1656-4023-aea9-e63d6fd64952,Play Store,fast delivery,5,2026-07-26T07:52:56,0
ddd9e3ed-2fe2-44ba-aae7-736f2c76fb60,Play Store,good,5,2026-07-26T07:51:56,0
4968364e-3570-48f7-bf1b-f3ac3a2d35a5,Play Store,nice,5,2026-07-26T07:50:34,0
930ac1da-5b9a-40fc-af28-aaf01cdc441f,Play Store,excellent,5,2026-07-26T07:48:34,0
ded16149-10bb-484f-ae3d-f23bbcf274f4,Play Store,really helpful,5,2026-07-26T07:48:05,0
5d58a2bf-76a4-4501-844c-247fa3e47918,Play Store,the bill details are confusing it should appear like proper will with additional charges,3,2026-07-26T07:48:04,0
ab25058f-f9e7-478d-a59e-3082ca2b9f3f,Play Store,good,2,2026-07-26T07:47:36,0
195ee241-6646-471a-b91f-71defb34e7bf,Play Store,"It justified its tagline ""India's last minute app""❤️🙏",5,2026-07-26T07:41:00,0
cc2712d7-1860-4598-80d2-4f5564f18644,Play Store,wow sooper fast,5,2026-07-26T07:39:44,0
d8610747-76c8-4b32-819d-391783350371,Play Store,it was so gooD very fast delivery,5,2026-07-26T07:38:21,0
62c938dd-16d2-467e-8a05-6e3c3def4852,Play Store,nice,5,2026-07-26T07:37:49,0
716441fc-02e6-4ffa-86b8-7f157a785caf,Play Store,very prompt service,5,2026-07-26T07:37:29,0
7f79b4d4-e71e-4460-8392-5694d90919d0,Play Store,kbi bhi jldi order nhi krta hmesha surge k nam se jyada pse leleta h ar in fact rat m order Kiya th kbi 15 min kbi 10 min dikhaya ar deliver hi nhi kiya subhah uthe th dikh rha h ki order arrived bakwas app h,1,2026-07-26T07:37:25,0
7421af4a-f686-4f44-be56-3e14abec7fc4,Play Store,service good,5,2026-07-26T07:35:58,0
1037cd3d-027b-42b8-b790-d5f617182425,Play Store,Mast hai,5,2026-07-26T07:29:01,0
099da73a-6a6c-424e-961d-7067cd9c1ef4,Play Store,Excellent service. Humble behavior.,5,2026-07-26T07:27:39,0
704a2291-ed81-4a0b-9c7e-e32e332fae98,Play Store,fast and furious delivery 👌 I loved 😍 it thanks blinkit,5,2026-07-26T07:26:00,0
6f04b211-0369-47df-8abd-614247db5dfe,Play Store,the price is to much and no discounts or offers like Instamart,3,2026-07-26T07:18:41,0
6897e888-f7cf-4e0e-9236-498182eb56b2,Play Store,Good,4,2026-07-26T07:16:37,0
7378c8d3-b45c-4c44-a077-73344b848027,Play Store,👍,5,2026-07-26T07:14:57,0
ae6572c2-24bc-4fce-b5f4-c4ac9d4806ed,Play Store,verry nice,5,2026-07-26T07:11:20,0
0bbf09ff-3ae2-4d78-a467-9cb74688640c,Play Store,"worst app and worst customer service for instant order. u can use instamart, minutes or zepto. all 3 better than this fraud cmpny",1,2026-07-26T07:09:39,0
93e91ce7-c682-4124-8c6a-efe219ccb589,Play Store,good,5,2026-07-26T07:09:14,0
bb7824a4-5209-4eb7-a2ef-3815f067d76a,Play Store,very good,4,2026-07-26T07:09:13,0
e6906f69-b4d5-462d-a5f3-79f08bf3a219,Play Store,charges are High,1,2026-07-26T07:09:13,0
dc5ccb53-d662-4a2c-b97a-35661d091265,Play Store,super,5,2026-07-26T07:06:53,0
518d1b42-4c6b-450c-b4c4-1f280375ae70,Play Store,great app,5,2026-07-26T06:52:16,0
7aeb025c-6216-4dee-99de-36e4a265c191,Play Store,good job 👍,5,2026-07-26T06:50:37,0
62b7c81d-7e16-43d6-a4ba-9b3552968445,Play Store,good,5,2026-07-26T06:49:54,0
857c06d4-9436-46fe-b8df-716e0893d5fb,Play Store,ok,4,2026-07-26T06:49:53,0
b9491501-1ff0-4a24-bd2b-f06e4b929ef7,Play Store,excellent,5,2026-07-26T06:47:11,0
03d127c7-b5ea-4952-8f88-aa65107869f2,Play Store,thank blinkit partner I wish you to very happy 😊,5,2026-07-26T06:44:41,0
362dd8a3-e7cb-4e1a-889b-375d95449457,Play Store,soo good 👍 😋 👌,5,2026-07-26T06:43:49,0
23834ebc-7fcb-453a-8088-25f11611f5cb,Play Store,exceptional and safe packing super fast delivery,5,2026-07-26T06:41:28,0
87eeaa3c-af74-425e-8155-36ea49e881ea,Play Store,excellent,5,2026-07-26T06:38:08,0
f79abf14-1de2-4371-b5ea-c875c3ccfaa7,Play Store,very good App delivery is available 24x7.,5,2026-07-26T06:35:22,0
5c3c6864-2ca2-4eb9-af33-e1d20c41905c,Play Store,good 👍,4,2026-07-26T06:32:40,0
b0290250-40bb-4d2b-9117-18f16767f312,Play Store,quick and fast delivery.. and product also good and neat clean packaging..,5,2026-07-26T06:32:18,0
e67d6f46-787d-43e2-bb47-6266908639ea,Play Store,"I forgot to print a very important document on one of the most important days, and at 6:00 a.m. I was in complete panic. I ordered it on Blinkit, and to my surprise, it arrived in just 15 minutes! Absolutely unbelievable service. Blinkit literally saved my day. Super fast, reliable, and incredibly convenient, even early in the morning. Hands down one of the best delivery apps ever. Highly recommended!",5,2026-07-26T06:31:26,0
f21f1615-bcdc-4413-a400-202225afbb3a,Play Store,it's very good platform for instant shoping thankyou blinkit,5,2026-07-26T06:29:48,0
3dc938fc-7aa8-47f8-a5ba-3657be671681,Play Store,please check the biscuits before packing because sometimes it is found in broken inside.,5,2026-07-26T06:24:53,0
64d07731-dc0c-44de-8a76-af306f99586b,Play Store,Best.....,5,2026-07-26T06:15:06,0
22c954ac-75a6-413c-9e29-1179f0ab15bd,Play Store,good,5,2026-07-26T06:11:36,0
c40fee30-6485-42ac-9dc4-280ec55a709c,Play Store,excellent app,5,2026-07-26T06:04:37,0
57a85389-e72a-485b-bfd4-0b2f7cd794df,Play Store,good,5,2026-07-26T06:03:20,0
1728ce31-d43e-4da1-aa88-932f5e60fede,Play Store,Good,5,2026-07-26T05:52:11,0
40254de2-85bb-4a62-abe3-fc59f58f3903,Play Store,कोणीही खरेदी करू नका हे लोकांना वापलेले आणि खराब वस्तू विकतात आणि लहान मुलांना काही मागवताना 10 वेडेस विचार करा सफाई आणि काळजी काहीच नाही खूप मूर्ख बनवता Blinkit वाले,1,2026-07-26T05:50:06,0
5a6264a4-1b12-4fbd-8d0a-c38d5a2e026e,Play Store,try to deliver the needed,1,2026-07-26T05:48:35,0
d7533347-2599-462d-b470-443404153a06,Play Store,very good service,5,2026-07-26T05:42:45,0
7b02d402-f3a4-4496-92ee-d4c68f8e2f39,Play Store,"don't rely on this app for any electronic or toys item , everytime they will supply product with misleading discription and low quality products which is not meeting the product discription , if we try to return they will say replacement possible only product is broken , and they have foolish customer care executives which they won't try to understand the problem here , stopped using it . they have an automated message to write to there complaint cell , I don't think it will work , no reply",1,2026-07-26T04:41:30,0
a6e3805f-994d-47a3-aa41-224affcdee9b,Play Store,thanks for 24x7 delivery,5,2026-07-26T04:35:01,0
b8d933fc-a49b-41cd-97f3-259b351372a9,Play Store,they are scamming people .. they scammed me for 223 rupees ..the order isnt delivered and showing delivered ..when I asked for resolution they just ignoring and putting me on chat with multiple representative what tf is that,1,2026-07-26T04:27:31,0
218c63cf-d257-4157-9d73-2354800ec3b5,Play Store,good,5,2026-07-26T03:47:36,0
99ddfe5d-734e-46c6-8cd1-e0294d5f1cb0,Play Store,delivery charges,1,2026-07-26T03:30:33,0
5f18d817-bf19-448f-8aa0-d014f51e428e,Play Store,very fast delivery 🚚🤗,4,2026-07-26T03:08:41,0
915b386a-8652-4ed4-99a4-7e29540da7c3,Play Store,smoothly dome,5,2026-07-26T03:00:31,0
f4530a26-fa1b-4be8-b923-2767b831e816,Play Store,gud,5,2026-07-26T02:50:59,0
94fc4404-3498-4584-a35b-c2be62a31d26,Play Store,very good app helpful,5,2026-07-26T02:50:25,0
334391cd-8c87-4ce5-b281-9a67eccc1eba,Play Store,good,5,2026-07-26T02:39:07,0
6cc1dd06-8644-4188-8fc3-82df71367ceb,Play Store,"I had ordered Anveshan Gir Cow Ghee from Blinkit, and the product turned out to be tampered with. Please be careful before ordering products. They either tamper with the packaging to reduce the quantity, or they mix something into it",1,2026-07-26T02:38:03,0
3c0adfc5-26ab-45e0-876c-5a4204c00db4,Play Store,loda,4,2026-07-26T02:31:20,0
b155defa-11b5-414d-99d2-36ff37f44551,Play Store,very nice service,5,2026-07-26T02:13:55,0
d13b1c81-922d-448d-ac66-43ca7d4570f6,Play Store,super,1,2026-07-26T02:02:09,0
b01294c2-9436-44eb-ad56-1a486a0236bc,Play Store,happy 😊,5,2026-07-26T01:58:39,0
913f3058-2b28-4e84-a793-3f932d65470f,Play Store,excellent,5,2026-07-26T01:57:35,0
c72d3a1a-d815-43a3-9ca0-b9f4ff75d333,Play Store,great job,5,2026-07-26T01:52:34,0
390a58be-e9a1-4aa6-bcf6-5c8fa86227d1,Play Store,Great app .The best thing is they give 24 hours service,5,2026-07-26T01:43:12,0
5745e431-5011-4422-8f0e-5c1b38b06d6e,Play Store,paaji tussi Great Ho,5,2026-07-26T01:38:30,0
da98fed9-4510-49e1-97a3-cc60bda224cb,Play Store,good,5,2026-07-26T01:21:47,0
ad4e7c9b-cd7e-40f9-b999-81f1d3e51436,Play Store,best for delivery,5,2026-07-26T01:21:34,0
fa7e8878-5096-41d1-be0d-657b5f2d781a,Play Store,ill behaviour,1,2026-07-26T01:18:18,0
01f85414-494b-4144-80d2-b6336ec11113,Play Store,Good service,5,2026-07-26T01:08:41,0
33f2610e-d96a-4cac-aa8e-e1d7e3f9cfee,Play Store,i always use the app because very supportive on ur any problem,4,2026-07-26T01:06:03,0
d764a16e-65d1-45a1-9262-2d8cd06c3f81,Play Store,good,5,2026-07-26T01:04:55,0
901bcb68-bf1f-49ef-8ec7-30336786c3d6,Play Store,nice,4,2026-07-26T01:01:36,0
bcb99337-de38-4a4d-95d1-4c6b734a63d7,Play Store,yes I really like it because of their good service to the customer..,5,2026-07-26T00:53:24,0
3f805f1e-d26d-4cd8-befd-5134956b3d80,Play Store,needs more variety,3,2026-07-26T00:50:41,0
a4bf4b2c-858a-4d14-9d54-1d3cb6b5352b,Play Store,very usefull app thanks blinkit,5,2026-07-26T00:49:18,0
ccbef598-7e10-45c1-af80-c2b6579e52b3,Play Store,mast,5,2026-07-26T00:46:34,0
c998775e-f757-429b-805e-78f0561bcf56,Play Store,good,4,2026-07-26T00:45:28,0
ed5befb5-560d-4536-919b-e8ac846ab2cc,Play Store,this app very bad,1,2026-07-26T00:44:25,0
4ab1b005-d9ed-435a-b73d-52d38c478a58,Play Store,👍 nice job,5,2026-07-26T00:44:20,0
4b596781-944f-42e4-a02f-533719a399ca,Play Store,Best App ever,5,2026-07-26T00:44:10,0
cbdb65b9-16f1-402e-800f-99b813d3f0a8,Play Store,really to good for coustomer ❤️🫂,5,2026-07-26T00:43:20,0
06617354-7b01-43ba-844c-22c75205ae4d,Play Store,Nice delevary plate form,5,2026-07-26T00:43:17,0
56a956ce-4f4d-45ac-a2fb-4392362aecf9,Play Store,excellent,5,2026-07-26T00:41:10,0
55335431-851c-45ce-afa6-4329f65194dd,Play Store,good,5,2026-07-26T00:40:09,0
12fa7c9d-b8bb-44d9-b04c-22a5da294da2,Play Store,stop fooling people in name of fast delivery promises and handling chargers its about my new order 26th of july 2026 poor packing because of the moisture from clod drinks mera package on the way gir gaya now what should i do should i charge for this poor packaging from the delivery boy,1,2026-07-26T00:38:58,0
7e3cb8b2-2c92-4125-9049-78895353ac9e,Play Store,good,5,2026-07-26T00:37:51,0
2ba87744-a353-47c6-bb2d-41771895121b,Play Store,"don't buy anything from them, I bought vaporizer for kids, they are just faulty not one time but twice I got defective product and customer support say can't help. just wasted money",1,2026-07-26T00:31:00,0
9070fd00-e3bd-4c98-98c1-7f9cf641963f,Play Store,very helpful app,5,2026-07-26T00:29:45,0
d236903f-04e5-499d-bf6e-cfc317aa645e,Play Store,very very good 😊,5,2026-07-26T00:28:28,0
a9e7bccf-e34b-4f77-9543-b033331c6cb5,Play Store,"customer support just waste of time. 3 times i shared the video of leakage of item i ordered but the process was starting again and again,more than 1 hour wasted.",3,2026-07-26T00:28:00,0
593d63f0-d31c-450b-bfa3-8f068be890c4,Play Store,boor ke baal dara diya,5,2026-07-26T00:24:25,0
485944f3-67ee-4133-9ae9-29b0d4e6012a,Play Store,"Extremely disappointed with Blinkit's service! 😡 I ordered Kwality Wall's Vanilla Ice Cream (700ml), but it arrived very late without any cooling pack or insulated bag. It was completely melted and unusable. The app has no proper option to report damaged items or contact a support executive, forcing customers to rely on a useless chatbot. This is unacceptable. I expect a full refund. Poor delivery, poor support, and zero accountability. I cannot recommend Blinkit.",1,2026-07-26T00:24:10,0
45c8dda9-d7eb-41d5-8589-2237a86a0846,Play Store,very late delivery,1,2026-07-26T00:23:11,0
bec7f900-70b5-475a-9802-f64b41ad652a,Play Store,delevery not fast very poor condition my city,1,2026-07-26T00:22:29,0
382ae275-ad19-43e2-bcef-0e7220cf35dd,Play Store,worst service! maine 500gms ka rasgulla mangwaya thaa with some other items and guess what i got 200gms instead now i raised an issue they sent a delivery guy to exchange the item but delivery guy also brought the same 200gms and after that support cancelled the exchange and now they are saying that i got the same items I ordered! what a service blinkit! sahi se fraud kr lete ho tm log! good,1,2026-07-26T00:19:51,0
599042bb-5d16-4e4d-bca6-de4f705fcc0a,Play Store,firts time order,5,2026-07-26T00:18:55,0
66b533ca-6846-4316-8abf-397a455e3038,Play Store,best,5,2026-07-26T00:17:11,0
e4fee0fd-04ea-4bef-9c5a-5fca12a2e6c2,Play Store,👍,2,2026-07-26T00:12:55,0
0db42f98-cc3a-4944-8039-39bd4871ed90,Play Store,vary bad service i m waiting 3hr and your driverry 15mint so bad,1,2026-07-26T00:12:47,0
ae5d7d52-3294-4b59-9632-18c85fc3d979,Play Store,nice,5,2026-07-26T00:09:38,0
b07154b4-c03a-4b13-8fa4-418277673f8f,Play Store,wonderful experience,5,2026-07-26T00:06:09,0
0f4bcf21-8574-434c-8047-f5c8438fb83d,Play Store,Good job,5,2026-07-26T00:05:57,0
8ad4a235-380d-463d-9e2e-2c64bb26e9e5,Play Store,Very good sarvice,5,2026-07-26T00:05:34,0
838c220c-16de-4add-9ad1-27c849b9573a,Play Store,thank for blinkit 😊,5,2026-07-26T00:03:54,0
d61bf353-83d3-43ad-8844-3eb813df6b31,Play Store,"best service,very useful app",5,2026-07-26T00:03:38,0
2042669e-520f-4d2e-8d11-e5a1270ce2a5,Play Store,pehli bar mngvaya h ji es app se saman,5,2026-07-26T00:00:24,0
6bb82143-e7ce-4ffa-8bf5-68ec902604de,Play Store,this app charges a very extra price without reason in every product.,5,2026-07-25T23:58:02,0
85c06737-b97a-4ce4-9380-de46e46d230a,Play Store,The best Grocery Delivery App,5,2026-07-25T23:56:52,0
28cc2ac6-1303-4578-a8eb-35eda4f82291,Play Store,You are such a Life Line for us! Thanks!! 🙏,5,2026-07-25T23:56:11,0
c9c06647-5428-4053-bac4-0dfbdbd29e31,Play Store,best option for last time things,5,2026-07-25T23:52:00,0
24d08c87-465f-4344-ace4-0e297226b020,Play Store,ok,4,2026-07-25T23:50:00,0
0e83be3d-f599-4c68-9302-8d1956b25204,Play Store,very late 😞,1,2026-07-25T23:49:25,0
f18215a0-c2da-4b82-839d-400c64a12d6b,Play Store,Good Service,5,2026-07-25T23:48:47,0
65aba9f6-0f5d-40f2-af33-cbb914504a59,Play Store,best experience,4,2026-07-25T23:45:03,0
2662f3cc-062a-42b6-94d1-4a2cb8450cd4,Play Store,good,5,2026-07-25T23:44:57,0
0da1ffc2-ada2-4c3d-b879-c1a4e8aca5ba,Play Store,good,3,2026-07-25T23:44:10,0
9863b425-9c9e-48a8-8700-d82491e4f428,Play Store,better,5,2026-07-25T23:44:03,0
2017fdcb-bb26-4a59-b1bb-721936e2a86f,Play Store,use full app,4,2026-07-25T23:42:18,0
421574c8-d326-4d92-b5f0-da699fbcbda6,Play Store,really nice app ngl,5,2026-07-25T23:42:16,0
f393c6ef-c367-45ab-a524-47655abb3607,Play Store,best aap in all India,5,2026-07-25T23:41:43,0
0f1daf96-cc62-423c-8a96-27a16630ed73,Play Store,swiggy less 1 rupees onion,3,2026-07-25T23:40:27,0
a8af34e2-50a3-420d-bab4-91c3a9fed74d,Play Store,very good,5,2026-07-25T23:40:13,0
17a2c43d-c554-46dc-bd53-0c6a2aa79b16,Play Store,this aap is good but timing is not exactly correct if they are not delivering at that time which they are seeing to uss pls show uss real and approximate time but aap is very good nice I like it,4,2026-07-25T23:40:00,0
4beec310-94bc-4e05-a23f-d1d0807391ff,Play Store,Time par product aata hai,5,2026-07-25T23:37:57,0
c57861d9-4636-4bca-b19b-c9683eafc8c2,Play Store,order delay,1,2026-07-25T23:37:47,0
d1d6fd4c-6f96-4e2f-9662-e5aecafc77c3,Play Store,good,4,2026-07-25T23:36:52,0
75d87b6d-a87f-4d5e-9132-2a252a1a60bc,Play Store,good,5,2026-07-25T23:35:21,0
80c01541-2918-4183-b534-d162369a0fb7,Play Store,good app,5,2026-07-25T23:35:07,0
cc44bed1-b1d6-4df4-a7f8-23dbe8d8c3a5,Play Store,worst experience,1,2026-07-25T23:34:49,0
02282d5e-dc97-4129-a192-9f15d4931838,Play Store,average,3,2026-07-25T23:32:31,0
c67d2c75-0350-4e8b-a139-244d119b5257,Play Store,excellent,5,2026-07-25T23:29:42,0
a85d9e9c-951f-4274-9145-64d73333179a,Play Store,excellent,5,2026-07-25T23:29:09,0
9ff6192b-2bf2-4b7b-8a03-bc6e6f5ec204,Play Store,zamato swiggy zepto sabse accha aap ye hi hai,5,2026-07-25T23:27:52,0
16d2ddd0-3da0-4363-b89b-11e04d556615,Play Store,use full,5,2026-07-25T23:24:34,0
8725a26c-dc05-450a-9e2a-452098c32e64,Play Store,good,5,2026-07-25T23:24:16,0
200169f4-7c02-4703-8b0d-b82bbf0866b5,Play Store,sugar Aur refind Ka prachar Mein Kuchh aur rate aur Yahan per Kuchh aur Main Ek screenshot bhi dalna chah raha tha magar koi aisa Suvidha Nahin Hai Nahin to Sabko bhi pata chal jata hai,1,2026-07-25T23:23:27,0
2002c151-2f78-46ef-b2b3-627a8c60172e,Play Store,free gifts dete Hain bahut achcha app hai,5,2026-07-25T23:22:42,0
91716dfc-8b19-47c0-af8e-ba3e7f459023,Play Store,good,5,2026-07-25T23:22:33,0
58ad1deb-d269-47a1-adf9-fe9fd4e5c5e2,Play Store,"Ordered a product, they returned it by themselves because of not having it available",1,2026-07-25T23:21:55,0
4a9173b1-4515-4d50-b117-4be9b29b1612,Play Store,superb for neelbadh very fast qulity bhi achhi rahti he saman ki,5,2026-07-25T23:20:16,0
afd8604a-4b7b-44f6-9340-10e66033946d,Play Store,Great app,5,2026-07-25T23:18:34,0
a691bcaa-06c7-4eb7-9406-bb86e92192b4,Play Store,wow,5,2026-07-25T23:17:59,0
8ee7271f-ad6a-4f97-9c3d-84d5ef49a31d,Play Store,helpful,5,2026-07-25T23:15:55,0
4beba26c-8fd8-4f1e-89f6-ec1ec1234754,Play Store,thik h lekin hamesa wrong address pe pahuch jate h,3,2026-07-25T23:14:50,0
86a31539-57ef-47bf-b8e3-a0f78de24b93,Play Store,Very good service I never thought I would get such service,5,2026-07-25T23:14:46,0
772ba276-c4cc-4f6f-8a4e-4e9450fa892a,Play Store,stupid application worthless,1,2026-07-25T23:14:45,0
47942ad5-0d3b-4013-a495-ff6e3faf43ea,Play Store,doing well,5,2026-07-25T23:13:49,0
f7f3a771-9880-4092-9244-0ecec3d378d3,Play Store,good,3,2026-07-25T23:13:33,0
ca2331b1-f25f-4751-a392-de476a858bb2,Play Store,this app will improve their service many problems exist till now,1,2026-07-25T23:12:16,0
ab6974ae-f26e-46ec-881f-3e8165f8da1b,Play Store,poor service and arrogant behaviour,1,2026-07-25T23:11:09,0
b714b875-ea2b-4806-9432-e1c25d3379e7,Play Store,"nice, helpfull 🙏🙏",3,2026-07-25T23:11:06,0
7fee9419-39db-4e32-9757-ebdacb3c47ee,Play Store,nice,5,2026-07-25T23:10:42,0
d3b6ff59-e32d-47e7-9d72-36cf20982e40,Play Store,good 👍,5,2026-07-25T23:09:38,0
984868f0-2c71-4240-a934-4d1e1e5a1f87,Play Store,super 👍👍😊😊😊,5,2026-07-25T23:09:14,0
eda99731-0b57-4839-b9a1-3820dba29da2,Play Store,very good app,5,2026-07-25T23:08:51,0
ce9ed366-8502-4373-8b34-1473ba9697a3,Play Store,best sarvice 👍,5,2026-07-25T23:08:46,0
e3d4cf2e-ef02-4daa-afcd-a9eb229441aa,Play Store,blinkit wale bhaiya phli bar ordar kiya hu aur sabse phle 5 star de diya hu koi dikkat nhi hona chahiye,5,2026-07-25T23:08:03,0
7a67ea9c-631f-42e1-8c67-715741dcfcfa,Play Store,fast track,5,2026-07-25T23:07:34,0
65f40564-6b91-42af-a5d7-412e52a9274f,Play Store,This app is really useful 😁 I can order anything at anytime from anywhere!!! No problem with this app as a teenage !! Proud of this app and the staff for working hard and being on time.... building a futuristic india 👏👏👏,5,2026-07-25T23:07:09,0
499cecfc-1bab-4e84-a25f-c1f8ec640ce3,Play Store,good,5,2026-07-25T23:05:59,0
f83ca2fe-0712-4417-9111-ec382b075a7f,Play Store,good,5,2026-07-25T23:05:36,0
ced78423-df7b-4735-9475-40ea8449c385,Play Store,the fastest delivery,5,2026-07-25T23:05:21,0
12870ad0-a88e-4b9c-aa3a-a745e63fff18,Play Store,best app for home delivery I l9ve blinkit delivery boy are very nice but some are very bad behavior so we can't judge a person,5,2026-07-25T23:04:35,0
a625f215-1c69-480c-bb35-1ea06fb960ad,Play Store,super,5,2026-07-25T23:03:26,0
f0e5d8f3-97c3-4553-bd8c-36ff00b395c7,Play Store,time is not available if I want to select my preferred time,1,2026-07-25T23:01:53,0
75493e17-d1c8-442c-8263-d910cac9b0b2,Play Store,love u blink it🤍🤍(if i get my order right🤓),5,2026-07-25T23:01:02,0
b067942c-95f3-459e-b8e8-6ff83c67c13f,Play Store,you best 😅😅😅 app first time used 😅😅,5,2026-07-25T22:59:36,0
74d85917-0410-4b81-a85d-998fd919c00a,Play Store,good service,5,2026-07-25T22:59:08,0
8a44cbe3-99f4-4ccc-9f22-bc7bd27ed9b8,Play Store,bhai wah!,5,2026-07-25T22:57:10,0
dd9d1e48-2b54-4495-9029-ea4aacf8ca3e,Play Store,please don't charge too much delivery charge 😔,3,2026-07-25T22:56:51,0
a9a2910d-fcb4-4825-a324-b42500add09f,Play Store,nice app,5,2026-07-25T22:53:58,0
8c6946ec-a5e0-45ea-8fa2-226be0adcc01,Play Store,good 👍,3,2026-07-25T22:52:59,0
9884d599-b126-4ec8-b48f-ae18be10d474,Play Store,good,5,2026-07-25T22:52:39,0
6d5292e5-dd81-4d51-8eb8-7311ee9c619d,Play Store,good,4,2026-07-25T22:52:09,0
e7f7d30e-f49a-4084-bb3d-3bf67f25f9f1,Play Store,full fast,5,2026-07-25T22:52:05,0
eafc6d01-8bec-4b02-9535-541a6525b18b,Play Store,best app for instant Dilevry,5,2026-07-25T22:50:59,0
3bd1a338-3c46-4e4a-9847-4633f95a4581,Play Store,i ordered five icecream all icecream is melted,1,2026-07-25T22:50:30,0
c081ec87-d261-43d0-a951-c2a98e06b1a6,Play Store,good,4,2026-07-25T22:50:29,0
cbab0940-c7a7-4241-95f2-e01c5a73a65c,Play Store,👍,5,2026-07-25T22:50:03,0
1bbe97e9-8c12-4be9-ac59-411b66a123b5,Play Store,very useful,5,2026-07-25T22:49:47,0
0859da3f-38d5-4f01-be6e-e07e02fdb718,Play Store,good,5,2026-07-25T22:49:41,0
8e060857-4c95-4577-815d-7adc68b1056f,Play Store,good,3,2026-07-25T22:48:05,0
890956d4-c042-4cb1-bdeb-f3347097c905,Play Store,very good,5,2026-07-25T22:47:57,0
4538e369-4359-48d8-9817-8e1286440495,Play Store,Meri Mammi ko bahut aaram hai iss business se Thank-you so much God .,5,2026-07-25T22:47:55,0
04575583-c990-46fe-afb0-cda9becba7fb,Play Store,fasting 😄,5,2026-07-25T22:46:50,0
b9120afe-8d5d-4e54-b1b6-2cdc3f575241,Play Store,it is best and fastest app,5,2026-07-25T22:46:18,0
f6cab863-c37a-4afc-881d-9c7fe725b7e5,Play Store,nice application,5,2026-07-25T22:44:29,0
3248d2cb-7c55-4800-b320-f1dee0c4d3e9,Play Store,good,5,2026-07-25T22:44:11,0
80466377-d7c7-41f0-8101-16b8eda80f08,Play Store,worest app,1,2026-07-25T22:43:29,0
ee725602-c6b3-4625-99bf-843df7a322bf,Play Store,we ordered icecream but all melted,1,2026-07-25T22:43:23,0
d9ccd92f-1249-4ce5-a9a0-94364d72a07c,Play Store,very good blinkit service,5,2026-07-25T22:43:21,0
ab5f303e-b2c8-43ca-bb7c-ac6152df10a1,Play Store,I chose Swiggy over Blink it.. worst experience.. 2 refund issues in one week.,1,2026-07-25T22:43:11,0
c1af9f80-6bda-4124-b243-eaccea4da65a,Play Store,nice service,5,2026-07-25T22:42:13,0
2e1fbaee-c6a4-4b7b-9abc-9bb7416e995c,Play Store,good service,5,2026-07-25T22:42:02,0
0fdf6bb8-eb29-4270-b6c4-f381e901c26a,Play Store,blinkit is fraud app i have orderd 16 july .. cashew the cashews quality is disgusting.. there are no refund.. and today the day is 23 july vendor's are not replace the product and not refunded money also ... mat use karo blinkit aur customer care vale phn nai utathate he.... inke consumer care me male bhi nahi ja raha he ... blinkit mat use karo please,1,2026-07-25T22:42:02,0
a70bbf0e-5db5-4bbe-a130-3bc269fc82a1,Play Store,🥳🥳,5,2026-07-25T22:41:43,0
a36e87ca-8309-41eb-9a65-5b9b3c274ad1,Play Store,amazing and incredible super first like it,5,2026-07-25T22:39:56,0
64b9a69f-694d-4c2d-a8d9-4e277370092c,Play Store,good 😊👍,5,2026-07-25T22:37:28,0
b7c29b2b-336b-4c94-afbd-8c46cebdd9f2,Play Store,nice,5,2026-07-25T22:37:26,0
5dd2833c-67b2-47cf-a5ee-948ad1274bd1,Play Store,"It's poor service today. 1) Wrong product delivered. 2) One item not delivered, but marked as delivered. Worst thing is no contact numbers to resolve the issues.",1,2026-07-25T22:37:18,0
01c955d6-e241-484b-bbc7-a2f1464c569d,Play Store,on time,5,2026-07-25T22:35:54,0
5696fd13-29d7-4237-9d83-4153ec8d093c,Play Store,excellent 👌,5,2026-07-25T22:35:02,0
e6f190a6-1191-4013-9a7f-4b5a23ab2bea,Play Store,good,5,2026-07-25T22:34:45,0
0d13c9d9-4b9f-44b7-bc19-22b95d750e03,Play Store,Good delivery 🚚,5,2026-07-25T22:34:06,0
8b58b740-192c-422b-a297-a8e70bc64b2e,Play Store,surge charge without informing add company rs. 30 pls bill check nd after oder you 🙏 service also good but charges check afer oder pls,1,2026-07-25T22:32:39,0
17cd9e52-3251-4b05-b5ce-75d774caa7d1,Play Store,delivery is late,5,2026-07-25T22:32:10,0
45851337-8160-489c-9353-0e22fb370bc0,Play Store,veri good app website and order delivery thank you,1,2026-07-25T22:32:00,0
07b20f79-92d6-46b9-a9ee-3e90bd9c54f1,Play Store,🔥,5,2026-07-25T22:31:45,0
7b7cf4db-690c-4581-9773-7a6da095c9b1,Play Store,good service,5,2026-07-25T22:31:32,0
2ec73d7c-d787-4237-9152-6539ff043909,Play Store,product aave pachhi kav,5,2026-07-25T22:30:08,0
f1519bd7-a745-4baf-8d3b-18d857d03b18,Play Store,you all are doing very best,5,2026-07-25T22:29:34,0
b1a6b3c5-26f4-4095-9b61-cd6b632b8aa7,Play Store,good,5,2026-07-25T22:27:29,0
8ed8ecd1-8980-4cf6-9aed-186716896ee6,Play Store,very nice service,5,2026-07-25T22:27:24,0
6e9bd1f9-a163-4caf-a004-c7d434baf9be,Play Store,good,5,2026-07-25T22:26:39,0
c2e25df9-f319-4dff-b319-8fdd3c8f5aff,Play Store,nice app,5,2026-07-25T22:26:31,0
c2c615aa-dded-459f-b5e8-49ebc5b1ca2e,Play Store,very very Good,5,2026-07-25T22:26:16,0
a896011f-c314-4ac2-8e49-8e35b4bf750f,Play Store,👍,4,2026-07-25T22:26:13,0
baf6dbfe-4c28-4b20-aba8-596f56e534f7,Play Store,nice delivery,3,2026-07-25T22:26:06,0
a0a343d3-d568-4120-ab8e-218e72179063,Play Store,awesome,5,2026-07-25T22:25:57,0
42a7f52a-7b4e-431e-b572-d8241a4fac82,Play Store,price is very high I can't found pinda's stuff heroine (dhurandhar) so that's why I rate 1,1,2026-07-25T22:25:41,0
6aa53e14-767c-4c74-9cee-4335ae67b303,Play Store,its very nice app it's order in just min.,5,2026-07-25T22:25:38,0
18d9b41a-12f7-483a-acc2-8fc27f14590f,Play Store,good service,5,2026-07-25T22:24:01,0
5ec3b6f4-63c8-4427-8a1f-89e0499a723d,Play Store,"I don't know what's wrong with the support executive, if they can't do anything they just simply say of hoping that ur next experience would be better and not taking accountability of the present experience.",1,2026-07-25T22:23:02,0
447c15dc-9ff6-4065-9f2f-1d34a452d8a7,Play Store,good 👍,4,2026-07-25T22:22:41,0
494afaa7-6fe6-4781-ad04-fcc495ada51d,Play Store,Every thing is good but every order takes ₹ 11 extra,4,2026-07-25T22:20:19,0
a6814df9-ab95-4f97-9479-415f397efebd,Play Store,so good 👍,5,2026-07-25T22:19:47,0
c0b3d5f1-a378-4019-8159-fabb2a190e1a,Play Store,trusted night rider,5,2026-07-25T22:19:37,0
abfcf54f-b854-45f3-85dc-200270b10ab0,Play Store,best 💯👍,5,2026-07-25T22:18:23,0
a2c1e18a-0e82-4b0d-bda9-eb04b82e89ae,Play Store,very good,2,2026-07-25T22:18:21,0
1cc90d6b-b5c7-4d8f-a723-457893e6a349,Play Store,good,5,2026-07-25T22:16:54,0
73c73190-7aad-43b2-b32a-fa1f4cf1a010,Play Store,awesome 👌🏻,4,2026-07-25T22:15:54,0
466a7bde-c6c0-4f24-ad78-3ebaf8ae0804,Play Store,verry nice 👍,5,2026-07-25T22:15:51,0
ab51c4c0-2055-4985-8a83-6d28d2bbb34f,Play Store,bhai h tu mera,5,2026-07-25T22:14:11,0
00cb3fd6-fea7-4602-9b02-91ceaf13a235,Play Store,good,5,2026-07-25T22:14:10,0
af8c1f2e-c52a-498a-b965-8ce3bbf38165,Play Store,good but handling charges 😤,5,2026-07-25T22:14:05,0
be5a453d-a555-4963-9986-27766a8c1076,Play Store,good,5,2026-07-25T22:13:56,0
129841ac-715f-42d7-8083-5650dad21b62,Play Store,Good,5,2026-07-25T22:13:15,0
3e70e82f-8b26-4ed9-bcca-3afc5a32b626,Play Store,please don't buy in blinkit the customer service is worst,1,2026-07-25T22:12:36,0
f4ec637d-cfb8-444a-b6a8-1cf322feb99b,Play Store,amazing this app,5,2026-07-25T22:11:44,0
304533f9-c4ae-4e03-ad3f-ea1f5718989c,Play Store,❤️,5,2026-07-25T22:11:43,0
a77230a9-5853-4d44-b00f-859775a023f1,Play Store,good,5,2026-07-25T22:11:20,0
8226d9ea-2178-4e2c-a6c4-65f57a5262a6,Play Store,good,4,2026-07-25T22:11:04,0
eec64d81-2608-411a-85de-325cc2dc76f2,Play Store,mast he,5,2026-07-25T22:08:49,0
043284ef-f941-47f9-a3c6-98e1ac25eba8,Play Store,super,3,2026-07-25T22:07:59,0
1bd1c82a-d69d-496f-9f9b-f54d011ce4a7,Play Store,good,5,2026-07-25T22:07:55,0
fadb4e60-2f75-4641-9508-2bf736350138,Play Store,good app oder,5,2026-07-25T22:07:41,0
acb61d90-6956-465f-8bac-e821897b2ea9,Play Store,good,5,2026-07-25T22:07:29,0
65c2ef91-d989-4788-91e3-8e9bb862a3f2,Play Store,thanku,5,2026-07-25T22:07:22,0
b627f192-28cc-46c0-ad7e-60bff38b6824,Play Store,good service,5,2026-07-25T22:06:38,0
b386836d-161e-4146-93b5-6c7cf930e0bc,Play Store,outstanding,5,2026-07-25T22:05:22,0
14619f8a-4d34-448a-b8b4-caef9f77576a,Play Store,Fast and Better service at door step delivery,5,2026-07-25T22:03:42,0
d4418a93-0a33-4a58-827a-7cebdcfd9f6d,Play Store,coordinating With the customer service for a product replacement For more than AN HOUR!!!,1,2026-07-25T22:03:23,0
dd3a0099-eefd-4c6e-9428-536bc857bfcb,Play Store,The app is overall very good and very helpful for day to day things and is life saver of instant needs. Just one complaint that the delivery guys don't have change in return of cash. please add any feature that the change cash can be credited to blinkit money....,4,2026-07-25T22:01:44,0
b8df2bd1-976f-43e0-afa7-1f102a1ba97c,Play Store,ok,3,2026-07-25T22:01:42,0
3ef2dc2a-4517-4bc5-afc4-b224ee81a90d,Play Store,it's excellent. surice is very speedy and accurate.staff is very well mannered.,5,2026-07-25T21:57:24,0
7044663a-671e-4665-a77d-6c7647ed416e,Play Store,best app,5,2026-07-25T21:56:37,0
97b02e18-591e-4324-a149-cdce224bc7a4,Play Store,very nice,5,2026-07-25T21:56:03,0
e81da52a-95c9-41c0-980a-04bbb48eb4e8,Play Store,all eggs are broken,1,2026-07-25T21:54:10,0
82c7387b-bb7d-45c9-9196-19ec85ebd4fb,Play Store,great,5,2026-07-25T21:54:07,0
7dae0e9b-6955-4558-a630-69dedc204c98,Play Store,extra prize added,1,2026-07-25T21:52:15,0
3ae73817-6573-424d-8c5e-3d57d4eb83e5,Play Store,many delivery boy are so rude behavior some are good. improve your service,3,2026-07-25T21:49:41,0
441f8785-e1d5-4280-90d5-585f7830abd2,Play Store,delivery is too slow,4,2026-07-25T21:49:34,0
8500536b-81ca-4d05-b653-824d51161dc3,Play Store,fast,5,2026-07-25T21:48:21,0
24f8725a-1f6b-40bc-9aa3-393f86319fc5,Play Store,I didn't get the refund. It shows refunded but I didn't get. delivery service is very good. not refunded,3,2026-07-25T21:47:51,0
48cc7cbc-13f5-4563-ab27-7433c8c1202c,Play Store,good,5,2026-07-25T21:47:49,0
73d03996-7bb9-4293-b66c-78fa659b95e6,Play Store,very helpul,5,2026-07-25T21:46:36,0
3f73642b-bbd7-401b-9c3c-5b79a37479ef,Play Store,Ok,5,2026-07-25T21:46:27,0
b775b702-3b49-4bdf-93c5-02354aae104f,Play Store,सर्व्हिस अच्छी है... डिलिव्हरी बॉय बिहेवीयर अच्छा रहता है...!,5,2026-07-25T21:45:54,0
851ca380-ae7f-47e3-b1e7-44c56adb9f95,Play Store,excellent,5,2026-07-25T21:44:46,0
a0d5feed-8270-4939-8bd3-8ed012c4c7aa,Play Store,"Agent claiming that I had provided the wrong address even though I had confirmed the correct address twice the delivery agent then told me that he would mark the order as delivered temporarily and come to my actual address within 10 minutes to hand over the product I waited as said but he never arrived later I contacted customer care and requested a refund but I was informed that it would take 3-5 It has now been five days and I still have not received my refund, this is completely unacceptable",1,2026-07-25T21:44:02,0
0f083999-0663-45ab-b118-cc2e44b62a3d,Play Store,very good,5,2026-07-25T21:43:28,0
acfe1485-cd88-48ea-9d77-d745a1060bc1,Play Store,best app ..... For all,5,2026-07-25T21:43:19,0
693f6544-388f-49d5-9ab7-497577c1e274,Play Store,delivery boy is good l,4,2026-07-25T21:42:23,0
37c3071f-9006-4c46-b668-60a8c4f33c58,Play Store,charges are much expensive than the product itself!,1,2026-07-25T21:42:22,0
4213203f-cb66-43c9-b031-2b801906155d,Play Store,you are doing the great work 👍🏼,5,2026-07-25T21:42:03,0
1ce1e5ff-c472-419a-bfda-d8c1528eb7da,Play Store,good job 👍,5,2026-07-25T21:41:40,0
a7a26fa4-5297-4e7f-bbc6-4be8cc759c0f,Play Store,mast he,5,2026-07-25T21:41:29,0
e43104ce-ffff-45b5-ae21-773eeece5818,Play Store,ok,4,2026-07-25T21:41:01,0
21b737c0-8d96-46c4-815a-31abcaa6da79,Play Store,good,4,2026-07-25T21:40:44,0
bfc0dec4-0c65-42a1-bdd9-332a178530ec,Play Store,trash,1,2026-07-25T21:39:30,0
bd87a864-b677-4599-b203-3273fd917249,Play Store,nice Good app blinkit Nice,5,2026-07-25T21:39:11,0
5c8e558d-ee8c-408e-be2c-f33a379a8480,Play Store,super 👍,5,2026-07-25T21:37:59,0
7ad6c843-9890-4f12-8f94-2b147ad0636c,Play Store,Great service....app,5,2026-07-25T21:37:32,0
fa158452-f5c8-4fc1-8be1-a9e2c6470c47,Play Store,in emergency is very good,5,2026-07-25T21:37:30,0
72798b17-fa8e-4037-9670-0c3ad77c3fce,Play Store,good,3,2026-07-25T21:37:15,0
ea254cab-3acf-4304-937f-e52132237d25,Play Store,"Almost all itmes arr available, a very fast delivery with care, and mainly a very good product. Best experience so far.",5,2026-07-25T21:36:36,0
ff3cb2b2-1c14-41d8-aaca-8a4dec4ab639,Play Store,very Good 😊,5,2026-07-25T21:35:30,0
d562aca2-b324-4422-93d1-aed4cbde3be8,Play Store,nice,5,2026-07-25T21:35:26,0
8598d370-b157-490c-961e-2e8a915c67ed,Play Store,"It's great app for buying things which gets delivered on doorstep. But, the reason I gave only 3 stars is that, sometimes it takes more delivery charges. I request to minimize that. Thanks.",3,2026-07-25T21:34:20,0
7ae0ffba-a736-490b-9afe-546b8bb245ad,Play Store,don't download this app they are charging double the amount for just 60rs butter there are better alternatives,1,2026-07-25T21:33:01,0
9d5c44f4-3d08-4dec-a703-9180da03b82b,Play Store,good 👍,4,2026-07-25T21:32:22,0
0968e8e6-3746-4c21-954a-f786247c38c0,Play Store,Good 💯,5,2026-07-25T21:31:31,0
4710fac4-8d5c-4beb-b2c8-f42bb02a67aa,Play Store,good,3,2026-07-25T21:30:36,0
0ea7c888-f25a-4218-a0cc-1897944891ab,Play Store,"Excellent experience so far, especially the delivery is fast in major cities.",5,2026-07-25T21:30:03,0
f10adff0-9f0c-4b73-bb8c-9e3490773afa,Play Store,10 minut bolkar aadha ghanta lagate Hain,1,2026-07-25T21:29:17,0
bfd53752-f3b7-4863-bb81-bf89f24d54fa,Play Store,Good,5,2026-07-25T21:28:38,0
c3283198-6916-4e21-bb85-40759bf0321a,Play Store,i love this app very fast delivery and if any issue solving is very fast,5,2026-07-25T21:28:24,0
0b153651-2bdf-404e-b7ea-381e02168e0e,Play Store,good and fast delivery,5,2026-07-25T21:28:11,0
f3ca241b-3143-437b-af06-c8f8ff5694e4,Play Store,good 👍,5,2026-07-25T21:27:40,0
a857f93f-8ba1-4499-96a2-218bf16b5a00,Play Store,app is doing very first,5,2026-07-25T21:27:37,0
ed5900cf-fe70-4570-93e4-6ea1337268c5,Play Store,Nice Application,5,2026-07-25T21:27:08,0
b8dc0c91-1769-4402-ae74-5552db53fd1d,Play Store,best delivery app..👌🏻,5,2026-07-25T21:26:37,0
7672319c-e983-4134-9265-6ea768b7f4e7,Play Store,No response after delivering the wrong product. please check the items ordered are sealed or otherwise.,1,2026-07-25T21:26:16,0
f470d2bf-78be-454f-af8c-ba9a1db7e485,Play Store,superb,5,2026-07-25T21:26:01,0
51bd8d3e-cbc8-4e68-a628-35573112872d,Play Store,execlent,4,2026-07-25T21:25:25,0
d2eda2b3-89c8-4abe-a3d2-283c3404f13f,Play Store,good,4,2026-07-25T21:25:05,0
5c4c14d7-3a19-4b76-91fc-283123b6f436,Play Store,excellent,5,2026-07-25T21:24:15,0
073243fb-663e-4505-ab3f-8a6112eb15b8,Play Store,ok,5,2026-07-25T21:24:09,0
e01b2e51-df86-4a49-8f72-efcd954cb5e8,Play Store,i don't know 🙂,4,2026-07-25T21:23:22,0
d355dace-8b9d-4903-b79e-3995e7b4c010,Play Store,good,5,2026-07-25T21:21:43,0
7a0ffc9d-6b1e-4732-af6e-52f77b67637d,Play Store,Nice,5,2026-07-25T21:21:25,0
ab1fa2e0-6049-4d0d-ba44-aa021ab944be,Play Store,nice order tech system,5,2026-07-25T21:21:16,0
03ae4875-64cc-46fc-90ea-e7e6ef034c28,Play Store,very good,5,2026-07-25T21:20:15,0
a6e88349-5c69-47d2-bf9a-10de8e80f698,Play Store,very nice blinkit,5,2026-07-25T21:19:30,0
38b8b2b4-10cb-45c5-9222-dd10725f4937,Play Store,very very nice app,5,2026-07-25T21:19:21,0
1872afc4-2cf0-43cb-aea3-e1123d76a72f,Play Store,nice,5,2026-07-25T21:19:13,0
d5791ce3-51ef-4bd8-b880-38386b7b9752,Play Store,tooo good app,5,2026-07-25T21:19:07,0
40537e05-664c-4b5d-8871-d0fd9f0e20a5,Play Store,Nice app best for fast delivery,4,2026-07-25T21:18:28,0
c737e046-373f-4b45-940a-434e3e01ed10,Play Store,no free gift on 1 purchase,3,2026-07-25T21:18:00,0
14abc77b-52c1-44d7-a0b1-cf14f7bd7e14,Play Store,delivers very fast,5,2026-07-25T21:17:42,0
de978a2e-7603-45d8-bbf8-eda307e638f2,Play Store,"its good i ordered a lot from here but the delivery charge is a problem,one more thing before when blinkit came in the start the delivery use to come within 5to 10 mins,but now its coming in 15 to 25min or +.otherwise its good not a problem.",3,2026-07-25T21:17:02,0
06df2037-507a-4d7a-b3c4-48d1cbc67d90,Play Store,very good,5,2026-07-25T21:16:51,0
42d3dce4-8e8d-4b3e-a085-acc0019c2ada,Play Store,good,4,2026-07-25T21:16:13,0
a85d667d-4cb8-483e-860f-82c8fff7943c,Play Store,Good ..dilevery.,5,2026-07-25T21:15:09,0
3e1e868a-a484-4314-9763-aeb25e18fc2a,Play Store,fraud,1,2026-07-25T21:14:01,0
5b98c820-1388-409b-980f-152b39e4254e,Play Store,loved it's,5,2026-07-25T21:13:32,0
25ed91ef-7543-4399-9e2f-70c25685a6be,Play Store,nice,5,2026-07-25T21:13:22,0
9c74ead0-e94a-4bd3-9c5f-bb1ad8dac2fe,Play Store,good service,5,2026-07-25T21:13:08,0
21e87c99-43a3-43d1-a46b-fa292f6ea20c,Play Store,next time I don't use blink it..it is very worst service,1,2026-07-25T21:12:52,0
0de23929-1023-4910-9078-827c1e4503b8,Play Store,nice,5,2026-07-25T21:12:07,0
618d2cb2-c60f-4f38-9a08-7bb275b3c053,Play Store,good👍,5,2026-07-25T21:10:59,0
a50e9a88-c015-4dc3-a2db-5b00748dd374,Play Store,I like how almost everything is available here but they should provide more stuff and I didn't like the fact that they charge more than other apps,4,2026-07-25T21:10:46,0
b56cee48-d47d-43a8-afef-7b0fc4b16287,Play Store,illiterate delivery boys denay to deliver at my address,1,2026-07-25T21:09:58,0
7d8cdf26-d1f5-4c82-b519-979a51502a78,Play Store,excellent,5,2026-07-25T21:07:11,0
416a2813-0b14-43b3-a459-a38d811417cc,Play Store,very good service,5,2026-07-25T21:06:30,0
448cf2df-8f86-434f-a959-45d3e0a73e80,Play Store,good,5,2026-07-25T21:04:17,0
95c15b74-b0cb-4d70-922b-8925c85bbd72,Play Store,affordable prices ☺️☺️,5,2026-07-25T21:02:08,0
9c084c6d-6df1-4b8c-832c-7237389ba338,Play Store,good,5,2026-07-25T21:01:23,0
7f300f2c-632d-40cd-816c-b9878e45fe8d,Play Store,worst service ever they are doing anything i order one thing and i don't know how it ordered twice and when I want to cancel it they are like we couldn't because of blah blah blah hate it literally,1,2026-07-25T21:01:13,0
3489e332-d74b-4dec-9476-bc8d97b857bd,Play Store,good,5,2026-07-25T21:01:12,0
1d4d3f3b-80fc-40ba-ba3e-dfb3bdde96ae,Play Store,its very fast and very good option,5,2026-07-25T21:00:13,0
4aa669f5-11a3-4710-a912-49f643c7d069,Play Store,good,4,2026-07-25T20:59:52,0
0799ca44-baa5-4991-835c-6a1baad21a3b,Play Store,best and fastest delivery app and also deliver riders also very humble,5,2026-07-25T20:59:10,0
0adb4616-5a86-4b8b-9a02-df2537f065a1,Play Store,Late delivery,1,2026-07-25T20:58:49,0
854b9f1e-bec6-4fe2-a900-408328427005,Play Store,good,5,2026-07-25T20:58:41,0
251c6041-7410-47f8-8b45-a33db7e58be2,Play Store,poor experience while purchasing with blinkit,1,2026-07-25T20:58:20,0
31ffc85e-7a73-4bb4-a905-1504a1a203f4,Play Store,ok,1,2026-07-25T20:58:12,0
f26d56c1-233f-45f4-ae7f-2e0792ce90a9,Play Store,👍👍,4,2026-07-25T20:57:56,0
5fa70ee2-c088-4aef-a7c6-d8d205216b9c,Play Store,very nice delivery,5,2026-07-25T20:57:40,0
02176760-d741-43c8-a004-8674b8d18c61,Play Store,"very useful app, I am amazed by using this app",5,2026-07-25T20:57:33,0
235552ce-8ca6-46bd-9ec9-21ba5aed50c6,Play Store,best app 🥰🥰,5,2026-07-25T20:57:05,0
55f46d77-1f5b-4815-94b3-ee730d9292bc,Play Store,good service thank you,4,2026-07-25T20:56:50,0
0c6e5aa4-eb4d-4186-a90e-d929a84995ed,Play Store,very useful 👏🏻,5,2026-07-25T20:55:16,0
0d3847de-1356-4552-aa4e-625e0f07d44d,Play Store,good,3,2026-07-25T20:55:06,0
9f04fc18-6e31-4a7a-821c-0d139eb5f1de,Play Store,not good no refund have to do alot for refund,1,2026-07-25T20:55:04,0
ed11787b-e8ce-4f50-8c47-da738dc3ffce,Play Store,good experience,4,2026-07-25T20:54:36,0
f1237226-6802-4e81-8975-4c95bbf344f6,Play Store,good service,5,2026-07-25T20:53:49,0
420107f7-56f0-4478-957f-b6281af324b9,Play Store,good service,5,2026-07-25T20:52:40,0
b7b38ce2-9bc5-44ff-9fc9-fd8ef388309c,Play Store,good,5,2026-07-25T20:51:42,0
6efa6e46-6c7c-4ea3-b29a-eedc895403db,Play Store,excellent service and superior quality delivery with good manners,5,2026-07-25T20:51:37,0
f960ff59-6e6c-4b8f-af14-b6a075fd2129,Play Store,good,4,2026-07-25T20:50:44,0
85dc88f6-979e-4255-9501-f5d30db20b5f,Play Store,👍,4,2026-07-25T20:48:34,0
6b23baf4-c86f-49b5-b820-2d0f5a2a535a,Play Store,I'm happy,5,2026-07-25T20:48:21,0
736e7d90-0b2d-4f97-ac8f-a4992dbdf4e7,Play Store,excellent services ✨,5,2026-07-25T20:48:15,0
1f4fb317-a634-4973-8566-6ccddd2cdf85,Play Store,good,4,2026-07-25T20:46:49,0
4045c889-4e0b-468b-96b3-83696ec5f0a6,Play Store,i had great experience with blinkit customer support and team quickly respond to my issue and understoob my issue and resolved ir efficiently,5,2026-07-25T20:46:00,0
e3a16a1a-34c4-45a0-8c42-cc4141af9338,Play Store,everything is good,5,2026-07-25T20:45:42,0
0892cb89-9002-4f45-8180-c22485903c64,Play Store,very nice way of ordering,5,2026-07-25T20:45:27,0
88dd1d9d-33e0-4855-aee8-a851bc0adf79,Play Store,good,5,2026-07-25T20:45:25,0
cfb94f74-9328-4f3b-a128-a360868e819f,Play Store,Nice,5,2026-07-25T20:45:03,0
7a780cc3-4a0a-4054-b838-815a84656e13,Play Store,good,5,2026-07-25T20:45:02,0
4b98a17f-479f-4b9f-b882-6f3143f01f08,Play Store,"it's was very helpful and amazing, I loved it.",5,2026-07-25T20:44:38,0
77064213-04e2-43ed-9681-c5176769b99d,Play Store,marvellous,5,2026-07-25T20:44:22,0
964d8638-d8d1-45b2-8ce2-38061cd5e95a,Play Store,good,4,2026-07-25T20:43:47,0
a11880ae-c571-45db-b2df-8884ed591421,Play Store,"There is no rain, but they are charging for it.",1,2026-07-25T20:43:20,0
fa2bf824-f1f8-4100-9d91-31b6483d4d80,Play Store,THANKS FOR BLINKIT 👍,5,2026-07-25T20:42:31,0
c9fe534e-728d-4288-ac34-a9466463eb5c,Play Store,very good,5,2026-07-25T20:40:38,0
b18c04d3-3ed0-4347-8532-40662aac7c92,Play Store,good,4,2026-07-25T20:40:20,0
317c4f8a-6446-42bb-82ed-274b326e25a1,Play Store,very useful app👍,5,2026-07-25T20:40:07,0
8a33e0e8-9f40-4f4f-a39f-4881d167cd74,Play Store,very good perfomance of app and delivery boys are so much friendly,5,2026-07-25T20:39:48,0
461337cc-0089-4c8c-ae87-b917e63b40a5,Play Store,fake location and time,1,2026-07-25T20:39:47,0
d74e53ce-1179-403b-94ca-803094ddd34b,Play Store,very fast.,5,2026-07-25T20:39:22,0
c3949891-fbe9-4a8a-b7b2-345c38b8ebaf,Play Store,My favourite last minute delivery app,5,2026-07-25T20:37:45,0
7e1fe1e1-a2cb-439a-81c2-66f25d6ebbf0,Play Store,nice ☺️ v good services,5,2026-07-25T20:37:43,0
4a43a84e-0ea2-4b88-b27d-b0b633246883,Play Store,nice,5,2026-07-25T20:37:36,0
b66bb383-1c39-4b43-80c3-388fbcf0fabd,Play Store,super nice,5,2026-07-25T20:35:52,0
b5ac50cb-6cb5-473f-adcf-5fb96af288aa,Play Store,nice🤩,5,2026-07-25T20:35:51,0
b071cf09-df37-413c-9675-0f874ce266c0,Play Store,This app is very good if your item quality is poor it gives refund.,5,2026-07-25T20:35:06,0
5ac14ec6-029f-4b6a-bd45-9e89055b982f,Play Store,thanks blinkit,5,2026-07-25T20:34:20,0
dfa91c0e-e95a-4c7c-92db-6699907792d5,Play Store,faster delivery,5,2026-07-25T20:33:54,0
b2f60b5e-f0ff-486c-8891-f5fef99d5aa8,Play Store,Good,5,2026-07-25T20:33:42,0
8cd3c423-d47d-47e2-b5d1-1ba5cb034453,Play Store,good,3,2026-07-25T20:33:32,0
95914461-37ca-4b59-b075-7435b7dbce5b,Play Store,good,5,2026-07-25T20:33:28,0
d735ba1e-3f42-4458-a000-77a86e4e89c2,Play Store,damage product,1,2026-07-25T20:32:38,0
bd709c3f-f31a-4d38-96cb-d958c7f5ad35,Play Store,good,5,2026-07-25T20:32:03,0
4eb78d22-d4f2-4cdd-b635-f8db0c08366b,Play Store,great,5,2026-07-25T20:31:53,0
d9a2175d-1d58-407c-bf8c-d969295bf097,Play Store,happy,5,2026-07-25T20:31:21,0
011687bb-6061-4a67-8421-beda4093bc2a,Play Store,very good,5,2026-07-25T20:31:07,0
36061f4e-d98d-44cd-b157-4525dd0c25a8,Play Store,fast delivery,5,2026-07-25T20:31:06,0
a1440079-bb24-4d5f-bf2e-d6c49b038212,Play Store,there is no cancellation option or change..,1,2026-07-25T20:31:03,0
dddeb6e0-063f-4ee4-97e3-106ff750b2fa,Play Store,Good service and fast delivery,5,2026-07-25T20:30:05,0
adfb5a0d-aa9e-413a-8268-dcd709096936,Play Store,good service,4,2026-07-25T20:29:40,0
e6c347a1-800f-415d-ae8a-7aaa2a1f0ff6,Play Store,"Don't make purchases by using this app. I have ordered a pet product which was faulty. I've ordered scented cat litter. when I opened it myself, it was ordinary sand used for construction work. I request all of you not make any purchase from blink it.",1,2026-07-25T20:29:22,0
f760515c-8454-451b-9236-09f692ad56ee,Play Store,it's trust worthy and good but do false claim of free delivery,5,2026-07-25T20:28:50,0
1de81575-35e7-4a18-b4eb-561bd454a79e,Play Store,it is very fast and it has everything available,5,2026-07-25T20:28:34,0
68f1e946-eb85-472b-9fad-2c91fb20ec67,Play Store,👍,5,2026-07-25T20:28:31,0
73e5febd-ee68-4a89-9d2e-c87a4ee4bddc,Play Store,why I can't cancel the order??,2,2026-07-25T20:27:55,0
e0e0d050-1eff-46b2-b11d-0b91922c1614,Play Store,late delivery,5,2026-07-25T20:27:54,0
1976f9b4-9da5-4997-a983-907ef5965c30,Play Store,okay 👍 thanks,5,2026-07-25T20:27:01,0
bf915234-a50c-4cc3-8c88-26532a29447b,Play Store,Best experience,5,2026-07-25T20:27:00,0
fb820f15-badf-4b03-ae4a-8d7ce283989c,Play Store,worst app,1,2026-07-25T20:25:14,0
0a1f8e33-87f7-48da-8acc-ec13c6287652,Play Store,good,5,2026-07-25T20:24:36,0
b669472b-27d2-488f-9ad2-ec7bd95429bf,Play Store,looters,1,2026-07-25T20:24:17,0
3f5593f4-64bf-4c88-b837-5e4974b1d4db,Play Store,excellent service,5,2026-07-25T20:24:13,0
f74ed8cc-3225-47ae-87d1-aff1ca1f5b5c,Play Store,superb service,4,2026-07-25T20:23:24,0
3aafc112-b619-4f67-963f-5ba44ef8fc3a,Play Store,good choice 😃,5,2026-07-25T20:23:01,0
688c5579-6e7c-4a86-b853-4caf20fedaac,Play Store,cool,3,2026-07-25T20:22:54,0
c38d06ea-a39b-4bd3-a058-997fd5a239f8,Play Store,super,5,2026-07-25T20:21:40,0
e1fef731-b997-4081-84e1-1151c62e67a9,Play Store,best use,5,2026-07-25T20:21:09,0
6e400d65-9422-474c-9965-5c8f1ca9678f,Play Store,very good,5,2026-07-25T20:21:09,0
70abb6c4-6105-44aa-a6fc-77351d27eaf8,Play Store,good,5,2026-07-25T20:20:36,0
829e5329-a3f7-45c9-879b-9194ce03f927,Play Store,very good service,5,2026-07-25T20:20:34,0
78d1d220-396f-4a45-819b-cd0f04717e90,Play Store,"third class servicesand high chagres other then shop kepers and mall it's a not services business, it's a propogenda.i would give it 1 star out of 10.",1,2026-07-25T20:20:34,0
83d51213-130d-4f6e-9881-423ad921ba63,Play Store,good app,1,2026-07-25T20:20:11,0
22e566a0-8e20-4e73-8263-d7e55ffc527e,Play Store,We didn't expect this much speed for the delivery,5,2026-07-25T20:19:40,0
7ebcbacf-0d73-446b-a843-9b633772b9e9,Play Store,good,4,2026-07-25T20:19:28,0
e404ab77-0f90-471c-9272-e917a88d5074,Play Store,keep good work,5,2026-07-25T20:18:22,0
655998ef-e110-4d8b-b758-31a9972b2ab7,Play Store,this app is very fast for dilevery order and the product are well cleaned and new packing,5,2026-07-25T20:16:51,0
4c6ee5de-2fd5-4fda-97c9-4d8315d25778,Play Store,fast time oder,4,2026-07-25T20:15:38,0
8df35976-b94b-4d13-8efc-4d7fca047658,Play Store,"no happy with ur delivery boys. without verify ordered items they were insisting us for otp. when I insist them to verify items, they were responded us that u open this bag and check ur items. it's not good practice. it's their moral responsibility to show all items r there as per our order or not. this is not good practice. my mother in 80 years old, if I am not at home how it is possible to verify ordered items.",1,2026-07-25T20:15:31,0
72348e71-9be4-40e8-8ad3-2a1fb60c9dad,Play Store,👍 Good,5,2026-07-25T20:14:45,0
726302f7-324d-480f-a08d-542043dcd8c8,Play Store,Fastest delivery,4,2026-07-25T20:13:20,0
6b71cc18-9c3e-4f87-9e53-a0ea933771e7,Play Store,good,5,2026-07-25T20:11:45,0
de240d8a-11fe-4f6e-bbd3-af9e6b104639,Play Store,good 😊,4,2026-07-25T20:11:32,0
f43d38d9-f993-4e7b-90ad-d56c2cecf14f,Play Store,exilent,5,2026-07-25T20:10:30,0
84c7f722-c9b2-41cf-9d20-adcf7e10e7d3,Play Store,good,5,2026-07-25T20:10:05,0
41ae5f23-593e-4076-b2c1-0a7b41111c09,Play Store,Good,5,2026-07-25T20:09:59,0
34cdbaa4-7f97-4646-b41c-13962bd467f3,Play Store,good 👍,5,2026-07-25T20:08:57,0
c89b85a8-a368-460d-b123-bc2cc51f7129,Play Store,awsm.. great service. Thank you,5,2026-07-25T20:07:11,0
0f4c28cc-1548-4c49-8556-ca40265292c9,Play Store,good,5,2026-07-25T20:07:03,0
c62875b2-8895-4bc7-a17d-68621579f7ba,Play Store,good,2,2026-07-25T20:06:31,0
d8ab8d71-675b-4679-8424-9c61bc3087c6,Play Store,All good. just cancelling is a bit of a challenge.,4,2026-07-25T20:06:06,0
01b0ca52-34ce-4c9b-94a7-4130655eca10,Play Store,good,5,2026-07-25T20:05:47,0
4eb8bfc6-26f3-444a-a0ea-004e4c422416,Play Store,ontime delivery whenever ordered.,5,2026-07-25T20:05:43,0
64e62ccb-3b33-4dc7-9a40-688fca594a90,Play Store,nice,5,2026-07-25T20:04:42,0
c66c5169-f5e0-4a07-9972-4e53db2dc54f,Play Store,good,5,2026-07-25T20:03:48,0
f796efdf-b22b-400a-9666-c78b148f40de,Play Store,best app 👍👍,5,2026-07-25T20:03:03,0
39308884-4419-4986-88b6-9c42ebaa8d30,Play Store,this app giving free delivery charges above 150 so good app,5,2026-07-25T20:00:05,0
c8557e0b-52d0-4273-a25d-6cd810200067,Play Store,nice,5,2026-07-25T19:59:45,0
40c94f39-8c38-4a98-94e7-af15030aeb2f,Play Store,this is your beautiful aap. is nice work to apps.. thanks,5,2026-07-25T19:59:29,0
48e8c5a0-4f5d-41e1-864a-02f69806021c,Play Store,good,1,2026-07-25T19:59:12,0
cdf0c0c6-3b58-48a7-98fa-e39835c8c11c,Play Store,good service.,5,2026-07-25T19:58:06,0
6507e1cc-7053-44bb-8c55-a9f2a38b1c7d,Play Store,this app is the best 👌 delivery app. it delivers your food in minutes,5,2026-07-25T19:57:20,0
3eabf12d-8bd6-42ed-b929-d9744d04ec6c,Play Store,the blink it app was awesome the order comes very fast but some vegetables are not that like good,3,2026-07-25T19:56:43,0
532edb68-8326-4622-a444-8977ed27317e,Play Store,good job,2,2026-07-25T19:56:40,0
e557a313-90d7-46d5-8c99-943108f0a745,Play Store,wow super nice ☺️ amazing 😍,5,2026-07-25T19:56:22,0
9a14126e-832b-43a2-a769-d840e0545b1c,Play Store,The most third class app ever,1,2026-07-25T19:54:12,0
cfb4a1f2-68d3-4132-a5cc-69fdbc2ca65e,Play Store,"Nitin jadhav Blinkit is really a great app! The service is super fast. I recently returned a product, and the refund was credited very quickly without any hassle. The products are good, and the overall experience has been excellent. Highly recommended for quick and reliable service!",5,2026-07-25T19:53:49,0
dce6026a-7216-4347-b276-1df712811c33,Play Store,very good,5,2026-07-25T19:53:39,0
4a14db72-cff9-46fc-a591-a84a4d7fd572,Play Store,good 👍😊,5,2026-07-25T19:53:31,0
f11cd22d-bbb3-4be9-a191-b34f56c507cd,Play Store,good service provider,5,2026-07-25T19:52:53,0
67416076-40f7-4a16-8a40-efef434654ed,Play Store,👌,3,2026-07-25T19:52:53,0
ed2fd704-26fa-478b-b2ba-fca0e45fd66e,Play Store,"Service is becoming poor, especially the people responsible for packing the items, packet received are torn and with layer of oils , what's the use of taking handling charges.",1,2026-07-25T19:51:03,0
e0a603c1-48ea-4dfe-9579-9c51c60f2a5a,Play Store,superb 💥⚡,5,2026-07-25T19:50:51,0
561780dc-9a05-42e9-843b-2d3e3f2e3113,Play Store,"the customer service itself is good and i appreciate you guy's response when i e-mailed them, though it's sad that many apps don't show my location personally and upon e-mailing i liked how they are cooperative.",4,2026-07-25T19:50:50,0
23e4cd3e-16e1-4f5f-b76e-447dc497d6b5,Play Store,nice,3,2026-07-25T19:49:34,0
28503064-fb75-4632-803b-b2ccbc6177e6,Play Store,Great 💯,4,2026-07-25T19:49:13,0
217caa00-8595-40d0-baaf-a2037aa58d1a,Play Store,good service,5,2026-07-25T19:48:17,0
32e73312-e5ad-421d-8fea-67620e2147eb,Play Store,bahut sare apps hai online delivery me per sabse accha hai,5,2026-07-25T19:47:56,0
615c8021-c977-4a7a-9e98-f125128c59a9,Play Store,feed back is not good but on the average😀,5,2026-07-25T19:47:45,0
430f26da-c2ec-46e9-b254-838694937b1e,Play Store,good,5,2026-07-25T19:47:05,0
7e5d9952-fe9f-42a4-b3c0-c04feff0f423,Play Store,good,5,2026-07-25T19:45:30,0
c845b613-f4ac-4d12-a446-4f82a30709bf,Play Store,Best experience in India,5,2026-07-25T19:45:25,0
9d8de326-92e4-4d49-9713-17fc4ddc7ef1,Play Store,👍,5,2026-07-25T19:43:41,0
4a186d9b-d6ae-4b61-84c4-5a61cd69d90c,Play Store,🔥,5,2026-07-25T19:42:05,0
b291e6af-62f3-4a1a-911d-78599d0ef59e,Play Store,"Yes it happened for the second time, I placed an order but the order was not delivered and the amount was also not refunded...I tried to complain but no information related to the order was showing in the app..... order related information deleted by blinkit",1,2026-07-25T19:41:06,0
64640775-26b0-40a7-b7c4-763c91ab950c,Play Store,Good Service,5,2026-07-25T19:39:41,0
06e5975e-5106-4859-9f67-c7a2cb4812e2,Play Store,price always increase after some time but good service,3,2026-07-25T19:39:37,0
d2a7d4a2-d0ea-45b2-a184-f2205c4f48fc,Play Store,nice,4,2026-07-25T19:39:15,0
dad76219-dabe-4fad-92e8-1ededd44fd65,Play Store,wrost,1,2026-07-25T19:38:47,0
e8b8b283-c138-47bc-8745-2500ed272dfd,Play Store,good,5,2026-07-25T19:38:26,0
20571a1d-bbf3-498e-a75f-1b2743d7f7ce,Play Store,My go to dilivery app I am just loving this,5,2026-07-25T19:38:15,0
8f914114-80af-4ef3-92d0-2927a48af433,Play Store,very bad service,1,2026-07-25T19:37:16,0
25bef33d-6603-4ce3-89d9-ee9dbf76c247,Play Store,everything is good but only one thing is there which is not good that is very high amount of delivery,5,2026-07-25T19:36:52,0
b50e6e56-aaa0-43f2-838e-3622e749cad8,Play Store,it's good,5,2026-07-25T19:36:05,0
0060b53e-77f0-4c21-b364-5611b8903129,Play Store,"price of maximum items is same as print rate and carry bag is not according to quantity of ordered items. Price on Amazon is less but blinkit provides ordered items within 20 minutes. Variety of items should be more.Carry bag for milk,curd,lassi should be of plastic as it affects other items ordered with these items.",4,2026-07-25T19:36:01,3
b9ab78c5-8e01-4cfc-9f65-6e1c69b58efd,Play Store,extracharges,1,2026-07-25T19:35:38,0
6f223987-2f8b-4984-88f3-d70364efba8c,Play Store,good,5,2026-07-25T19:34:25,0
826f46eb-7e8d-4b3b-8f8b-dedb1e39f4ea,Play Store,besttt service,5,2026-07-25T19:33:16,0
44abba4e-61ae-4087-8208-80e2171cd297,Play Store,Nice App,5,2026-07-25T19:32:50,0
5efdd370-4ee0-484c-ad4d-f2b8821b46b3,Play Store,"Amazing service! Super-fast delivery, fresh products, and great packaging. Blinkit never disappoints. Highly recommended!""",5,2026-07-25T19:32:47,0
b5913fe6-a724-49f4-8058-ee853b3032b8,Play Store,good 👍,5,2026-07-25T19:32:47,0
95aa187d-4583-4cd4-9fcb-1ab5132148b1,Play Store,so nice of you,5,2026-07-25T19:31:27,0
2e853ebe-81f0-4454-a23a-0d783a6c1238,Play Store,good,4,2026-07-25T19:30:53,0
5ebe3245-1029-40e2-9ddc-a3bc10a1abd7,Play Store,it is the best app when I don't want to go outside. i order my necessary things from blinkit. it makes my lifestyle very easy whenever i busy in my own work. thankyou blinkit for providing us this wonderful service.,5,2026-07-25T19:30:43,0
3f329871-5fca-4cc7-9b52-6983a06ce5c7,Play Store,I always appreciate this app because it's the only source of my Monster Energy Cans. Love the app,5,2026-07-25T19:29:58,0
c113e494-ecc9-46e4-8e80-fdfcf336b1f0,Play Store,Nice app and great service,5,2026-07-25T19:29:46,0
869a823f-4bb8-4e17-92e8-018da3b39c8e,Play Store,fab,4,2026-07-25T19:29:32,0
f3ef29dd-b183-4216-b081-2c89190d4187,Play Store,Good Survice provider.,5,2026-07-25T19:28:25,0
742012ac-25b4-48c1-844f-c3898be5c9db,Play Store,it's a good app for instant food or something I like much this app,5,2026-07-25T19:28:17,0
a890425e-1f57-43c4-a391-bf35dee6c983,Play Store,make delevery boys give order to the wright person,3,2026-07-25T19:28:13,0
18e14728-dbee-458c-bee5-95d360c27376,Play Store,from me too good. but some things are out of stock never In stock only big packets are there,5,2026-07-25T19:28:13,0
b3e01846-8ea1-4973-80e8-3e3c0c0e0ab3,Play Store,good services 👍🏻,4,2026-07-25T19:27:22,0
bd04a520-c1da-47bd-9abd-e97c2f9726ae,Play Store,very good.,5,2026-07-25T19:26:44,0
8e760bb2-f2ad-4736-a0c3-359df959ee36,Play Store,Awesomeness 👌,5,2026-07-25T19:26:12,0
d616c7da-9c24-4603-81a5-ec1ffc7cc338,Play Store,good,5,2026-07-25T19:25:59,0
c7e3ff79-07d4-42c0-afe1-1199b13ee7d7,Play Store,In earlier days delivery is fast however now it bacome very usual,1,2026-07-25T19:25:53,0
1f9c83a8-9e79-4281-bda7-8b0c25d94849,Play Store,"One can depend on blinkit for the quality, punctuality and the the cost",5,2026-07-25T19:24:55,0
9f244318-028b-490b-a515-1bac640e3fe5,Play Store,"late delivery, order taken and later items out of stock.",1,2026-07-25T19:24:53,0
75d86389-05f5-41e5-8248-612b51bd07fa,Play Store,it's good for everything 😌,5,2026-07-25T19:24:40,0
e5bbfe64-a94b-41ee-81a0-df68d155d876,Play Store,good,5,2026-07-25T19:24:18,0
5ef9a032-83ea-4822-bf95-4eea263c42cf,Play Store,✝️🛺🎵👌 good,5,2026-07-25T19:23:46,0
f006153d-2f78-4f28-b094-06a6575f68ce,Play Store,good one good one tbh,5,2026-07-25T19:22:26,0
f28fcb6f-bc87-4bce-8f14-fcd8a5ead222,Play Store,Gave printout of my id documents to blinkit....the delivery person took the printout but never delivered,1,2026-07-25T19:22:26,0
29c09bf6-6a4e-4e9a-a42f-305c1879727c,Play Store,please fast,5,2026-07-25T19:22:15,0
c2a322f1-ce61-4310-81d1-54b6d4f8b260,Play Store,I love this app🫶🏻,5,2026-07-25T19:19:42,0
ad783e05-a264-4540-b8eb-a09e61e9ff60,Play Store,good,5,2026-07-25T19:19:14,0
805bc48f-3739-40e5-ab55-da54428c7031,Play Store,good,5,2026-07-25T19:18:39,0
aefa8afb-356c-4524-9893-4a2fd64be090,Play Store,its good 😊,4,2026-07-25T19:18:30,0
cd5f91ec-9472-4087-b3db-23104655686a,Play Store,happy,5,2026-07-25T19:17:16,0
e9b66235-b046-47ea-88f7-14d49b13031c,Play Store,nice 👍,4,2026-07-25T19:16:39,0
7a3abe4a-c4be-448e-97bc-ff119f73993a,Play Store,not much options,1,2026-07-25T19:16:24,0
b25535bc-2967-462b-a041-e8b04e04d3c7,Play Store,good working,5,2026-07-25T19:14:08,0
1eda434c-5aa4-46af-b2ea-45645e9d1d66,Play Store,the service ia not available in my area....,2,2026-07-25T19:13:05,0
bb909bfb-0ca5-494e-b0b6-3a48b2f3d2e2,Play Store,good,3,2026-07-25T19:12:58,0
64517950-74b6-4406-8571-c9f59160ef75,Play Store,bht acha hai,3,2026-07-25T19:12:43,0
a9f5b4ee-5df7-4a5e-aac7-d2a339c1a96e,Play Store,good,4,2026-07-25T19:12:42,0
49b2be1c-431b-4970-83d5-dd13a96eea0a,Play Store,very helpful,5,2026-07-25T19:11:54,0
970e157a-b319-4e9c-ad78-a8399dd88b1f,Play Store,good,5,2026-07-25T19:11:34,0
8299cdaf-0422-4146-a2c6-1b408ca7c316,Play Store,good 👍,5,2026-07-25T19:11:28,0
1c8deffe-e409-4542-8204-48b6b52be7d4,Play Store,good Application & fast delivery with discount price & free gifts with good amount of order.,4,2026-07-25T19:10:41,0
119f520d-43c4-4532-82e3-a49254948cac,Play Store,good,5,2026-07-25T19:09:42,0
5dd9a4cf-1b20-4833-b41b-5b258e29a832,Play Store,nice service,5,2026-07-25T19:08:27,0
f4c5cca7-c664-4fa7-a64c-603912faa3ee,Play Store,great,5,2026-07-25T19:08:01,0
4956b57d-a400-447f-a92d-fb98c07ff81b,Play Store,ek no aap haii 🔥,5,2026-07-25T19:07:46,0
2d2b1e6b-6dfc-410a-ad73-7607c05a09ac,Play Store,good,5,2026-07-25T19:07:20,0
2e69870a-bdb0-436f-9ae9-d9f845cf98aa,Play Store,nice app,5,2026-07-25T19:07:16,0
c8e4d7be-74bd-410f-b9d7-2077f943859d,Play Store,good job,5,2026-07-25T19:06:23,0
c37ef317-98df-49c2-982e-da4a42eb6da7,Play Store,Printout option is superrr...Good luck Blinkit,5,2026-07-25T19:05:43,0
8082e657-f55a-4450-b145-711bbfe1dbf1,Play Store,"no glitch, easy to use",5,2026-07-25T19:04:50,0
70a83ae8-fbd3-4c11-b0ef-c4cae40d23ec,Play Store,charges high other then similar app,1,2026-07-25T19:04:05,0
f26d881a-b779-4a09-82c5-28c85bbe9e69,Play Store,🙂 👍👍👍 nice,4,2026-07-25T19:01:36,0
0a043ae3-e4a3-4a15-adca-47fb7c61cc02,Play Store,Helpfull for less time,4,2026-07-25T19:01:25,0
611305a6-6a24-4fd1-8b37-f4d7ec3cd17f,Play Store,God bless 🙌,5,2026-07-25T19:00:24,0
a3ea8ba5-b5b1-4a7d-ab09-fb96f4d8baa8,Play Store,nice,5,2026-07-25T18:56:27,0
5a9c73a7-f58c-4aee-ae4e-7b94474f6e0e,Play Store,best,5,2026-07-25T18:53:54,0
4f25b14a-88ff-4730-9cc8-109d384830bf,Play Store,good,5,2026-07-25T18:52:53,0
0d0e8782-e26e-46f1-afdf-2f9835e5e2da,Play Store,👍,5,2026-07-25T18:52:53,0
4fcbbc39-3fc4-49e2-9bc8-99e0bc921324,Play Store,excellent 👍,5,2026-07-25T18:52:48,0
b6e53a2e-afe9-489e-9b53-89731630c9bd,Play Store,"prompt, fast and perfect delivery",5,2026-07-25T18:52:45,0
715af967-202d-4ba3-a013-78f28da70037,Play Store,nice,5,2026-07-25T18:52:44,0
5298cfa1-f457-4f44-a0fb-dea6d71fa8df,Play Store,good 👍🏿,5,2026-07-25T18:52:22,0
e2ad8340-0ee7-43f6-99d0-be1b070e86db,Play Store,Best,4,2026-07-25T18:51:42,0
df5389b9-ba82-467d-9911-fdf777d771b1,Play Store,I ordered Garnier hair colour with advance payment from this app. Box of the hair colour was already open & the item was used. I chatted with their assistant. They called me & said that the item came from the brand itself & that they can't do anything in this case even if it's used. They refused to give me replacement or refund.,1,2026-07-25T18:51:09,1
b7f659d6-d1b6-4c82-a717-d7c72e6dd872,Play Store,"I paid extra for gift wrapping/packing, but my order was delivered in a single plastic bag instead of proper gift packaging. This is not the service I paid for. Kindly explain why the gift packing was not provided and arrange a refund of the gift packing charges or an appropriate resolution at the earliest.",1,2026-07-25T18:50:58,0
f5b79b74-c66f-4e6b-920f-b4c872733bc3,Play Store,Received the product damaged & dented,1,2026-07-25T18:50:00,0
0f551864-8524-4afd-8ddb-ec9a73e255da,Play Store,Very less discounts. Not worthy at all.,1,2026-07-25T18:49:16,0
93a3a1f8-d22d-46e2-8e41-a4ac3979ccb3,Play Store,Excellent service in Silvassa near Tokarkheda.,5,2026-07-25T18:48:44,0
ff62ef80-d6a1-48d7-96cd-d4779bb7dd1e,Play Store,nic,5,2026-07-25T18:46:36,0
c904cae6-ad96-4979-9dea-6c7efb3d205d,Play Store,My experience with blinkit has always been fantastic. Whenever I need something I heedlessly order it from here.,5,2026-07-25T18:46:14,0
d9cdf139-83a6-4677-a0c5-4e60c5bf6208,Play Store,good 👍,1,2026-07-25T18:46:08,0
54a22cd2-290a-46d4-87e7-f8698964591d,Play Store,Good Concept,5,2026-07-25T18:45:54,0
cab77429-ed41-43bc-a861-6cfbd62e5ade,Play Store,delivery is on time,5,2026-07-25T18:45:53,0
915ec2fb-65f8-414b-937d-fb3e90acf893,Play Store,good,5,2026-07-25T18:45:29,0
8fa3a8aa-f574-4364-9fbb-bca848ff638e,Play Store,I ordered a peanut butter which was already found opened and it was contaminated with a bad smell coming out of it,1,2026-07-25T18:45:29,0
4c32a343-7ff0-4537-a50d-20f6fea3d87e,Play Store,very worst experience with the customer support person named Khushbhoo,1,2026-07-25T18:45:05,0
74951073-f107-4b21-be63-9f7132755475,Play Store,"I stay in darjeeling so probably don't know does it comes here not not usually it dosent🤣 but ...anyways ik much more bat this its really a fun app and helps ppl get use to it ...like especially when u need smtg so guys download it and...ofcccccccc share ur experience well,it works 🤷‍♀️",5,2026-07-25T18:43:33,0
f54ac039-96cd-424c-9684-ac3d96b7145b,Play Store,It's very unprofessional how blinkit indirectly denies to cancel your order by charging a cancellation fee. It's not that difficult for them to cancel any order just 10-15 secs after placing it. Thumbs down Blinkit 👎,1,2026-07-25T18:42:41,0
d42e8c13-9cb1-4054-bae4-4458461c37fc,Play Store,🙂,5,2026-07-25T18:42:21,0
f620fb9b-4d32-4cbc-a53b-3d8f41e7366b,Play Store,I love this app,5,2026-07-25T18:42:09,0
0b7a5c90-5af6-4785-a3c4-cd642c9d4275,Play Store,👍,5,2026-07-25T18:41:55,0
d208e186-6389-4499-b02d-dad6ccb4c467,Play Store,I trusted it,5,2026-07-25T18:41:05,0
a217fecf-9760-4da1-9924-0b0d462f55c0,Play Store,Good Services,5,2026-07-25T18:39:49,0
57553920-8df2-4d44-be02-7933d26daa67,Play Store,good,3,2026-07-25T18:38:07,0
d82ceb0e-c87c-4cee-a333-46b8ecdd842b,Play Store,very guddu,5,2026-07-25T18:37:42,0
61d056c9-0e0d-415c-baa9-9f9ff348d443,Play Store,super,5,2026-07-25T18:37:10,0
18900cbe-1427-4404-85c8-942a937cd231,Play Store,it's very use ful app,5,2026-07-25T18:37:05,0
8247794c-3142-433c-9105-0732ab6cac11,Play Store,so good 👍🏻,5,2026-07-25T18:36:37,0
3b9d476f-1537-4665-9f45-157e56e5e93c,Play Store,good 👍,5,2026-07-25T18:36:22,0
81063318-98a2-46e9-b518-784494963b6c,Play Store,Exilent dilevry,5,2026-07-25T18:35:58,0
7a9f18b9-2036-4fea-8b02-bad8b9921317,Play Store,good,5,2026-07-25T18:35:40,0
b94b04d9-3e21-4b40-b709-d2b262bee745,Play Store,👍👍👍👍,5,2026-07-25T18:31:38,0
054a6577-f16c-48ee-95e2-babc45821a40,Play Store,NOICE! 👌👌👌👌,5,2026-07-25T18:31:01,0
712d9c40-8215-4242-ab2d-ba90cb23b5f8,Play Store,very good,5,2026-07-25T18:30:42,0
365abdb4-36e1-40c5-9dd2-eb4e42012669,Play Store,good,5,2026-07-25T18:30:03,0
13e195ec-2e73-410d-a5a0-8bff8a9ff96d,Play Store,nice app fast delivery,4,2026-07-25T18:29:23,0
6228a590-6654-47be-ac65-077d7fcee9c8,Play Store,very nice,4,2026-07-25T18:28:54,0
cbb670b0-843d-4c03-a7b0-34ffa64c9db9,Play Store,good,5,2026-07-25T18:28:34,0
c06c097d-e3bc-49f9-a6c9-934c3bf08880,Play Store,Excellent,5,2026-07-25T18:28:16,0
ff7131d9-26e0-4721-bd2c-2f37aab3f69d,Play Store,good for order,5,2026-07-25T18:27:11,0
4962dcb0-d6fb-4c59-875d-207feadd208d,Play Store,not deliver to Jharkhand,1,2026-07-25T18:26:57,0
62183751-fd89-47df-bf13-b7f87c4bbbb7,Play Store,nice,5,2026-07-25T18:26:51,0
f0aeeeb1-91a9-4095-9a26-c4fd24e6b238,Play Store,very nice,5,2026-07-25T18:25:47,0
c6221df0-fec1-48ea-bf75-d7e8a3324785,Play Store,good,5,2026-07-25T18:25:09,0
dd17c28e-a39a-4289-8853-b6659a9bbb42,Play Store,ok,4,2026-07-25T18:24:21,0
be46ad04-f535-4956-80ed-6416429d5636,Play Store,super blinkit,5,2026-07-25T18:24:01,0
e223f0dc-d287-47a8-a31f-ed2c69ed46bf,Play Store,good,5,2026-07-25T18:23:38,0
d7e93056-18bb-4d7d-85d3-4215341d5ae9,Play Store,customer care facility on this app is very poor / Bad,1,2026-07-25T18:23:12,0
2166ae78-d016-4695-a8d5-66a337727e10,Play Store,"fast delivery, great app for last minute shopping 😄 free delivery on orders above rs 160 or more",5,2026-07-25T18:22:19,0
a0ff764d-1ef7-432e-8d62-27faef9e6b53,Play Store,not much offers,4,2026-07-25T18:20:42,0
132fc725-5fc6-4f7a-8706-d82f8e20a872,Play Store,thank for delivering on time,5,2026-07-25T18:20:36,0
510ebf8e-ac50-435b-aa07-07a9c667abcd,Play Store,good 😊,5,2026-07-25T18:20:26,0
35846903-b8e6-4e58-b5a3-c31a5957daf4,Play Store,good,5,2026-07-25T18:19:02,0
55c852b8-3bd2-4778-9877-fc8893fb49d7,Play Store,Rates are high,4,2026-07-25T18:18:42,0
b44c5b8a-9530-48e8-89bd-4f8de4dd650f,Play Store,gud,5,2026-07-25T18:18:34,0
6156bad9-a204-4725-a55d-4872b8e18bb8,Play Store,exllent service,5,2026-07-25T18:18:28,0
e5a09c7f-24b1-4222-871e-5618aff2f0c1,Play Store,they always diliver my order anywhere else,1,2026-07-25T18:17:32,0
652531e0-7f33-41dd-be29-a51c6ef3a227,Play Store,Good,5,2026-07-25T18:16:57,0
5807812e-d954-45fa-9908-a8685561f3d9,Play Store,good,5,2026-07-25T18:16:56,0
1b095d31-c8cd-4f55-9be8-313d07966242,Play Store,good,5,2026-07-25T18:13:06,0
b7aafa70-dbfc-498a-88ef-551b7db059eb,Play Store,Really Helpful,5,2026-07-25T18:12:50,0
78d13bb7-87a8-44c3-aeb2-25714a8cd2fd,Play Store,i really love this app ♥️,4,2026-07-25T18:12:21,0
46ed1dc0-67e1-4221-bc41-11b9bb664723,Play Store,"Fast delivery , Good products 😜",5,2026-07-25T18:09:47,0
f9b13c87-5469-4e36-8cf4-c9d9d190f4b4,Play Store,not gonna lie but in kishanganj I didn't expected blinking to come in this because kishanganj is very small but 4 stars is decent very very good app 👌 👍,4,2026-07-25T18:09:35,0
f936cdd5-e001-4a8b-b572-97bd100322a8,Play Store,gud,5,2026-07-25T18:08:46,0
1d87882d-ab8d-4539-8414-c8cdb0fc423f,Play Store,ok Mm,5,2026-07-25T18:07:47,0
ab15e7b6-4fd5-48bd-beed-a05e3a1c6780,Play Store,best,3,2026-07-25T18:06:10,0
fc563742-c713-49f8-b0f7-75d9283aeda4,Play Store,awesome product,5,2026-07-25T18:05:41,0
d3cfa58d-5345-4492-94f1-ed4d43072d70,Play Store,very nice,5,2026-07-25T18:05:17,0
acc0c23c-23ec-4c73-89f0-46f8995d4714,Play Store,very good,5,2026-07-25T18:04:49,0
5ad254f5-0ce0-4668-8257-d59d8d40511c,Play Store,all fake products and tampered expiration dates,1,2026-07-25T18:04:15,0
ccf14b6a-8f61-4117-b201-f3d03499cac6,Play Store,good service,5,2026-07-25T18:00:28,0
776775c4-2d18-427d-b703-c360dee70f4c,Play Store,I love to use this app 😀☺️,4,2026-07-25T17:56:49,0
30db26bd-415c-4bf1-bbb1-d56721f98398,Play Store,Good,5,2026-07-25T17:56:41,0
d09af622-1bf6-42a0-9c1b-fb313338079a,Play Store,cant pin point the location,1,2026-07-25T17:56:08,0
1aacd42c-4342-414b-a4dc-26477a03bc75,Play Store,good,3,2026-07-25T17:55:39,0
19e95e10-cfa3-4cdd-b71e-a43d108e42df,Play Store,perfect app for your useful items to order,5,2026-07-25T17:51:28,0
daf7abfe-d304-44e5-89ac-ec854c132d11,Play Store,very very very bad and poor service.delivery partner is not call pickup.bad service,1,2026-07-25T17:51:09,0
733cfeb0-4bda-4ab2-b0a0-2aa1700e39f5,Play Store,good service,5,2026-07-25T17:49:51,0
6341382a-7253-4265-986f-8d72eba3386c,Play Store,It is amazing for people who can not go out or have problems . and this app delivers every thing on time no complaint.,5,2026-07-25T17:49:24,0
6af3bf08-8547-4e38-99c6-5d628d03dd90,Play Store,"worst product suppliers I got spilled products 2 but blinkit wisely offering refund for one product, what kind of a customer support, it's very serious issue and had to deal via consumer court",1,2026-07-25T17:49:17,0
44b5b5cc-b76b-447c-8b41-46cc4057b196,Play Store,super,5,2026-07-25T17:43:42,0
36eca7b9-1717-438c-b398-ccd064a44dbe,Play Store,best,5,2026-07-25T17:42:51,0
af78b7c3-d4c0-4c02-9f04-7261ee37efc0,Play Store,good service,5,2026-07-25T17:42:50,0
63c0b6f0-94d2-4d1c-b157-f7fb5b88fadc,Play Store,it's my last minute app 😭🙌,5,2026-07-25T17:42:34,0
85c7f772-e659-41cf-bfed-103f8f15e4b3,Play Store,👍,5,2026-07-25T17:42:03,0
3d26fc47-c164-44b9-87e3-859feb8a7815,Play Store,good 👍👍 Nice,5,2026-07-25T17:40:35,0
0ea2474a-2961-4d47-8376-c97224f18307,Play Store,good,5,2026-07-25T17:39:22,0
3b88d8ae-88c0-4cfd-b273-957b16dd2d6c,Play Store,good,5,2026-07-25T17:36:41,0
6ca97e31-4624-492b-ad95-6b89e72b67dc,Play Store,Hassle free,5,2026-07-25T17:35:57,0
6f5ad83f-6f11-4ad3-a6ce-89c18e4d147a,Play Store,good service,5,2026-07-25T17:35:28,0
3d571b5f-73d5-4876-bb3f-65ba600707c7,Play Store,good,5,2026-07-25T17:34:21,0
049668bf-4eb6-42e0-9ac2-a2cf7ec76acb,Play Store,good response and your fast delivery activity,5,2026-07-25T17:34:19,0
6fe47775-b4c9-4118-93a6-80d2c4a8c229,Play Store,very good after sale service and product,5,2026-07-25T17:33:57,0
053dc348-bd50-437e-b275-dd969fafcf6b,Play Store,good service,4,2026-07-25T17:32:25,0
ed8e77d1-c760-4da4-b3fc-7e3f8a42d537,Play Store,need to click at least 20 times for accessing the search bar... new technology?,1,2026-07-25T17:32:21,0
d296a362-3103-4579-b50e-3361bdd8fda2,Play Store,Great!,5,2026-07-25T17:32:05,0
6e5ca54f-f92c-4f48-8963-192d58c34963,Play Store,very very bad 😞😞😞😞😞 my cash in vast,1,2026-07-25T17:31:26,0
f728d6bc-69f8-4be3-995c-91374a3d04c2,Play Store,take it easy not bad and also not good this app was take it easy,4,2026-07-25T17:31:07,0
f72e428a-da9b-470f-a185-007d6ebde8c5,Play Store,very good app for recent works,5,2026-07-25T17:30:13,0
fb395bf9-b4c3-43d2-985d-a97bfe7b56b7,Play Store,good,5,2026-07-25T17:29:20,0
eb83e67e-0342-49f1-9aa6-6100999b105d,Play Store,super 💯,5,2026-07-25T17:28:23,0
7bf24f1e-5468-4494-9b87-b3ef4495e785,Play Store,nice,5,2026-07-25T17:28:16,0
1ec494f1-4d26-43f9-a9d8-a04bb5934043,Play Store,nice,5,2026-07-25T17:27:36,0
05b2fa78-f025-446b-a8dd-767a795372f0,Play Store,nice,5,2026-07-25T17:27:17,0
b242ded4-18da-4337-a177-617015b3c386,Play Store,nice very nice ☺️,5,2026-07-25T17:26:23,0
4376f45b-dadf-454b-a4a3-1c9261dbec48,Play Store,please make a broad network. even for railway passengers also needs your service. otherwise nice,5,2026-07-25T17:26:17,0
c0bc36ba-b23e-4297-bb91-ea9edf170d13,Play Store,nice,5,2026-07-25T17:24:57,0
8c95c0ad-2ffd-426e-a0ae-d57c82aa351e,Play Store,Got defective product.....they won't even give me a replacement......just a waste of my money.....really unhappy with the experience..👎,1,2026-07-25T17:22:01,0
cd0ee54c-e84a-49de-9bd3-4fb53499c76d,Play Store,👍,5,2026-07-25T17:21:34,0
2f8a7f5d-c854-4bdd-83c5-52494201ce27,Play Store,I receive my order on time,5,2026-07-25T17:20:37,0
c8105b48-5512-402a-9ef0-ebe48d9ccdd6,Play Store,super fast dilivery.... 😊 so happy to have this app,5,2026-07-25T17:19:30,0
a85c76da-d91b-4de4-98a1-edb1e1f9171f,Play Store,very good service,5,2026-07-25T17:18:16,0
9ffbc77e-0d4e-4f84-8127-bae7d95bce6c,Play Store,handling charge is more,4,2026-07-25T17:18:02,0
c25655dd-3ce8-484c-be3b-724104fec54a,Play Store,Good,5,2026-07-25T17:17:47,0
5755b39d-65e9-4755-8491-5683dc0cacad,Play Store,Service is good.They give items fresh only problem is that they take delivery charge but it says free delivery,3,2026-07-25T17:16:19,0
f4674173-8ec3-4b2b-93d4-3cb969f13dee,Play Store,on time,5,2026-07-25T17:14:38,0
d13b3f94-4737-4df1-8cfc-722fa53610fa,Play Store,"nice ,fast delivery in rain ,too",5,2026-07-25T17:14:26,0
19e59510-d4ca-442f-aa2d-8b8378187294,Play Store,ok,3,2026-07-25T17:14:26,0
e7606209-624b-4b96-a7d8-39a1ad84297b,Play Store,my order orijnal good quality product delivered on blinkit thanks blinkit but after the delivery my first order you raised the threshold for free delivery from rs 99 to rs 149; this isn't right.,5,2026-07-25T17:14:15,0
4ccd20d4-f5e2-40ef-b8cf-08100f478153,Play Store,Good,4,2026-07-25T17:12:12,0
eb7d934a-8808-491f-a418-1299d9f41699,Play Store,item missing from order...paid online already....but there is no such option in app to register this complain,1,2026-07-25T17:11:24,0
6fd136d5-acfb-458a-b9c0-073ae34568e7,Play Store,send good quality,4,2026-07-25T17:11:04,0
3d24f86c-ff35-4c19-965c-a72e1c2e33ca,Play Store,good app helps alot,5,2026-07-25T17:09:56,0
a5ac050c-d013-45da-be53-fb704994e23a,Play Store,it is good easy to orderand very punctual . lovely,4,2026-07-25T17:09:08,0
1f22fc3e-3baf-4662-8ece-ae603739e2a9,Play Store,"⭐⭐⭐⭐⭐ Excellent service! The delivery was super fast, the products were fresh and well packed, and everything arrived exactly as ordered. The delivery partner was polite and professional. Very convenient and reliable. Highly recommended!",5,2026-07-25T17:08:14,0
4832b857-861c-4859-9a2c-35d84eddeeb4,Play Store,good app,5,2026-07-25T17:07:38,0
1e944767-5631-4035-b2b4-30f2c969f38f,Play Store,Excellent....🌿,5,2026-07-25T17:02:24,0
6cb44cbd-8ead-4ac1-a6a1-2d1f21d134cc,Play Store,Good,5,2026-07-25T17:00:37,0
2c0b795b-7d72-493c-b13f-4dcdc8dc0e9d,Play Store,"Prices are the same as Market rates and honestly, sometimes i can buy things which I can't find in market and that makes blinkit way better in my eyes. i like it.",4,2026-07-25T16:59:22,0
ebea0987-39a1-4ca4-b241-3720b5f02618,Play Store,good,4,2026-07-25T16:58:05,0
13a89f88-2950-4486-b1ab-ffe3470f2b8e,Play Store,always too late,1,2026-07-25T16:56:36,0
f24c0e02-b1a9-4d5a-84b4-1dea133206fe,Play Store,i receive completely melted ice cream and support refuse to give me the refund.,2,2026-07-25T16:55:29,0
907225d3-422f-457d-9881-9af0ee89a64a,Play Store,very poor delivery l found 4.48 pm,1,2026-07-25T16:54:24,0
7e187f3d-894a-41ed-b49a-77aa2f8f2e49,Play Store,good delivery,5,2026-07-25T16:54:03,0
a31c261a-af07-4cf9-adc7-421251920b03,Play Store,good,5,2026-07-25T16:53:39,0
8d9d01ff-994a-4ca5-9dd8-d1583398c752,Play Store,👍,5,2026-07-25T16:53:14,0
eac22090-edc2-4a5f-958d-7e63395684a1,Play Store,Little bit costly when I compare to other platforms,3,2026-07-25T16:51:32,0
4539a09f-c223-4312-ab24-9176b2461968,Play Store,"fast delevery, good service",5,2026-07-25T16:51:29,0
e152e1a4-1000-4afd-909b-7cc8a5793956,Play Store,very good service,5,2026-07-25T16:51:22,0
4e33c971-69ba-443d-bb35-dfe3792c83c9,Play Store,I was trying to pay using Amazon pay balance but after adding the wallet it shows incorrect amount,2,2026-07-25T16:51:03,0
ddd7e911-af75-4d71-9d26-85980530a64d,Play Store,good 👍🏼,5,2026-07-25T16:50:39,0
1f05c233-8e04-4441-8d91-9c3e8afa882b,Play Store,good,5,2026-07-25T16:49:09,0
d468ea5e-6e2e-401b-81a7-781ca6227edd,Play Store,it's awesome,5,2026-07-25T16:47:28,0
4b25aa0b-4ceb-4caa-9879-747442f41100,Play Store,this is Nice app,5,2026-07-25T16:45:21,0
ce8ebc1f-9c7f-4ade-9c1a-238c43dc6d03,Play Store,good n best service 👍,5,2026-07-25T16:45:15,0
1b2b3b70-a102-4089-824d-e72748781a49,Play Store,good,5,2026-07-25T16:44:55,0
d747ae4e-389e-43a8-884e-6e620c3aca96,Play Store,good,4,2026-07-25T16:43:11,0
c47b65d4-1082-4c4c-b535-638b885a4987,Play Store,your delivery boy put tofu in his pocket kya is ke pas bag nahin hai,2,2026-07-25T16:41:45,0
5679ec39-bed8-46c3-a021-48860e0455d0,Play Store,very good 👏,3,2026-07-25T16:41:02,0
8fe0e9ed-828d-414e-87b6-6d840935d8ec,Play Store,niceaa,5,2026-07-25T16:40:13,0
58471634-0f59-4ee8-9f19-c53836ba79e1,Play Store,payment page issues with Amazon pay.. no discounts,1,2026-07-25T16:40:10,0
d6601a82-afb0-494c-b142-8bc7dfc490ed,Play Store,excellent,5,2026-07-25T16:39:32,0
96e2b9db-1fe8-40c6-9cfe-7f0e928a7c02,Play Store,"got wrong item, even shared the pics of no sealing traces to package yet the support team said it was packed. no checking with ware house no check on delivery boy. just closing the ticket even if someone raise it first time after hundreds items in past.",1,2026-07-25T16:38:39,0
cac19d57-5e4e-4e61-b55a-295d0668d88c,Play Store,good,5,2026-07-25T16:38:07,0
116b2b71-4c07-4986-99d4-4db3e8a36049,Play Store,great app and great service! 👍🏽,5,2026-07-25T16:35:56,0
ab34bf11-5f6f-4895-a01b-b156a5e3d626,Play Store,fast delivery,5,2026-07-25T16:35:49,0
bdac8ca3-0ccb-4c40-bed8-259cc605538f,Play Store,one of the best apps in the market when it comes to delivering items fast and also the interface is very cool and easy to understand unlike swiggys,5,2026-07-25T16:35:16,0
5a845ff4-0eb1-483b-a394-76a549f356e4,Play Store,good,5,2026-07-25T16:34:35,0
b36c67d6-32b8-453a-a979-eb8f31017399,Play Store,good,5,2026-07-25T16:30:36,0
b4be4d31-77fb-4fdf-93fb-81115e39dcf3,Play Store,item range very high,4,2026-07-25T16:30:12,0
b6eced1f-84d0-4317-b196-ea2794419416,Play Store,so much delay,1,2026-07-25T16:29:04,0
5c6b3ae9-32dc-44ca-b854-08d3b61ee59e,Play Store,I search any item and add to card and going to select the purchase and a select cash on delivery and the app is not available on cash on delivery,1,2026-07-25T16:28:50,0
f90cece8-a7e2-4dfe-bd2d-9bba50d84a6d,Play Store,I like this app😗,5,2026-07-25T16:28:14,0
186662cb-9c1a-4190-8450-b8b820c9328e,Play Store,good,5,2026-07-25T16:26:53,0
a6c133e4-36af-4ad7-861c-72b14c6a6abe,Play Store,bhut,5,2026-07-25T16:26:49,0
b07461bd-a933-4e66-9bc9-ded75ccfc7d4,Play Store,super delevry,5,2026-07-25T16:26:26,0
077f5f75-5ca0-4dbb-8486-d6a0ff191346,Play Store,best,5,2026-07-25T16:25:15,0
cf3a9d9e-7b9f-44d5-bc35-c65640630b18,Play Store,amazing,5,2026-07-25T16:24:44,0
c72154dd-bdf9-4272-b02f-fa49e9be310c,Play Store,price high h,3,2026-07-25T16:24:20,0
a38c083d-7a89-4cf3-8171-9c77351dada2,Play Store,super 👍,5,2026-07-25T16:23:17,0
2d4349ea-7e12-4e44-8f2e-19c6ad789a4f,Play Store,nice,4,2026-07-25T16:23:04,0
e56b2a31-aa41-4d49-b0ba-7b841ac3e5a0,Play Store,good service 👍👍,4,2026-07-25T16:21:52,0
a872e96c-af18-491d-b32f-16c40f18d672,Play Store,usefull,5,2026-07-25T16:21:43,0
fb87e923-27f6-4e83-a49e-efd5187036b2,Play Store,good,5,2026-07-25T16:21:05,0
68f67762-b71d-470b-830c-81bff42b350e,Play Store,very good service,5,2026-07-25T16:20:06,0
8dc7a5b3-6af5-4802-bd93-f71174b9ac43,Play Store,good,5,2026-07-25T16:19:02,0
465a82aa-c15b-4e26-a448-03400470372b,Play Store,good,5,2026-07-25T16:16:37,0
6e4b021d-4af7-4ede-839a-d0e0b7989226,Play Store,service is very fast and good response and blinkit is good app . Thanks,5,2026-07-25T16:16:37,0
d28d4109-eeba-47ca-aa49-f11e7d5a2e71,Play Store,"in other states I have used Blinkit almost everyday , and if I have placed an order by mistake option was there to cancel the order but in ranchi very disappointed. I asked to cancel the order within a second but they didn't . very disappointing.",1,2026-07-25T16:14:14,0
1273a147-8c34-4c6d-9d33-672db677b58e,Play Store,👍👍👍,5,2026-07-25T16:13:14,0
acc15a7b-3072-4fbd-8777-ea27cf43068b,Play Store,thank you blinkit,5,2026-07-25T16:13:07,0
b204bc4a-b069-4350-948d-b99e8bf21f74,Play Store,nice humanity five star ⭐⭐⭐⭐⭐,5,2026-07-25T16:12:40,0
f3f3ab3f-a235-4876-9d73-7d8ff1f57208,Play Store,excellent and very helpful,5,2026-07-25T16:11:43,0
a12b540f-01a3-4613-9eb5-07e27e60d4fb,Play Store,good,4,2026-07-25T16:11:19,0
1d6bc651-d7f3-4623-a806-28d7a13b263b,Play Store,good,1,2026-07-25T16:11:10,0
c0d7fc55-da7c-42f4-8fa2-462f77634b99,Play Store,good,2,2026-07-25T16:10:39,0
0e91a819-6f3f-4c64-a27b-0c6c7bf90cc4,Play Store,good,5,2026-07-25T16:09:11,0
cc0a7f71-1345-4303-b0b3-d1666e63d1e1,Play Store,does not show accurate information about delivery partners and the customer support team never help,1,2026-07-25T16:08:52,0
923f53a8-9f5d-410a-a947-c7ab3fe3d360,Play Store,nice,5,2026-07-25T16:08:22,0
508dfcc8-8738-4553-bc0d-5a8152def621,Play Store,nice,4,2026-07-25T16:05:36,0
900d7898-dcfb-466d-bbef-955e769fb583,Play Store,vegetiable and fruits are not giving quality and qty also ...as compaired to giving costing ...rather than service is ok and also other packing item should be ok as my experience,2,2026-07-25T16:05:11,0
09e008d7-b677-42fd-887d-fdf7c67607ee,Play Store,bed too late for order delivery,1,2026-07-25T16:02:34,0
6fadf9d6-fd7e-41b0-8b2b-4d14f127412d,Play Store,nice service 👍♥️,5,2026-07-25T16:02:28,0
89d435c8-9269-4f6f-b3ee-2faf403cc5a8,Play Store,nice,5,2026-07-25T16:01:52,0
00be430a-6f40-46fc-83f7-a296f7770dda,Play Store,the customer support is WORST!,1,2026-07-25T15:58:46,0
d2faec1b-7362-4b4e-9610-50fd097e1ddd,Play Store,"""Outstanding service! The products are always fresh and top quality, delivery is super fast, and the delivery partners are always polite and well-behaved. Highly recommended!""",4,2026-07-25T15:58:19,0
fc29b97b-abb2-4b32-b775-a413d76f770d,Play Store,worst app ever,5,2026-07-25T15:56:26,0
72675c45-180d-4ba1-9d9a-75e04b6b67d0,Play Store,good,5,2026-07-25T15:56:07,0
772f447c-9d90-4431-8b1c-7a3ed233456e,Play Store,best for daily use products,5,2026-07-25T15:55:45,0
5d4ef998-1234-474c-8688-70a6f47b26b7,Play Store,Good,5,2026-07-25T15:54:40,0
abe6cdd2-9ad9-4f2f-98af-b8ce967f0f06,Play Store,good,5,2026-07-25T15:53:38,0
7facdab3-04ab-4ae9-bc1a-c11597e74844,Play Store,Nice,5,2026-07-25T15:53:11,0
ec25711f-4920-4e66-8b25-14b088d67cda,Play Store,good 😊.,5,2026-07-25T15:52:17,0
58c5ea61-c590-4399-b1e2-7f863f8d2b28,Play Store,nice 👍,5,2026-07-25T15:51:38,0
bfafe96a-818f-4406-9f92-a86c38d81d1b,Play Store,nice,5,2026-07-25T15:51:23,0
04fe0489-bbd7-4a60-a31b-fa350b0e4ae4,Play Store,excellent 👍,5,2026-07-25T15:51:08,0
4aaf0ccf-9655-48c7-8ad9-2da025ac8e8d,Play Store,fast delivery,5,2026-07-25T15:50:14,0
22cc0efa-e130-43a1-a3e7-29cbad91ed0d,Play Store,"Very disappointing experience with Blinkit. I ordered a product worth ₹97, but the final bill became ₹172 because of multiple extra charges - ₹5 handling fee, ₹20 small cart fee, ₹30 delivery charge, and ₹20 tip. what is this??????? These additional charges almost doubled the cost of the product. The pricing doesn't feel transparent or customer-friendly. Blinkit should reduce these extra fees or clearly justify them before checkout.",1,2026-07-25T15:50:07,0
0840459b-fcbb-47cf-a3bc-aefa6485a1e2,Play Store,such a nice app for Marketing purposes,5,2026-07-25T15:48:05,0
e9ed332a-44a4-43a3-962d-f5b72effd3e2,Play Store,good,5,2026-07-25T15:47:17,0
6f593e48-6a08-496f-980e-b99b088a02c0,Play Store,best,5,2026-07-25T15:46:45,0
24381ba3-2af7-4753-ab3d-0bcabf7caeb0,Play Store,thanx.....,5,2026-07-25T15:46:26,0
fcd505b5-b667-48fc-8991-72f0ba365422,Play Store,good,4,2026-07-25T15:46:12,0
0ba7891a-ca74-4c69-b091-7039bc2be043,Play Store,it was nice but it is very expensive,3,2026-07-25T15:45:30,0
6f596570-8f5f-459b-9231-c49a9c527214,Play Store,yes I think,4,2026-07-25T15:44:09,0
f8473109-1983-45f7-83f2-cb892ec136f9,Play Store,super 👍,4,2026-07-25T15:42:08,0
96176fca-c9ad-4c9a-9c87-fed91ebda670,Play Store,shame,1,2026-07-25T15:41:52,0
273872bd-1754-4da3-be7a-d76566d7624d,Play Store,nice service,5,2026-07-25T15:39:58,0
aa78fd35-ac49-4100-9bdd-197633b8ec30,Play Store,Good,5,2026-07-25T15:39:27,0
2cdb1394-5e8c-49a2-9786-83aede09ca5a,Play Store,good service,5,2026-07-25T15:39:12,0
4d2d3643-927e-49b7-b09a-b538116b8f1a,Play Store,very good app,5,2026-07-25T15:36:19,0
eb4971fe-9b03-49d1-8e69-9210794bbe17,Play Store,good,5,2026-07-25T15:36:19,0
e4ef69e1-7a9d-4f99-af6e-8b30d6af5597,Play Store,good,4,2026-07-25T15:33:34,0
c765503e-50e2-4196-b740-a94d74db3141,Play Store,superb,5,2026-07-25T15:31:48,0
17dc196e-445a-42de-ae2c-9fbfa3072981,Play Store,good,3,2026-07-25T15:31:21,0
7a58d9b8-9beb-4983-a036-dc3215ec555c,Play Store,very nice aapi like this,5,2026-07-25T15:30:58,0
45e80870-b58c-426b-83c7-01cb2aac306c,Play Store,"there is no room for quality service at the basic level. 1.)the dairy products are lieing on floor & delivery boys are stepping over it & the same unclaned, unhygienic pvc packets are dumped in a single brown paper bag & delivered. 2.) the products food,dairy,toiletries,cleaning etc. are mixed in a brown paper bag to cut cost & dumped to the customers. 3.) india needs more competition for any business to get quality products or premier, ambassador cars monopolised market for more than 50 yrs.",1,2026-07-25T15:29:12,0
f94ef550-fa03-4bd1-9f6a-6fc389d962d7,Play Store,താമസം ഇല്ലാതെ ആഗ്രഹിക്കുന്ന സാധനങ്ങൾ വീട്ടിൽ കിട്ടുന്നു. താങ്ക്സ് ബ്ലിൻങ്കിറ്റ്.,5,2026-07-25T15:28:59,0
a850cee4-33a7-4978-a298-639dd5e0e9bc,Play Store,good,5,2026-07-25T15:27:17,0
007405c1-3ec8-4f54-a3e9-7900173a54be,Play Store,Lifesaver for essentials.,5,2026-07-25T15:27:04,0
75c50257-83d4-48c7-8e21-ca177ab410d6,Play Store,good..worth it..sav time...,5,2026-07-25T15:26:55,0
ae99c705-3a48-4824-865e-080074139931,Play Store,good,5,2026-07-25T15:26:41,0
ed7606bd-1bc0-4e66-9830-f3b32fab298f,Play Store,"​Absolutely loving the Blinkit app! Orders always reach on time, items are fresh, and the whole process from ordering to delivery is completely hassle-free. 10/10 service!😄❤️",5,2026-07-25T15:26:34,0
e06475f8-e1ca-427e-a36b-0e735dd380c9,Play Store,good 👍🏼,5,2026-07-25T15:25:54,0
aee36bc1-d815-466a-b00e-765e530f22a8,Play Store,excellent fastest delivery,4,2026-07-25T15:24:01,0
021595e4-96a3-462d-bda0-c95a6e92a9ef,Play Store,very good,5,2026-07-25T15:23:49,0
138d233a-ff01-42cb-a6dc-a1e5bf3d22f4,Play Store,worst platform,1,2026-07-25T15:23:30,0
db5c613a-a61d-4e1f-85d3-123e3891499b,Play Store,best,5,2026-07-25T15:22:15,0
7ed1912e-b4be-4d82-810a-4b49eda15db1,Play Store,Very good app,5,2026-07-25T15:17:18,0
b554b323-c1c3-40cb-a527-d260fa76fe57,Play Store,really good fast delivery,5,2026-07-25T15:16:46,0
9faee82f-747a-420f-9476-319466259e94,Play Store,best online delivery app,5,2026-07-25T15:15:47,0
6b04b622-fb5b-48ac-8b66-562cac376566,Play Store,best platform,5,2026-07-25T15:14:26,0
94e17bd5-ca1f-470d-af18-0266fc50fb32,Play Store,good👍,3,2026-07-25T15:12:30,0
d4f1718e-5900-42c2-82d8-d37efb326c14,Play Store,fake promises,1,2026-07-25T15:11:53,0
79bc484c-e679-44ae-9e31-023fd11530c2,Play Store,excellent work,5,2026-07-25T15:08:47,0
6568dc1f-b1f7-4bae-b58b-469bedcc033d,Play Store,Best aap,5,2026-07-25T15:08:31,0
c1dd64f4-7497-46cc-967c-e32a158bc1ff,Play Store,good service,5,2026-07-25T15:08:05,0
4a82318d-abed-435b-a24c-b07790a2f10a,Play Store,"Blinkit delivers in just 4 minutes!""",5,2026-07-25T15:07:43,0
69c8dd5f-17ca-4948-bc3c-a9332b37d67d,Play Store,best last minute app,5,2026-07-25T15:07:00,0
eefc10e5-058c-44d1-8e8b-399d2ce685c0,Play Store,great,5,2026-07-25T15:06:23,0
4d1e2cf9-9902-496c-83be-3cf734663379,Play Store,Address saving problem. please check it,1,2026-07-25T15:05:10,0
b2663e1b-315c-43d2-a065-d2750cf1a0fd,Play Store,very good service,5,2026-07-25T15:04:32,0
a9e52f37-3a76-494e-8c36-4eee38f3b3f5,Play Store,very giud,5,2026-07-25T15:04:24,0
e81a37a4-1cc2-4563-8b73-c2bd16c7d1b1,Play Store,Good Super app for ordering within minutes at all locations,5,2026-07-25T15:03:44,1
a88dd01c-a80a-4a3a-8cf0-d3f75c76b2f6,Play Store,reduce cost and give more discounts,4,2026-07-25T15:03:09,0
d9b102ae-cb73-4c36-86f0-cbb9718490b0,Play Store,good,5,2026-07-25T15:03:07,0
c212fb1d-b1b9-4779-aa4a-c374211a3e69,Play Store,nice,5,2026-07-25T15:01:53,0
61cbe233-53f4-4b69-a03f-0983fe1ce845,Play Store,good,5,2026-07-25T15:00:46,0
d2a3bd73-5297-41f6-bfa0-86afb19e570c,Play Store,it is very best,5,2026-07-25T14:59:03,0
b324a9ed-9958-4090-941d-06861ee37b14,Play Store,best,5,2026-07-25T14:58:13,0
bc87c136-2dd5-4a9b-8f2b-e31df74d37cc,Play Store,very best suvidha h,5,2026-07-25T14:57:52,0
56e2cbf4-7a4f-4398-81c3-8c0c88a3c4aa,Play Store,good,5,2026-07-25T14:57:14,0
6e8107e3-589c-478d-899b-7c53a4b57fe9,Play Store,Best,5,2026-07-25T14:54:06,0
9ca2aed4-64e2-4c58-b70b-c76157cd59eb,Play Store,superb in Indore...,5,2026-07-25T14:53:18,0
ac9e5098-8a65-44e5-b3aa-b7f533ce4900,Play Store,good option for best price,5,2026-07-25T14:50:13,0
e54434ee-e90e-41cd-a39e-c2281f67f32e,Play Store,nais,5,2026-07-25T14:50:08,0
75b8cda3-48d0-4b72-af98-9f538852d99d,Play Store,too good 💯,5,2026-07-25T14:49:22,0
859a3e16-3058-42cf-ab42-0430ab2a5763,Play Store,good,4,2026-07-25T14:49:19,0
a4401797-aeb6-44de-a24a-6554c071df67,Play Store,This app is fraud. In electronic item they are denying me replacement even when company's own terms and conditions say 7 days replacement. They sent me very old and tempered packaging. Open and used. Taped with white tape instead of company packaging.,1,2026-07-25T14:48:45,0
fecf7952-0d42-4712-83d1-255c4a6ee14a,Play Store,good,5,2026-07-25T14:48:42,0
36d643b0-aebb-41cf-b79c-008e9311a00d,Play Store,very good delivery app I received every order in 9 minutes.... ❤️,5,2026-07-25T14:48:42,0
3f079c9d-e205-4e4f-ad11-743d3414f51c,Play Store,nice,5,2026-07-25T14:47:09,0
4f7be49b-dcd3-48a5-9f44-51769c8c80be,Play Store,some time the item's are not fresh,3,2026-07-25T14:46:30,0
9f88ad15-e2e3-4b82-95d4-7e7ad63ddb95,Play Store,way extra delivery charging . this is your👎,1,2026-07-25T14:46:03,0
4edc1fbd-3245-4d9f-a4b5-27e18f51e3a9,Play Store,cash option nhi aa rha h,1,2026-07-25T14:45:42,0
984780f2-d1ce-4c6e-b45c-e87af259b4bd,Play Store,best aap,5,2026-07-25T14:45:39,0
81e3ee12-5be7-4761-813e-924052a400d1,Play Store,nice,5,2026-07-25T14:43:50,0
2b4d4c10-874c-4fd9-9d63-c873841b99c6,Play Store,very good and helpful platform,5,2026-07-25T14:43:35,0
b3f142e8-cda3-4cd2-bb2e-ef1aff3f92e2,Play Store,fast service,5,2026-07-25T14:42:16,0
84398512-541b-46a7-9751-f333bd2c21a6,Play Store,good as per my experience,5,2026-07-25T14:41:27,0
ad571ee8-3ae3-49a1-ac1f-f6f66642f855,Play Store,Best apppppp,5,2026-07-25T14:40:06,0
59e2a6e7-5499-4042-83c9-a5563e10d35d,Play Store,helpful app,5,2026-07-25T14:38:57,0
d40d75f8-781a-4637-ae94-3f8b96193259,Play Store,Great system,5,2026-07-25T14:35:45,0
6eaebe07-14c0-4bb7-a746-ac88919a203e,Play Store,good,4,2026-07-25T14:35:31,0
7ac4a951-5969-4160-bc14-e8d762fe1130,Play Store,👍,4,2026-07-25T14:34:04,0
495784fb-b42d-424a-8efa-6fb8fb08010e,Play Store,they deliver item without packing box was already open and some items are missing still blinkit support asking that we have delivered items and already checked quality and declined request and closed without confirmation and consent don't place order they are one of scammer go for zepto or big basket,1,2026-07-25T14:34:01,0
79f7a370-4d07-4c99-b9f2-44da7fe02ae1,Play Store,bhut hi acha h,5,2026-07-25T14:33:07,0
6586d4cc-7545-4d6d-868c-7a15aadc7744,Play Store,Very fast and responsive service. The items are always well packed and clean. really great service,5,2026-07-25T14:32:57,0
8110610f-cf19-480d-b40d-8eedb970f7cf,Play Store,nice very,5,2026-07-25T14:31:46,0
dcc45e27-48b4-4946-99e0-cf9765b0302a,Play Store,good app,5,2026-07-25T14:31:13,0
9c07972a-c7f6-45ad-9e06-4dc0b072a9d0,Play Store,Good,4,2026-07-25T14:30:36,0
28073530-9a31-42c0-aaec-508425118262,Play Store,it sucks,1,2026-07-25T14:29:11,3
abfbbea4-dacb-4cce-bc95-6b6c408914ae,Play Store,good,5,2026-07-25T14:28:32,0
0700f408-519f-4a55-9033-2497ce31edf3,Play Store,good,5,2026-07-25T14:27:29,0
0340e9c2-3123-43dd-a182-cc57c8161c12,Play Store,best app,5,2026-07-25T14:26:49,0
f14f6552-770c-410a-af6b-2e27d9717d53,Play Store,to slow dilevry,2,2026-07-25T14:26:37,0
c68be9e3-6c55-4501-98c4-99e0400e7ad0,Play Store,nice very fàst,5,2026-07-25T14:20:53,0
33b86ec1-95f5-4948-8716-a7a22c20476b,Play Store,best,5,2026-07-25T14:20:48,0
4270497a-009f-45ec-9996-54c781833180,Play Store,this is a excellent app,5,2026-07-25T14:20:14,0
3e82f5d9-fe0a-4337-bff9-d3ccf4b6d46b,Play Store,"very bad the customer care is rude and nobody is willing to take accountability on the mistake they made (item missing) on my order, nobody is helping me and this is really frustrating now this is the 2nd time it happened",1,2026-07-25T14:19:09,0
2acfebb3-285d-495c-9b05-ff0752a0c8f6,Play Store,Good,5,2026-07-25T14:17:53,0
b8caa9f8-7bdf-4161-abf7-007751c97b0d,Play Store,very good and nice they deliver our order very fast,5,2026-07-25T14:16:57,0
a88da019-aa88-4ea2-b9a4-60aed049f60d,Play Store,excellant services,5,2026-07-25T14:16:57,0
aa2a41b7-1115-4b5a-85b6-1152a9a32ec1,Play Store,good,5,2026-07-25T14:16:49,0
224640fd-b5f4-46ff-9464-47232f6c031b,Play Store,nice,5,2026-07-25T14:16:41,0
33c5ffbb-17e4-41d3-8d9f-df9eed982b1e,Play Store,i love it,5,2026-07-25T14:16:28,0
abd93c3f-b019-4033-95b1-d65857233e45,Play Store,👍,5,2026-07-25T14:15:54,0
04eb4141-c89f-4050-9a97-2a313fbb4d8b,Play Store,good,5,2026-07-25T14:15:50,0
60cb7239-02e9-4cf8-9f20-262b71551761,Play Store,good,5,2026-07-25T14:15:34,0
f032b7ea-9365-4911-8c97-9054469436ef,Play Store,amazing experience,4,2026-07-25T14:15:26,0
df7bb12e-405f-4127-a28a-beff1a596a1d,Play Store,"my order cancelled, but money not refund and no customer care number for complain",1,2026-07-25T14:13:52,0
d3e30a43-5179-46a2-b25e-24505bad8a70,Play Store,best,5,2026-07-25T14:10:35,0
6f00b40b-3a97-4861-b4ea-999979678b49,Play Store,👍👍👍,5,2026-07-25T14:10:11,0
3d941afd-f48a-4a31-9bf6-0c685b37e1aa,Play Store,"mera blinkit wallet me balance h order karne par paisa nahi kar raha h sorry bol de raha h ,,",1,2026-07-25T14:08:54,0
a9b93f62-dc02-449d-8558-59470d5e7cfc,Play Store,great,5,2026-07-25T14:08:44,0
978f1bfe-2d6c-4e68-a1c6-cf076f0b67af,Play Store,good,5,2026-07-25T14:08:37,0
21b5f6e4-e337-44ba-83e6-36eb676b8396,Play Store,ok,3,2026-07-25T14:08:18,0
92866dda-0074-467e-8a40-590f02383b7a,Play Store,good,4,2026-07-25T14:07:47,0
fed21ece-aef0-464a-9606-012935e309e4,Play Store,good,5,2026-07-25T14:06:43,0
9159290b-6b0c-4c7c-a448-4935b4ab9dfe,Play Store,"Blinkit has increasingly become unreasonable with its pricing structure. Order checkout is full of extra fees—handling fees, high-demand surge charges, platform fees, and high delivery rates.",1,2026-07-25T14:04:56,0
cab4ce4f-b8ba-4409-ac0c-05d7460614c4,Play Store,"very fast delivery, may God bless you all who are helping us through blinkit. have safe drive",5,2026-07-25T14:04:45,0
c7f9fe2d-5ac4-431e-8959-5e8d4aac6307,Play Store,nice,5,2026-07-25T14:03:38,0
517bd089-9105-42d8-b348-708abfc09be4,Play Store,bast ph,4,2026-07-25T14:02:14,0
5b5a5a48-bb84-468a-8e64-4ad868710b66,Play Store,Good,4,2026-07-25T14:01:40,0
e40ebd1c-282a-405c-8e6f-5e80d1d13eb8,Play Store,best,5,2026-07-25T14:01:13,0
19a3e8d3-57ce-4944-997c-12530a1d8765,Play Store,kafi let delivery,2,2026-07-25T14:00:33,0
70231386-9fce-488a-8fa8-34970283c63f,Play Store,awesome app❤️‍🩹,5,2026-07-25T13:58:53,0
24edcb0b-a106-4292-b40a-7aec59397719,Play Store,nice,5,2026-07-25T13:56:03,0
5c86f848-a707-4fbc-b60b-5499c21a51bb,Play Store,best service,5,2026-07-25T13:55:49,0
a0aa2952-74b5-4c7f-82c5-9e12ec70b6d0,Play Store,so good 👍,5,2026-07-25T13:55:32,0
acbf76ba-f193-4fc7-85e0-3a14bc7bc5d2,Play Store,good,5,2026-07-25T13:55:09,0
0f7668c7-0254-4dee-b50d-d3f7c8266b91,Play Store,good,5,2026-07-25T13:53:28,0
f77d42af-8ef8-4081-8845-dc28dfed37ec,Play Store,its great full,4,2026-07-25T13:51:48,0
0c5e4d14-ec38-4475-bb20-b34ee0a49807,Play Store,very high rate,1,2026-07-25T13:50:55,0
587377ff-0aee-4e11-9549-ed82e3abdf2f,Play Store,this app is soo good..😀,5,2026-07-25T13:50:53,0
d9c369bb-14fd-4a60-b0d2-7c14b4209035,Play Store,blinkit is very good 👍,5,2026-07-25T13:49:29,0
0eb39519-1d5d-455d-bd85-07c3896de8e2,Play Store,good,5,2026-07-25T13:49:20,0
160f064a-75f3-48e7-9480-fcbf55d265d8,Play Store,best app thank u blinkit chhezein ghr tk ponhchaaney ke liye,5,2026-07-25T13:48:20,0
45143167-1a1c-4615-a0e1-622c5ed11172,Play Store,i like their pricing compared to other fast delivery apps and services and packaging was great but sum time they also make mistakes.,5,2026-07-25T13:47:38,0
60304904-ce42-429d-af5f-a19d7f905aa6,Play Store,niceeeeee,5,2026-07-25T13:46:03,0
dbdba9a9-19d6-4d5e-99a1-5c3e699f0366,Play Store,good service 💯%,5,2026-07-25T13:45:36,0
4ad3308b-551b-43b6-8136-bf00ee1072ee,Play Store,Amazing Experience,5,2026-07-25T13:44:41,0
2cf8fd86-3ba4-4987-a5d9-02b69360e392,Play Store,quick delivery before time,5,2026-07-25T13:44:36,0
2cc0a6ca-3594-49fb-b420-68abf6a1d5a7,Play Store,very good,5,2026-07-25T13:43:51,0
2b9308e1-76d6-4cb6-8b3d-72fabdd5199e,Play Store,good service,5,2026-07-25T13:41:58,0
1af859e9-d4b8-488d-a28a-778255c995d7,Play Store,it was very disappointing with the app even after saying the product is available they keep sending the wrong item and not even returning the money after refund,1,2026-07-25T13:39:45,0
e5f990f0-42d0-4a14-9065-a188c3ef5367,Play Store,good,5,2026-07-25T13:38:59,0
cc0af081-aa48-4879-8684-081a2032f8dd,Play Store,fast delivery services are good,5,2026-07-25T13:38:47,0
680e9f22-20ec-47ed-bc85-365b8142d1f7,Play Store,pethatic coustomer service,1,2026-07-25T13:38:29,0
f7b0969e-67ef-4a0f-934a-914b24d949ad,Play Store,okaay ok,4,2026-07-25T13:38:02,0
c867774c-1004-470d-8234-ce26f769fbfb,Play Store,time jyada lene lage ho aap log .. pehle 10 se 12 min me aata tha ab 21 min ya usse jyada main aata h,4,2026-07-25T13:37:22,0
ac097d07-0e25-4b61-a0e0-5e4aa2fda24d,Play Store,good,5,2026-07-25T13:37:10,0
96101b59-fe91-40f9-8a9f-f125d9880d4a,Play Store,"Wonderful app, very fast delivery, excellent quality products ❤️",5,2026-07-25T13:36:55,0
b70c9644-1acd-41ef-be56-26e3614cb5f0,Play Store,good 💯,3,2026-07-25T13:35:13,0
f01827d9-58af-404a-85c2-df35c72e3a12,Play Store,very fast delivy good job,5,2026-07-25T13:34:57,0
529330e6-b5c4-4096-beb1-84057c559579,Play Store,excellent,5,2026-07-25T13:33:52,0
56ff5aa5-0095-4f34-85d3-841b46df0629,Play Store,this app is very useful and easy to use,5,2026-07-25T13:32:13,0
b5889590-e0df-4d9d-a4fc-8e3f2a6e77d2,Play Store,super,5,2026-07-25T13:31:52,0
f1972237-6439-4913-a65e-cf36a5a770be,Play Store,please continue in the rain,4,2026-07-25T13:31:40,0
4b292780-2881-4193-9936-5ca216494c42,Play Store,excellent app,5,2026-07-25T13:31:01,0
5b1a7e6b-7f32-423b-aa8b-ab4bd6e7f94d,Play Store,ni🇮🇳,5,2026-07-25T13:30:05,0
1fa8da88-4959-41d1-abb3-ed84e691803d,Play Store,very good,5,2026-07-25T13:29:05,0
829394ba-3f3f-4922-a094-3be445b45613,Play Store,ओके,5,2026-07-25T13:27:23,0
f632ac24-650a-4226-951d-804cf86ebc10,Play Store,good 👍,5,2026-07-25T13:26:30,0
92603a31-0f78-46ca-abfa-0ea1a6d39662,Play Store,osm,5,2026-07-25T13:24:08,0
6d168ec2-5abf-4917-9d39-3419e85e3bf2,Play Store,very fast reply,5,2026-07-25T13:23:57,0
f6832de4-2b0c-442d-87a1-0456d61f157e,Play Store,nice 🤩,4,2026-07-25T13:23:57,0
f1ef88eb-cf27-4ff4-b943-5d591acddfc9,Play Store,it's really very good service. orders received on time without any hassle,5,2026-07-25T13:23:17,0
45226d83-ed13-4fc4-a235-7ee818c19055,Play Store,very good Service,5,2026-07-25T13:21:52,0
6cf32736-c812-4c83-8be2-a2099c2bc610,Play Store,"Good service, very helpful",5,2026-07-25T13:20:45,0
b6dd9e0b-5f44-4f94-aaac-24573badbbb5,Play Store,Very useful,5,2026-07-25T13:20:40,0
b44b0d3d-9673-40c0-9fd2-6764662f3d6a,Play Store,Good,5,2026-07-25T13:20:08,0
78872d54-9ee3-4eab-bcec-178c23334051,Play Store,very nice 👍,5,2026-07-25T13:20:02,0
47451d8d-2023-4dda-9ccc-d8bc7393ede0,Play Store,Good,4,2026-07-25T13:19:54,0
716a9fab-49db-40ab-95e8-a1f45ae679b0,Play Store,nice,5,2026-07-25T13:14:19,0
c56479e9-aa8a-4928-b94a-2ad201879423,Play Store,Good super wow good quality,5,2026-07-25T13:10:43,0
13cd8569-5371-449e-9302-bb926c48b4aa,Play Store,ankush kumar very welled staff thanku for helping us ✨😇,5,2026-07-25T13:10:12,0
d1d04bd4-a6d7-46a4-af56-acbe8c0ca838,Play Store,goog,2,2026-07-25T13:09:24,0
4ca5c9b4-a504-4483-935f-0ec7ef55d52b,Play Store,nice 💯,5,2026-07-25T13:09:18,0
e52749f9-b3ba-43ac-83a1-aeb45da8effb,Play Store,sab acha Thoda discount chahiye,5,2026-07-25T13:08:15,0
3840f2db-6743-4b15-827d-0b4e041dfcd1,Play Store,thanku,5,2026-07-25T13:07:12,0
ad1e93da-6ca6-43d9-91a1-9db761b62a6b,Play Store,very useful app it help me in getting grocerrys and all within minutes,5,2026-07-25T13:07:09,0
61774115-efd1-4d00-9af3-f2b583c79956,Play Store,"very poor service. only the option of return is given. but if once anything purchased, they don't return it nor they replace it. only they say sorry. so I don't recommend anyone to purchase anything from blinkit. 0 out of 10 to blinkit. jaldi hi blinkit band hone wala hai agar yahi krty rahe toh",1,2026-07-25T13:06:52,0
1c43ae55-7872-40b8-ac06-c41352706840,Play Store,Swift delivery,4,2026-07-25T13:05:02,0
0f81943d-7477-46c2-a790-39d08d683111,Play Store,faltu app,1,2026-07-25T13:04:34,0
0c38e4ee-0851-4011-b9c4-8e56b91b1650,Play Store,super fast delivery,5,2026-07-25T13:03:54,0
0a4d2e56-651d-478a-b77c-879aa766b383,Play Store,very footfull 😊🤗,5,2026-07-25T13:03:52,0
018cfd55-343b-4d20-a97e-03995412fb19,Play Store,nice collection of blinkit,5,2026-07-25T13:03:43,0
4e266a4c-8507-48b6-9402-6086bf31fb4d,Play Store,Service is very good and the staff is also very polite,5,2026-07-25T13:03:41,0
8bd15f9d-d379-4c36-85fd-f1abd8fa5628,Play Store,very nice,5,2026-07-25T13:03:11,0
25defea5-5d0b-49f6-ab09-bbf5ed4d46a5,Play Store,shame on you 😤,1,2026-07-25T13:02:49,0
af27350f-7f40-4dc5-b138-f0c3677a1ac8,Play Store,Best delivery service,5,2026-07-25T13:02:15,0
2f1b1f59-afc8-4dd4-81be-5103e5877e0c,Play Store,achcha hai discount bahut kam de raha hai,5,2026-07-25T13:01:48,0
a4d89711-f542-4cfe-810b-341028fbd20a,Play Store,nice,4,2026-07-25T13:01:25,0
baaed1b0-c3e3-4b8b-a792-e80ef6db78f4,Play Store,good,5,2026-07-25T12:59:50,0
fd0b8a7b-211e-479f-bf1e-3249cf6a0542,Play Store,good,5,2026-07-25T12:59:36,0
b54392ec-3c82-4610-969d-8afb9cb21101,Play Store,very helpful for home maker,5,2026-07-25T12:59:17,0
4194d1fd-57b1-4a1c-b624-67d4a4e6a7d5,Play Store,veryyyy good systems ❤️,5,2026-07-25T12:59:15,0
9f09b9db-e405-41fb-9351-b546e1bb711b,Play Store,best online app,5,2026-07-25T12:57:55,0
725241c1-a48d-4360-a31a-5cfcb41ed689,Play Store,excellent,4,2026-07-25T12:56:48,0
a94eb421-eeba-4be5-a538-bd56b6be7e99,Play Store,"really good,,,and save the time",4,2026-07-25T12:56:00,0
1f203279-ddc6-4cf0-9676-0c816108aa0b,Play Store,super,5,2026-07-25T12:55:43,0
367dd90e-cb18-4c13-a910-456dd58624b4,Play Store,great,5,2026-07-25T12:55:26,0
d4770266-56f4-4fea-8afa-c1142b1f4ae5,Play Store,nice app,5,2026-07-25T12:54:28,0
5906721c-3743-4285-a6f0-3f19bd80c936,Play Store,super 👍🏻,5,2026-07-25T12:54:27,0
852e8b89-4d54-4c18-b95b-797f27ab2dee,Play Store,gud,2,2026-07-25T12:53:46,0
02feddc3-a7c9-4034-a40d-a40effabbc3e,Play Store,it s 😊😊😊😊,5,2026-07-25T12:52:30,0
b1feb3a6-f1aa-482a-926c-af8e64b31ea6,Play Store,wow very fast service,4,2026-07-25T12:50:48,0
ee963d07-8809-4ff0-bfeb-045a12a2f305,Play Store,always come on time and always helpful,5,2026-07-25T12:49:58,0
3c60f56a-bc11-46cb-aafc-9b2f82a54b8d,Play Store,good,5,2026-07-25T12:49:32,0
e469c7fb-965b-4a6c-ad6e-7a5400a66b68,Play Store,worst app ever never delivered the product in time it's always late by 1 hr or 45 min refund procedure is not smooth not even coustomer support is helpful,1,2026-07-25T12:47:59,0
b32f6ee3-551b-43e1-8f40-4964143afc45,Play Store,good,5,2026-07-25T12:47:43,0
2c143873-58d7-4f2f-bd51-e54b56a08be3,Play Store,very good,4,2026-07-25T12:46:22,0
ffc27a21-864b-48f3-99e4-f94f2f89d4a6,Play Store,good service given,5,2026-07-25T12:45:13,0
8e146f7a-f345-4ca3-83e1-45e1b071f9d6,Play Store,expensive than other apps,1,2026-07-25T12:45:11,0
811f6213-64fa-4b98-8c29-694b77400ed0,Play Store,good,4,2026-07-25T12:43:38,0
3bb12ce2-766c-472a-ad9c-63dc13843109,Play Store,very good,5,2026-07-25T12:43:15,0
ffbae993-3f7d-4902-ac73-a6476e7dcf87,Play Store,good,5,2026-07-25T12:40:02,0
4b42d322-82ee-42be-bbe0-4d65f0392ead,Play Store,ok,4,2026-07-25T12:39:03,0
58f1d071-b506-4a73-a532-39d6f02957fd,Play Store,nice service 😊,5,2026-07-25T12:38:56,0
09411741-22f3-4b56-ab18-ed6f37d424db,Play Store,"Not returned or replaced... very bad service in return and replace... your money will be lost, if something you want to replace or return....",1,2026-07-25T12:38:31,0
94da469c-7fc2-4eaf-88db-bd21efcfd85c,Play Store,I ordered so many items from them they didn't even give a single carry bag...😡,1,2026-07-25T12:37:16,0
c75fe8a3-99ee-4bc5-9f1b-eb6647af2f2e,Play Store,good service blinkit,4,2026-07-25T12:35:41,0
63100bdb-a86d-4fad-bc0d-5721a4b33528,Play Store,Great,5,2026-07-25T12:35:41,0
da3e660b-114d-463f-ac09-542aa3ad305f,Play Store,good 👍,4,2026-07-25T12:34:49,0
549ac158-f2d6-4f09-8980-121a7bc416d9,Play Store,this app is very very nice,5,2026-07-25T12:33:42,0
a9413b56-f012-41f6-8029-e02f1a2a2625,Play Store,great service always,5,2026-07-25T12:33:26,0
7f429800-fdbc-4593-8a06-87db96274a66,Play Store,best app of delivery ans emergency Sarvis thanks,4,2026-07-25T12:33:02,0
a33b7b8b-e071-4304-8661-7f00883d60ea,Play Store,good,5,2026-07-25T12:32:43,0
eac7a133-fd6f-4b3f-a3fa-31b3df9d6053,Play Store,faltu company h ye,1,2026-07-25T12:32:01,0
f68403be-890d-406e-a975-1ae8f8b8fb64,Play Store,Super,4,2026-07-25T12:30:58,0
edf90d80-1570-468a-8b03-71afc8ea06ee,Play Store,good,4,2026-07-25T12:29:16,0
870475d9-544c-45eb-824d-a2311f09f86b,Play Store,Good 👍,5,2026-07-25T12:29:15,0
c313bf30-e802-45f0-820c-e0183ef26aa6,Play Store,good,5,2026-07-25T12:27:11,0
c99d0091-d275-4bf6-8cfa-97fcefa9d9b2,Play Store,very nice,5,2026-07-25T12:26:36,0
bf5b94a8-5ba3-40a7-aecf-7e2922a07ca9,Play Store,great,5,2026-07-25T12:26:33,0
eca1d54d-0f8c-495d-8653-ad6af3e8629a,Play Store,ordered CRAX SNACKS weight showing on blinkit 171gm but delivered 160gm FRODE,1,2026-07-25T12:26:32,0
1f6d64ba-0053-42ef-baa1-aaf4a5082b3f,Play Store,"Overall Experience with Blinkit is very good. Blinkit Support Staff i e. Helpdesk is very good, responsive, polite and helpful.",5,2026-07-25T12:24:16,0
7aaaca19-37c4-404f-bc10-4267e06006fe,Play Store,They cancelled my order from there side and also charged 20 INR,1,2026-07-25T12:23:47,0
84a2c505-9000-49b4-988b-875ec5f2d7f4,Play Store,i love to use it 🙏,5,2026-07-25T12:23:37,0
48abc247-3287-40aa-ab33-12b219a1b66f,Play Store,payment methods are not working properly. Coustomer support is also very bad.,1,2026-07-25T12:22:51,0
8f9db19c-d5b7-4c3a-8c78-6c729b286f51,Play Store,it is a very good deal,5,2026-07-25T12:21:51,0
e6e7d5b5-6a03-4ae4-96e1-de83474ea22f,Play Store,🤗 good service,5,2026-07-25T12:19:37,0
0880777d-e690-4a08-b488-7eff76f635c4,Play Store,excellent app,5,2026-07-25T12:19:17,0
f6b6227d-f8b8-42e7-9757-30bd9b27a126,Play Store,good experience,5,2026-07-25T12:19:14,0
bf4d0273-d220-435e-8fe9-6302b23cebec,Play Store,good,5,2026-07-25T12:18:54,0
319e7e5a-9d8e-45cc-950d-bbf1b88c2015,Play Store,good,5,2026-07-25T12:18:11,0
51b904ed-22da-441f-bf2a-d93474ca5221,Play Store,very nice App in India,5,2026-07-25T12:18:06,0
4da1178e-5002-4d7b-b631-e4ce72c56af5,Play Store,very bad experience I have been ordering items from them they used to the best quality but now they even delivered expired items also when complaints they completely ignore your request I had ordered kitten food twice both the tym either the packet is leaking staining all the other items badly or they send an expired item even tried to complaint through mail.. shared all the photos still no solution they said we can't help you.🙄😒,1,2026-07-25T12:17:23,1
83d8c176-02a0-4b6b-8a4a-885d77fcc136,Play Store,excellent,5,2026-07-25T12:17:16,0
b6529725-af64-4e60-b2a6-9e39f73d5769,Play Store,"Really blinkit is a very good app, whenever I want to ask for anything, it gets delivered immediately within 15-20 minutes, due to this I no longer need to go to the market, thanks blinkit.",5,2026-07-25T12:17:15,0
122170fb-df62-48a9-80e6-b16dc44af045,Play Store,grt service,5,2026-07-25T12:16:33,0
b282d462-214b-4c96-9315-5b9d326e4a69,Play Store,nice work,5,2026-07-25T12:16:14,0
a70cd0dc-1952-4eb4-aae6-d59dd9b6d772,Play Store,groundnut order not got,1,2026-07-25T12:14:39,0
f2f52521-8726-4374-a873-c6e10d54866a,Play Store,good service,5,2026-07-25T12:14:32,0
bd14be20-67e4-48b3-addf-95382623343e,Play Store,😲😲😲😲 wow,5,2026-07-25T12:14:24,0
a09611da-1601-4cb4-9550-ac2954cde030,Play Store,good Product and rate,5,2026-07-25T12:14:14,0
82456ba8-4b14-410c-9e9d-943c0e7b0750,Play Store,very fast service,5,2026-07-25T12:13:03,0
035cc08f-0e2c-4e9f-8f5d-33d442bbcfc3,Play Store,good for home delivery,5,2026-07-25T12:12:33,0
ac0b697e-a576-4b30-9ddf-8a41764f15be,Play Store,very good 👍 and fast delivery 🚚,5,2026-07-25T12:12:28,0
d28c68a7-f571-4d12-8a9b-ff16024b0f55,Play Store,nice,5,2026-07-25T12:11:34,0
5948961e-6b1f-4498-8241-46da690b014f,Play Store,bhout bekar h,1,2026-07-25T12:11:09,0
f8acea54-c076-4c9e-8613-81ea4e5895fb,Play Store,good but we want more discount,3,2026-07-25T12:10:34,0
b9c661d0-1a03-460d-bf1b-1a8c18cdf3b0,Play Store,thank for give good service,5,2026-07-25T12:10:23,0
52daacca-7830-400f-b524-2af7d304748a,Play Store,zepto is better blinkit is nonsense unnecessary charge handling fees too mch,1,2026-07-25T12:09:19,0
11fa3885-1fc2-4144-aea7-05914e7298e7,Play Store,it is a very good app,5,2026-07-25T12:08:20,0
92c211ef-005c-4952-978d-2d51b7ff8a9c,Play Store,very fast and accurate,5,2026-07-25T12:07:07,0
3cc8dd85-efb7-47ad-97f8-bf557c9fc711,Play Store,nice,5,2026-07-25T12:06:52,0
fff78ea6-0e06-41df-b8f0-bf1b62b5738b,Play Store,best app ever,5,2026-07-25T12:06:43,0
73ddcf40-9c9d-4d3f-a2c7-66924e618d21,Play Store,good,5,2026-07-25T12:06:32,0
e437c669-dc23-4156-a151-bb5f1e401d11,Play Store,very nice,5,2026-07-25T12:06:28,0
bfa61f04-4da4-4b87-92e4-42cc6cb69058,Play Store,Very nice,5,2026-07-25T12:04:43,0
45e78d1f-8df0-4be8-a78d-7ebdf8dcd952,Play Store,excellent,5,2026-07-25T12:03:14,0
b72fcfd5-3c6f-4ca6-92ef-3a9b9d3bd62d,Play Store,very nice 🙂,5,2026-07-25T12:03:08,0
39409607-b8e8-4e61-a814-8f0ba8c61684,Play Store,good 👍,5,2026-07-25T12:03:06,0
d5448d3a-52ad-42c7-a713-91e839cd4dd1,Play Store,good 👍,5,2026-07-25T12:02:52,0
d9e782a9-62ef-417a-8274-d8fe1528100e,Play Store,okay,4,2026-07-25T12:02:34,0
4d0ad091-ddf8-4975-9f19-bec981ac2071,Play Store,good,5,2026-07-25T12:01:16,0
3a3ed4a9-3cab-4476-9ed9-3d6ca07f4910,Play Store,good service,5,2026-07-25T12:00:16,0
d3298651-759a-4f6c-ac22-6320be0a3885,Play Store,very bad app don't allow refund and have very bad delivery partners 🙏,1,2026-07-25T11:59:46,0
4e672b7a-a86d-47bc-ab7c-d2291769a029,Play Store,good job,5,2026-07-25T11:59:41,0
58aa2e32-4c52-4eda-b923-df60f358253e,Play Store,very Good.,5,2026-07-25T11:58:51,0
e06356d1-db39-4a36-a0d2-1a46d58e76f2,Play Store,good,1,2026-07-25T11:58:08,0
4ed271b3-217d-454b-8a03-dcfa496366e9,Play Store,nice delivery,5,2026-07-25T11:58:02,0
87e42682-34e7-49cd-830c-8796c3195442,Play Store,good service,5,2026-07-25T11:57:33,0
ceb85fc5-3e58-4f10-b3cb-8767a38f8b6d,Play Store,"good service. only a small suggestion, few of your delivery boys carrying the parcel on the way/muddy foot board. the bottom of the bag gets soiled , especially in mansoon. other wise it's ok.",5,2026-07-25T11:57:26,0
d50b1a8e-32b0-4c6d-a22f-36a40daab936,Play Store,amazing,5,2026-07-25T11:56:54,0
50df9116-fbbe-4c90-9016-bb78efff9900,Play Store,super,5,2026-07-25T11:56:08,0
c0a54e76-833b-4ba7-bbc5-a597d6aa3d7a,Play Store,good,5,2026-07-25T11:56:07,0
e7560a57-a790-4273-affa-017445db33c0,Play Store,all chenj the order every time 😡😡😡😡,1,2026-07-25T11:56:04,0
2c4a3416-42d0-4ba6-9875-bf0577d76dc7,Play Store,fast service,4,2026-07-25T11:55:53,0
a23f6b6f-72bb-4491-89fe-eecf96bbef7d,Play Store,best app,5,2026-07-25T11:55:29,0
3239925e-0802-4da8-bad7-9aee5840d224,Play Store,good apo,5,2026-07-25T11:54:35,0
6ef87749-fe2b-4b62-b0af-6ebcc5f01ca8,Play Store,quick delivery very nice,5,2026-07-25T11:54:17,0
572e0d15-e9ab-4b35-aa29-811d07fdaaa2,Play Store,love you 😘,5,2026-07-25T11:54:12,0
1afa0982-bec0-411f-b3d3-216c02fc759f,Play Store,i like this service,5,2026-07-25T11:54:02,0
67b12bb5-cc2b-4bed-9e5e-3657eb5dfb32,Play Store,milk s broken box,1,2026-07-25T11:53:42,0
2eec708d-8ef7-40b9-b7ca-1a47b7c4e236,Play Store,everything is good but free delivery limit 99 kr dijiye to shayad or customer attract kr paaye,4,2026-07-25T11:52:50,0
4ee0b206-b671-482a-99d4-b1b6e7e9de2a,Play Store,ye chor hai item b wapis le liya aur paise bhi nahi lotaye Aaj 3 din ho gaye hai.. plzzz in legal action liya jaye,1,2026-07-25T11:52:48,0
24e1a13c-0e71-4bf4-859a-6a49be86dd0f,Play Store,"Best app..time saving, quick delivery",5,2026-07-25T11:52:08,0
7b1e6971-89a2-4009-a2a8-147f3591d636,Play Store,best,5,2026-07-25T11:50:57,0
41ac5b65-75b6-44b8-8bf3-859df52de497,Play Store,blinkit is one of the best from other minutes app iam very happy to blinkit comes in kadapa excellent 👍 app,5,2026-07-25T11:50:21,0
eba7bf0d-cf3b-4d27-84f9-c5f67a28dcf2,Play Store,good app for shopping nice app,5,2026-07-25T11:49:20,0
0e0b7236-1ba8-4a23-85d6-d41c42b4a838,Play Store,awesome experience as a former college student and now as working professional,5,2026-07-25T11:49:11,0
028419d6-eae9-40c6-b1d1-68a1d7f1816c,Play Store,very fast delivery 👍,5,2026-07-25T11:47:43,0
2bf397ee-411a-4315-b0d8-efd31ff74dac,Play Store,"gps location of rider is poor, rider came first and gps show me is still on blinkit",2,2026-07-25T11:47:32,0
3a626aa5-8d92-4dca-92d8-c5d6e09fc9ce,Play Store,Excellent... ordering first order... let's see in future orders,4,2026-07-25T11:46:30,0
4e99a1ab-2577-4164-8b02-71dd0495b7f6,Play Store,value for money products.,3,2026-07-25T11:46:19,0
6f6ae9a4-1413-42e2-b2e8-01cd9cdb76f5,Play Store,it was very easy to use for the first time 😁,5,2026-07-25T11:46:03,0
b0e0aaf2-d775-4ef1-bddc-13582a7c51a6,Play Store,"The paper bag coming with the orders is very interesting. Whoever designed the paper bag has a very creative mind. Before opening my order, I was interested in seeing the design and the content of the paper bag. Keep it up, and please ensure the content is continuing. I am very much impressed 👍.",5,2026-07-25T11:43:15,0
9d6f038d-c299-44f9-bdfc-9df610d6aaf3,Play Store,awesome,5,2026-07-25T11:39:35,0
23babcb9-703c-45a9-aea5-eec7962740dc,Play Store,"this is Way to better , like This has soo many varieties so i definitely prefer to use this app 🙂😀😄",5,2026-07-25T11:39:33,0
c5394c1e-512d-4098-b9e0-0945fbab8559,Play Store,Excellent service...,4,2026-07-25T11:39:22,0
522ec22e-6d25-4f26-9ddb-eedd0b0c136f,Play Store,Excellent service,5,2026-07-25T11:39:10,0
54d026a5-646b-4ffa-8500-853e1c2ab7f9,Play Store,v nice nd v fast Sarvice,5,2026-07-25T11:38:47,0
5727c07f-d3da-42e8-840b-82dd5b4f9118,Play Store,amazing jst mind blowing 🤯,5,2026-07-25T11:38:22,0
80029b94-e7af-4220-b68a-47b7384c1154,Play Store,prompt sevice,5,2026-07-25T11:38:16,0
4904dafc-e510-46fc-9afb-2a303e8f2a91,Play Store,"blinkit stole money from me, I returned package but never recieved refund",1,2026-07-25T11:37:26,0
e20900d2-935b-47ca-9140-5d80fe5389cb,Play Store,super 👍👍,5,2026-07-25T11:37:04,0
b80cfc50-ab77-488d-8687-7cfcb3aa942a,Play Store,very nice,4,2026-07-25T11:36:52,0
4dbc28ff-8a92-467a-abd8-2bc0a779770c,Play Store,gooddddd,4,2026-07-25T11:36:11,0
b45ee4f1-897f-48da-abc6-3d6672300270,Play Store,Pathetic,1,2026-07-25T11:36:07,0
590b1bd7-bef5-4373-8496-a00b2e2b3943,Play Store,best,5,2026-07-25T11:35:15,0
545da418-149e-4cc5-af7f-d09d431e7cc9,Play Store,Good...,5,2026-07-25T11:35:02,0
c231dca8-d795-4753-bd44-0c70d51c093b,Play Store,good first time experience but good,5,2026-07-25T11:34:01,0
ef8ff06b-38fc-4146-84db-aaa1a71ad951,Play Store,Very good service but High price,4,2026-07-25T11:32:54,0
b2bb90a7-aafd-443d-b6d0-d42c86788a7a,Play Store,good,5,2026-07-25T11:32:51,0
52100b40-a1c4-4ef4-8dd9-0fac567c4862,Play Store,Delivery charge is much....,3,2026-07-25T11:31:19,0
072014c0-0a03-4d39-a8e7-32de19d8b02a,Play Store,very poor for the people who have not money to pay extra charges like handling charge surge charge delivery charge too many charges applicable,1,2026-07-25T11:30:36,0
60d1af69-649c-4ea9-b9b9-ff5f63f06cd9,Play Store,good 😊👍,5,2026-07-25T11:30:34,0
b4d9186b-35c3-4a3e-a311-b98828eac754,Play Store,Very good app and very fast and quick in bringing daily necessities... Wonderful prices😃,4,2026-07-25T11:30:27,0
78e95ed5-e8ca-4c31-8a14-f87a7bf5c697,Play Store,Blinkit provides best services to the customer and deliverey on time,5,2026-07-25T11:30:18,0
d788e9d0-97e2-413e-823f-5d9cc2b7aabc,Play Store,good 😊,5,2026-07-25T11:29:46,0
fff33e90-914b-4f44-b200-7cafc83448f4,Play Store,good app and discount,5,2026-07-25T11:29:39,0
29eafe00-955c-4f89-90a8-f7094b7fe994,Play Store,delivery free but extra charges detuted why I was orderd 100 rs but bill amout 132 why,3,2026-07-25T11:28:28,0
662c5061-2998-4b2a-820e-fcce8d6765d0,Play Store,"I would like to inform you that, i like each and everything but one thing I did not like that kindly provide discounts and offers to your regular based customer.",5,2026-07-25T11:26:34,0
251dacdd-90a2-4041-9170-6506716ff091,Play Store,best,5,2026-07-25T11:26:33,0
1433b060-3901-4918-b0e2-f6b892347d96,Play Store,"App always shows ""currently unavailable due to high demand"". This status doesn't change. Not able to order.",2,2026-07-25T11:26:24,0
67e7bb8a-24ca-46cb-bf4a-ffbcaac6255c,Play Store,good,5,2026-07-25T11:26:23,0
68ce6c26-8c97-4d46-bbc3-ec95858b2864,Play Store,good service,5,2026-07-25T11:23:34,0
da2b50fd-0b31-45e0-adfc-f2f1df34f075,Play Store,waiting for order.wait for review,3,2026-07-25T11:23:20,1
71a11ee2-6fb8-4d4f-a646-9f0da74dc22d,Play Store,The package and delivery everything is good and most importantly on time 🙂😊,5,2026-07-25T11:22:50,0
85377302-ffa4-446d-b4bc-c57863a37383,Play Store,besr for emergencies,5,2026-07-25T11:22:27,0
c33887ae-b59f-4546-a3b4-37e1a25257ca,Play Store,good 👍,5,2026-07-25T11:21:14,0
3aab1882-f2a5-46cc-9498-c3b990039496,Play Store,Excellent,5,2026-07-25T11:21:07,0
758a2971-8eb0-4a30-ae2b-f7e09aa136c6,Play Store,delivery cost is high,1,2026-07-25T11:21:07,0
76e63466-665e-46cb-88a7-983a6e51bb14,Play Store,i give to blinkit 2 start because delivery partner is very rood he is not coperate me any time and my order is very dilay every time customer services is not satisfied me so I use this service temporarily when I have not seen other options.,1,2026-07-25T11:20:39,0
6d374bad-bb08-4d35-80c1-731227a5711e,Play Store,what thing I want it give faster to me that is the blanket is good for me recommended that blinkit is best and best,4,2026-07-25T11:19:03,0
60415105-9cc7-483e-82ee-e536a9313a02,Play Store,👍,4,2026-07-25T11:18:17,0
804d8186-3423-48bd-bde5-ce1ee7e0601b,Play Store,in all respects Blinkit is nice.,5,2026-07-25T11:17:44,0
34b01b2e-6f5a-4e0c-a113-e524e7b029e3,Play Store,very good,4,2026-07-25T11:17:29,0
f1e297c8-51b3-47ec-9655-03b140c65e60,Play Store,good,1,2026-07-25T11:17:23,0
e7235891-f818-456f-987c-96e773ff2c8c,Play Store,Expensive with many extra charges,2,2026-07-25T11:16:18,0
6837ad27-8a4c-4e66-adc0-1851525af5ba,Play Store,excellent,5,2026-07-25T11:15:52,0
eefd65e8-5fe8-4f21-af16-c5fdc14dc644,Play Store,nice,5,2026-07-25T11:13:34,0
4dd07325-3da2-4ecd-8e4b-c609cb042a10,Play Store,Ok,5,2026-07-25T11:13:14,0
551af29c-7750-4295-8e99-0fb0e95da6fc,Play Store,"good service, costly jyda hai",5,2026-07-25T11:11:55,0
9e72e0b8-ae28-476a-bdc3-e72f7e3237ac,Play Store,actually I like this app does it's very fast and an items are always same,5,2026-07-25T11:11:34,0
c653487c-37a5-44a2-a496-f618731a0f99,Play Store,Very fast and diligent delivery...,5,2026-07-25T11:11:14,0
0097240a-924a-43de-9636-0a0f7b8c61eb,Play Store,I use almost daily....I use laptop because laptop has bigger screen and so is much easier for me...,5,2026-07-25T11:10:40,0
5ccd30d0-92a4-4dd0-929b-1e42dc9c20d3,Play Store,very good,5,2026-07-25T11:10:03,0
a9a94fd9-9721-4d42-bd8f-4f713853cfad,Play Store,ok,3,2026-07-25T11:07:43,0
7d2a4605-7af0-4c89-a9f9-62558d52aa89,Play Store,I'm so so happy for this app and worked 😍,4,2026-07-25T11:06:31,0
0ba74c0f-4f5b-49d9-be50-107c9822c314,Play Store,best and fastest way to get item,5,2026-07-25T11:06:30,0
2fa39878-249e-4f50-ae1b-3a8b65470a22,Play Store,delivery partner is best,5,2026-07-25T11:05:34,0
f5a41bb8-0be1-4fd7-ae5e-8663493ea55c,Play Store,it is very super fast app and the delivery partner who are coming they are also honest thank you ...,5,2026-07-25T11:05:27,0
e68e5d28-2e2f-4c15-858f-e3dd5e5c3988,Play Store,nice 👍,5,2026-07-25T11:04:53,0
8cf8869e-2f2b-4908-b1b3-a925df25e5e4,Play Store,"very good app, loving the service",4,2026-07-25T11:04:50,0
84b5276c-8dd4-4f90-a35f-8469b82b76e0,Play Store,"No cancellation, rating option is shown, can't add or reduce item immediately after booking",4,2026-07-25T11:01:58,0
e5ff3a9c-87cd-464a-bace-fd051b8fdde7,Play Store,good delivery and good quality 🤍,5,2026-07-25T10:58:13,0
01680203-ea0f-43a1-acc1-4cab5f628be8,Play Store,Fast delivery,5,2026-07-25T10:56:08,0
4f741385-8adb-477d-80e5-35f1634501a2,Play Store,"It is fast but they often deliver expired or wrong product , and if the product is does not make me satisfied so they dont return also",2,2026-07-25T10:55:52,0
8f178fc4-3e81-43bf-92e5-06e8ba626296,Play Store,good,5,2026-07-25T10:52:07,0
39f745b8-5614-47ec-a634-b2fa40bb0a87,Play Store,very good services at your door step at very reasonable prices within given time,5,2026-07-25T10:51:51,0
3e2f16da-ae75-407d-8fcc-2e83c273a83b,Play Store,Great delivery timing,5,2026-07-25T10:51:40,0
0b76f5e0-6cf3-4727-9265-34c23b8062e3,Play Store,"⭐⭐⭐⭐⭐ Blinkit has been a great experience. The delivery is usually very fast, the app is easy to use, and the products are well packed. I also like the wide variety of items available and the convenience of getting daily essentials delivered within minutes. Overall, it's a reliable service and saves a lot of time. Keep up the good work!!",5,2026-07-25T10:51:20,0
33bdbd36-86e9-4666-87ea-0d1a1b89527b,Play Store,good,3,2026-07-25T10:51:19,0
3f49c309-720a-4dea-8f63-5e75f9d18edc,Play Store,good,5,2026-07-25T10:50:18,0
ae962812-d51f-46e4-9664-5e866fa6559c,Play Store,"barish bandh hoke do din ho gaye, ye blinkit kaha soya hua hai? public normal life me aa gayi hai jago.....",2,2026-07-25T10:50:03,0
ee23b773-b03b-4a4f-a1d2-61a401dc1b76,Play Store,very bad service,1,2026-07-25T10:48:52,0
fdaad8fe-29e5-430c-9ec8-6190cd30ecde,Play Store,I like it blinkit application so nice of product price,5,2026-07-25T10:48:36,0
e7aeb3d3-8470-4ea8-b14b-dd18fe13c3c7,Play Store,good,2,2026-07-25T10:45:53,0
db530258-5125-43aa-920f-13d6f596552d,Play Store,nice,5,2026-07-25T10:44:50,0
610628f3-ffa8-428e-b093-34284eb0cbce,Play Store,good,4,2026-07-25T10:43:58,0
6c8411f8-567b-4c76-921e-913a6daf1fbc,Play Store,Best App,5,2026-07-25T10:43:34,0
9b18bc33-ce36-4795-b549-42dcf94cc346,Play Store,it's amazing 🤩,5,2026-07-25T10:42:59,0
d2e49e9b-a3f2-4a74-984c-722be21945d4,Play Store,besssstttttt app,5,2026-07-25T10:42:42,0
c66b16f1-63c2-43ca-9c89-25660b8a1bdd,Play Store,Good Experience,5,2026-07-25T10:40:36,0
f3706fa0-bd17-4b9a-b5b1-b1e09142d53f,Play Store,Amazing service 👏,5,2026-07-25T10:40:24,0
16e17477-7252-4415-9e73-cd66a10765c1,Play Store,best app,5,2026-07-25T10:39:07,0
cdf217a2-9ee9-443f-82ec-685f5e2dbdad,Play Store,awesome work guys. But please treat your drivers well,5,2026-07-25T10:38:24,0
e358e938-0ffd-4938-b58d-4ae12fbf2fc1,Play Store,Best Service,5,2026-07-25T10:37:39,0
9a9be3e8-8e72-4544-a04b-b7bc34327edd,Play Store,good,5,2026-07-25T10:36:22,0
ba450cbc-7e74-4f2d-8fe8-afbe5026f236,Play Store,bad delivery Boy and to late,1,2026-07-25T10:36:12,0
b68767f9-a1d3-4d62-8058-65928f07f172,Play Store,good service very helpful blinkit,5,2026-07-25T10:35:33,0
c38360f6-80bc-4ebc-b8ed-aa9ac8c56c30,Play Store,blinkit always good,5,2026-07-25T10:35:27,0
dc9783e7-9035-4dbf-8a2e-48c629a7932a,Play Store,good 👍,5,2026-07-25T10:34:52,0
883acc6e-54e8-4f13-b154-6b6fcaefc9d5,Play Store,Good app,4,2026-07-25T10:34:42,0
347ba630-25e0-4670-bbcd-be1a4dfc2c93,Play Store,"Is blinkit scamming us ??? Today blinkit Lunch Mega Cleaning sale and their line was ""Free gift on all order Above 299"" i ordered and received nothing then contact customer support they did nothing only said apologies If blinkit not fullfill their words just learn from Instamart",1,2026-07-25T10:34:19,0
9fd0a168-fb14-40f4-b14a-6bca7bbebe98,Play Store,good,5,2026-07-25T10:31:39,0
2a4b0742-1811-428a-985a-9870ff23b411,Play Store,यह बहुत बढ़िया है कि आपका सर्विस हमारे शहर बोधगया में चालू हुआ है इसके लिए ब्लैंकेट को मैं बहुत बहुत धन्यवाद देना चाहता हूं और एक अपनी तरफ से सुझाव या विचार समझ लीजिए आप उसको आपके जितने भी ब्लैंकेट परिवारहो कस्टमर के साथ बात पर कर बहुत अच्छा करें जिससे आपकी सर्विस बढ़िया हूं और जो भी आपका कस्टमर है उनको सर्विस अच्छा से मिले,4,2026-07-25T10:29:54,0
75ce9854-02a3-417c-96c3-5615bc7b1cc7,Play Store,👍,4,2026-07-25T10:29:28,0
5f383a19-7b59-4f8a-b1ba-e081a8bbe460,Play Store,thank God you,5,2026-07-25T10:29:16,0
79d6d0d0-9998-4433-a60e-f8fce72a68d6,Play Store,The 7 days replacement policy really helps when some products turn out to be defective,5,2026-07-25T10:28:44,0
a0d4434d-e979-4264-a2c8-087b7fa9a08c,Play Store,good srive,5,2026-07-25T10:26:52,0
bc4f8a40-1215-4d3f-a8f4-749c94ceebc4,Play Store,awesome,5,2026-07-25T10:24:41,0
56dc6718-a7c4-4b19-ae84-ac0f3817770a,Play Store,great 👍,5,2026-07-25T10:23:24,0
5a1a837c-ef48-48c3-a763-04dbbad0e8db,Play Store,nice,5,2026-07-25T10:22:09,0
a6602cf7-d42d-4938-81a8-058fcc09d844,Play Store,love this app even in the heavy rain they serving us huge respect,5,2026-07-25T10:21:43,0
762902a8-2bff-42e8-ad2e-447e5447d8d4,Play Store,good 👍,5,2026-07-25T10:20:40,0
77a04569-7844-45e2-a945-4fe8260efef3,Play Store,good,5,2026-07-25T10:18:42,0
5c789ed2-dd8e-472c-a4f5-793ae6d2b7b2,Play Store,best,5,2026-07-25T10:16:38,0
b445bff8-c69a-4c26-9ccc-10128434dc12,Play Store,super,5,2026-07-25T10:16:38,0
bd8fc9a0-206e-4262-9257-d6e886812b60,Play Store,nice,5,2026-07-25T10:16:15,0
670962fe-ffc1-4404-9dbc-f3c1f3b0b26a,Play Store,why you take delivery charge,5,2026-07-25T10:13:49,0
542480b5-e6d4-4e30-a6e5-e426fef60d2c,Play Store,all fruits are spoiled vegetables too many times u cheated very bad,1,2026-07-25T10:11:44,0
eea60579-523a-4837-936e-7c6a814d2430,Play Store,99 wala ok,2,2026-07-25T10:11:37,0
71c94b9c-72f4-48a0-b0e2-2c30174b0309,Play Store,good 😊,5,2026-07-25T10:09:54,0
f25cb1a7-b766-4a2c-adf1-6fabfc2ae3c8,Play Store,best,5,2026-07-25T10:05:27,0
9f36c61e-fec6-4717-863a-d0737128d780,Play Store,good,4,2026-07-25T10:03:55,0
341bf371-1882-44f1-b8a9-5b00bff666c8,Play Store,Worst delivery app I have ever seen.,1,2026-07-25T10:03:47,0
7d2fd5d6-97d5-455b-948f-7fb280a23317,Play Store,badiya service,5,2026-07-25T10:03:41,0
dae370fe-072d-4a52-9333-e4940aa8d2dd,Play Store,good right time reach,5,2026-07-25T10:01:42,0
a04e4b60-22a4-488f-abbe-4901932d801a,Play Store,THE BESTTTT!!!!♡,5,2026-07-25T10:01:19,0
0020ff84-5c9c-4b7e-bff5-bcef00026aa5,Play Store,Worst app they are looted,1,2026-07-25T09:59:49,0
1a27bc60-54c4-4eea-b7ea-730876e88163,Play Store,😀👍,5,2026-07-25T09:59:36,0
7c70fb71-4937-4530-8db6-ca86b31724d7,Play Store,Very good,5,2026-07-25T09:55:50,0
d7392c04-8760-42ba-8960-d203a876c06f,Play Store,thank,5,2026-07-25T09:53:17,0
21cb3b63-878b-49e4-82e1-b43780631131,Play Store,Good service,5,2026-07-25T09:52:18,0
816878a8-5bb3-4eaa-8e03-1b864a7a47dd,Play Store,I hope you are always happy to hear this app and all the best team members,5,2026-07-25T09:52:17,0
38f5c0eb-b980-4a08-9899-6eb1d9b87c58,Play Store,it is very good,5,2026-07-25T09:52:09,0
89646a6d-3e97-4fe7-bda9-75f58e794861,Play Store,good 👍,1,2026-07-25T09:50:48,0
54847485-1d72-4310-a3c6-048c945d30c5,Play Store,ordered for curry leaves n on delivered basil leaves find,1,2026-07-25T09:49:55,0
8b29f2cb-a6e1-48d7-95e4-71a7126e1088,Play Store,good,5,2026-07-25T09:49:17,0
30afd7a4-b8de-4346-8614-eaa5be942ad7,Play Store,Good 👍,5,2026-07-25T09:47:13,0
aa5a1275-a112-420e-8579-4bf69364c443,Play Store,good service,3,2026-07-25T09:46:18,0
65c7fd00-6284-43b8-8e13-c356d01d7d55,Play Store,nice try to get it,5,2026-07-25T09:46:17,0
f7dd2138-7a02-44f0-97c7-007373a73db4,Play Store,good,5,2026-07-25T09:45:21,0
4d91cfd0-8dc5-4e68-a9cf-91b07599eda0,Play Store,all good,5,2026-07-25T09:44:12,0
a713f2f0-5949-4014-a6a2-d2c15bf82782,Play Store,good,5,2026-07-25T09:43:44,0
7e059819-fc71-40bd-9e74-c8b7b3e54662,Play Store,good job,5,2026-07-25T09:43:29,0
83b20b12-77d8-4294-9fb4-283a19e1dec9,Play Store,very nice. .,5,2026-07-25T09:42:39,0
5b8f7525-a276-42fa-84db-0648ed0f1319,Play Store,shameful act by blinkit,1,2026-07-25T09:40:52,0
325a294e-aa04-4f3e-afac-9338692b1a0b,Play Store,good fast services,5,2026-07-25T09:40:10,0
dccbd248-aaf5-4088-aa7d-553cb9b601a0,Play Store,worker are thief,1,2026-07-25T09:40:02,0
96c9488a-99ed-4720-a984-36cc758d955d,Play Store,Good service super and fast well done,5,2026-07-25T09:39:40,0
bfd180ad-b227-46ca-a81c-a8597919a0fa,Play Store,good,5,2026-07-25T09:38:10,0
6097d165-f47c-48f2-b2f8-99b42518cfa4,Play Store,good,5,2026-07-25T09:37:59,0
545337b4-05da-4d97-adae-0aa0f1703a22,Play Store,nice,5,2026-07-25T09:36:02,0
1e5384e3-c928-47f3-8392-133bf1d11367,Play Store,good 👍,3,2026-07-25T09:35:47,0
74b0b779-c10d-40a9-a746-75eb9638c47f,Play Store,very Nice,5,2026-07-25T09:35:03,0
92e7e63f-91c4-4cad-bb15-f0b91cdc71fe,Play Store,Nice,5,2026-07-25T09:32:55,0
0f469421-1245-4c96-8079-c130d2e9850f,Play Store,very nice,5,2026-07-25T09:32:10,0
a50886f0-717c-4fa5-bcaf-aced3c76a181,Play Store,Good,5,2026-07-25T09:30:13,0
36c5bac1-767c-435e-8498-c016db18a691,Play Store,Good service,3,2026-07-25T09:29:32,0
037a17ee-ff9e-4cd2-8f5b-d908db0c338c,Play Store,geting fast,5,2026-07-25T09:28:57,0
fe7f3614-4554-4b8a-9ee2-0ef3d2d73f3b,Play Store,"very bad products delivery, delivery partners are careless delivered broken item and goes casually.",1,2026-07-25T09:28:13,0
9e4ed36f-403b-4284-96c2-a4c23fe2d736,Play Store,very Bad 👎,1,2026-07-25T09:27:44,0
475f21ce-5189-4407-8f74-4bb115be07ea,Play Store,"Received contaminated products, with unidentified material.",1,2026-07-25T09:27:41,0
052a4324-e196-4c02-8dfb-4433e17e4fb3,Play Store,product was not good.,1,2026-07-25T09:27:31,0
33f41908-530a-4e44-b2b3-575399b268d6,Play Store,very useful app.,5,2026-07-25T09:26:52,0
55ab4a61-d58c-472e-aea7-a43d8681c1c0,Play Store,really this is easy to deliver some items. I like so .,4,2026-07-25T09:22:16,0
f24db729-505d-4352-94fa-070c157a03e7,Play Store,Very poor app....the items r expired dated when changed or refund the excutive blames others....Don't buy for blinkit.... everytime same problem,1,2026-07-25T09:21:31,0
de2c2e4c-cfea-4ae0-9c06-d963a6a06f18,Play Store,Delivery time gradually increases.,3,2026-07-25T09:21:02,0
a18ec92a-85b4-47bc-bca4-bd0cac32ee26,Play Store,good 👍,5,2026-07-25T09:20:53,0
c2054fa9-b2ef-4f35-99bc-9fe90b86b20d,Play Store,"Superb in all Instamart, it's a GOT",5,2026-07-25T09:20:26,0
f5dc908e-1eb6-44bc-8098-d6bef7f486a3,Play Store,good,5,2026-07-25T09:19:48,0
1909dde7-859f-471f-a776-d6aa64394c3f,Play Store,good service,5,2026-07-25T09:17:38,0
dab50159-000e-4c6a-9ee6-facb1eaccae2,Play Store,very nice,5,2026-07-25T09:16:58,0
08d5c6cb-37b0-422a-af2f-6563cd87f0d5,Play Store,cost of items is more compared to Dmart and Zepto,2,2026-07-25T09:16:56,0
ed04039e-42ab-4b90-83d6-ed39890b8630,Play Store,very good and fast service they provide,5,2026-07-25T09:16:25,0
a22a312b-0d3d-4959-a050-a0a2330271e2,Play Store,good 👍😊,5,2026-07-25T09:12:51,0
e767e69f-36d5-4950-8a6f-972d926ead91,Play Store,good,5,2026-07-25T09:11:58,0
803d32b6-62bf-47c6-83cf-df408cf4473b,Play Store,Great services,5,2026-07-25T09:11:57,0
96875d5b-fe61-44c8-88a0-454349361a17,Play Store,worst app i ordered hair color which came already opened and when I called customer care they are we will take the product and refund not even replacing it waste my time i had an emergency event and such idiots spoiled everything,1,2026-07-25T09:11:53,0
5189e367-2720-4809-a658-3d4a9631a8e9,Play Store,"A wonderful app and experience, when you want to order items of daily use. Best option for lazy people like me!",5,2026-07-25T09:11:53,0
b8945f32-1bd4-4117-9815-0b3573978764,Play Store,best,5,2026-07-25T09:11:50,0
5094b5e3-8db6-4dc4-8f37-6d5d5998c6c1,Play Store,worst app with worst delivery partner and they don't carry any cash on upi or change,1,2026-07-25T09:10:32,0
9391efe1-ca0c-4c01-b741-9ce003e262f6,Play Store,deliver to door step well packaging and delivery timing is best,5,2026-07-25T09:10:31,0
ebea6ce3-a650-43ec-a6d2-5d4a3bcdb3c8,Play Store,best,5,2026-07-25T09:09:41,0
66d30ab2-6dbf-4485-997a-e3d3b4ca3511,Play Store,good service,5,2026-07-25T09:08:45,0
2e4da209-f010-4465-af0e-cc0e8c17fe0d,Play Store,Good,3,2026-07-25T09:07:31,0
4c8740e7-0e1b-4c7f-80bb-66c59b85b36a,Play Store,good 👍,5,2026-07-25T09:07:12,0
aa1c2f94-30ac-46b7-92c8-d0e1749f7e15,Play Store,nice,5,2026-07-25T09:05:49,0
30c610dd-2e3b-4c76-aa0a-cb731cad2d91,Play Store,super app,5,2026-07-25T09:04:44,0
0fe39a45-c7eb-4093-bb4e-534d59d55fcb,Play Store,सब जाली सामानबेचता है चार्जर मंगवाया सुपर फास्ट चार्जर का दाम लिया और नॉर्मल चार्जर दिया है और कोई सपोर्ट भी नहीं करता है,1,2026-07-25T09:03:35,0
1e89f10d-5db2-4319-a1d8-77d3d2802c6a,Play Store,Excellent 👍 😊,5,2026-07-25T09:02:23,0
ca12c843-b710-4c98-a298-a733f149ff6b,Play Store,Very useful,5,2026-07-25T09:01:52,0
9ec4181a-51db-46f9-9870-54ee624b47c9,Play Store,good sarvice,4,2026-07-25T09:01:17,0
6a6969c1-5803-4d7c-95ad-74c3afc7aeef,Play Store,Very helpful service 🙂,5,2026-07-25T09:00:51,0
297a6c67-7f7b-49b6-9975-d5a951d55020,Play Store,instant service,5,2026-07-25T09:00:30,0
9fb79d70-fc69-4c22-8373-4573b237e19f,Play Store,too much high rates,2,2026-07-25T09:00:20,0
b8e3b07a-aca2-4dd1-ae0a-c5e86b6a4ce8,Play Store,good,5,2026-07-25T08:58:02,0
5e9fccee-2f37-4d9a-bd0c-627560ed4a55,Play Store,Nice,5,2026-07-25T08:57:13,0
7a02e827-097c-4704-bba0-70eae293ffa5,Play Store,ok,4,2026-07-25T08:56:41,0
fbd21b7b-4e26-4f16-9ec6-e6c2c9de8a74,Play Store,worst experience in customer service ever,1,2026-07-25T08:55:10,0
2cb55c87-ced0-4766-9ab1-15ef90df49b2,Play Store,Fresh products and very good service.,5,2026-07-25T08:54:04,0
4d5d3a51-65c2-49ee-8b6a-5964fc1915ea,Play Store,give half order very disappointed,1,2026-07-25T08:53:40,0
a42a1c96-1394-49d1-a99c-44382a1635f5,Play Store,it's not raining still took rain fees,1,2026-07-25T08:53:11,0
b58b949e-3847-426e-baec-09699aee5331,Play Store,amazing..all delivery at our door step with no compromise in quality and rates,5,2026-07-25T08:51:50,0
7c9a5ef8-6eeb-4e40-9a0b-984d9d5e067e,Play Store,best platform for house and working women,5,2026-07-25T08:50:38,0
8c9d443d-b244-4f3d-b442-aa03892af11d,Play Store,best.,5,2026-07-25T08:49:35,0
0b76eb9b-b43a-4461-8df0-3646997dcd88,Play Store,👍 good,5,2026-07-25T08:49:28,0
a33ccd0e-ac1e-4d13-9ab6-5c446fdc64cd,Play Store,very impressive service,5,2026-07-25T08:49:10,0
df5c56ea-4095-4c45-a6cc-240f70793658,Play Store,when people needed you most you are doing this with students,1,2026-07-25T08:48:57,0
e193b065-b292-407a-af55-6d9b3d3bb6c8,Play Store,nice,5,2026-07-25T08:47:56,0
1ab46fa1-d6ed-4f5e-b143-004ddcef3d9a,Play Store,very good,4,2026-07-25T08:45:32,0
68d55e73-320b-436e-be29-474d2b6bd6fe,Play Store,the delivery is always late,2,2026-07-25T08:45:31,0
9a5a96ec-e898-47e3-ab06-700640de1a28,Play Store,"important issue. The delivery partner speaks only in Hindi, He doesn't know Kannada. I ordered a hot water bag and it shows 8 minutes after 10 minutes.. still it shows 9 minutes. when I called the delivery partner, he said 10 minutes late delivery.",1,2026-07-25T08:44:49,0
a1c56b66-20ea-4a92-87f3-741efc40b53e,Play Store,when I received than I expected,5,2026-07-25T08:44:30,0
2478b5bd-7fee-457a-8993-9220b6e13a44,Play Store,worst online app.,1,2026-07-25T08:44:10,0
42e5a6eb-4628-404d-8d0d-cfde23ac6329,Play Store,nice 👍,2,2026-07-25T08:44:00,0
5b9583df-77ff-4a25-952e-898c6511861a,Play Store,good,5,2026-07-25T08:42:17,0
736e2e78-cdcd-4c27-83df-08b96facaf8e,Play Store,first man service,5,2026-07-25T08:41:11,0
7421d355-f95e-47e0-868a-72b42b33ed5c,Play Store,it is the very good App,5,2026-07-25T08:38:04,0
be9b39ad-368c-4d66-ab80-a9b1d097a267,Play Store,good service,5,2026-07-25T08:35:54,0
5152ac17-4495-4c8e-99c8-bb585b92968c,Play Store,good,4,2026-07-25T08:35:23,0
bc1e88d8-e89e-4f53-b8fa-1a9170287987,Play Store,👍🏻🌟,4,2026-07-25T08:34:03,0
e145f0b1-4fbb-4799-bbbc-a1f4e850cb7d,Play Store,great।,5,2026-07-25T08:32:23,0
9cb3a1f1-a930-4cf2-9a92-b9354b6af40f,Play Store,it's fine in normal mode.,4,2026-07-25T08:31:13,0
5623d42d-9ad3-459f-803e-9bfa09975dab,Play Store,best,5,2026-07-25T08:26:41,0
7a2314b6-83dc-42b6-b13e-9ef60555c282,Play Store,very good sarvice,5,2026-07-25T08:25:46,0
4eb2368c-85b5-4a0d-b8c1-2fbad95fb3e9,Play Store,good app,5,2026-07-25T08:25:32,0
7bfacf81-94fe-41c0-9737-6193dd07766d,Play Store,so fast and clean items thank you,5,2026-07-25T08:25:29,0
9b0c4610-023c-4877-b9a3-cb4ac29256ff,Play Store,delevery is very best,4,2026-07-25T08:23:56,0
0ea3ade8-8fc8-442c-90be-08ec84d0e2b8,Play Store,very 👍 nice,5,2026-07-25T08:23:40,0
7055e51a-d4e4-4f67-97fb-af85d7f7e0b7,Play Store,good,5,2026-07-25T08:23:29,0
c64d8e1e-f7bb-47d0-ad98-330c77c1eace,Play Store,"As per frequent experience, there are in milk options, only available amul products regularly. if someone prefers Gokul etc not available.",1,2026-07-25T08:22:53,1
008a0221-f233-485a-a325-4c595333f6ef,Play Store,2 kudi ki company h paisa kha lete h return ni karte chor h,1,2026-07-25T08:20:43,0
1c26fde0-8d93-41bb-95ef-d6cb9676a167,Play Store,you have shown Rs196/- in total inclusive all taxes but taking Rs202/-. and details are not available.,1,2026-07-25T08:19:33,0
be24a056-4822-4b91-a88f-6a5b11265c97,Play Store,blinkit bht extra charges leta hai,1,2026-07-25T08:18:53,0
5535dffa-e2c1-428a-9b32-f0efb27fb8c6,Play Store,too much poor service,1,2026-07-25T08:18:42,0
dbabc74c-bc30-4886-b245-6f95a871fb76,Play Store,good,5,2026-07-25T08:14:37,0
68921f03-06f1-4413-8118-d03134ea2e15,Play Store,Good service,4,2026-07-25T08:13:02,0
207ab378-dc34-488f-a912-709fae633e82,Play Store,Best app for groceries and all other items. Product quality is so good and fresh.,5,2026-07-25T08:12:32,0
b3b02ad5-b120-4003-b8b3-9f71bbea0a8c,Play Store,Very good service. Thanks.,5,2026-07-25T08:12:27,0
82e4216f-8def-43ee-99ec-3a45e2d06fa8,Play Store,very quick order,5,2026-07-25T08:12:05,0
e5b0317b-b45e-4e45-8c85-b0fe402b2b45,Play Store,"very helpful to get items needed, also as soon as possible ❤️",5,2026-07-25T08:11:27,0
adb67630-fece-4be3-a317-3dbf6388a176,Play Store,very useful,5,2026-07-25T08:10:55,0
80f25276-c5b6-4a56-b350-f3e316f563d0,Play Store,fast delivery,5,2026-07-25T08:10:00,0
5664a3cb-03d0-48af-86ed-0ffc2bb4e2bc,Play Store,good,3,2026-07-25T08:08:49,0
adc79c1d-6732-4a87-a5db-904898117aff,Play Store,nice,5,2026-07-25T08:08:38,0
994f7de5-048f-4273-85bf-838213b147ac,Play Store,good service,5,2026-07-25T08:07:43,0
0c47527c-5811-4037-8620-24224f691598,Play Store,shame on you,1,2026-07-25T08:04:14,0
c3abb25b-bd71-4136-a712-b4f497858617,Play Store,nice 📈,5,2026-07-25T08:03:38,0
46ddb650-b398-4d81-9f38-c438ebeaacb1,Play Store,goood,5,2026-07-25T08:03:24,0
b45fad50-674b-4309-808a-07107e9df309,Play Store,great,5,2026-07-25T07:59:58,0
7f48de3a-2531-4caa-9365-2cc5ec396e94,Play Store,kam quantity ka saman nahin hota Hai................... jyadatar product out of stock hote Hain,4,2026-07-25T07:56:29,0
81e02656-9c1c-4898-bc90-92eb5e69d959,Play Store,no delivery since yesterday am waiting for it to start again,1,2026-07-25T07:54:15,0
bdce10a8-8b42-49fa-b30b-5648a9c915e8,Play Store,this app is very good,5,2026-07-25T07:51:56,0
c0981dcb-8a64-43dc-ab53-7a3bab6a29a2,Play Store,very good app with fair pricing,5,2026-07-25T07:50:39,0
f4bec701-21d7-4f99-b082-ac05a6de6498,Play Store,sooo convenient for emergency situations,5,2026-07-25T07:47:10,0
49b91459-c5ab-4118-a97a-ce6e3a6a3eb9,Play Store,"This is fraudster app, thats y I alwahs use Zepto. I clearly added and placed order for 3 items. They accepted 1 order and delivered item whereas other 2 items are not out of stock. I ended up ordering twice and paying handling charges twice which is pathetic. Fraudsters.",1,2026-07-25T07:45:00,0
c438ccce-7aba-4b51-aa9a-1b69767b63ba,Play Store,nice app,4,2026-07-25T07:45:00,0
2dc5835b-3e54-4479-9812-5f6c5fa4e978,Play Store,nice 👍,5,2026-07-25T07:44:42,0
33958667-af52-45c0-af5f-fa36113fd2ca,Play Store,best👍,5,2026-07-25T07:43:19,0
7ad435ab-bacd-4037-91bc-6aca743a03e4,Play Store,I think good products and good service,5,2026-07-25T07:41:46,0
2e2d960e-c39a-4150-9cdb-7a2a99feaf8a,Play Store,nice experience blink is very smooth and fast delivery,5,2026-07-25T07:40:32,0
4f210649-744a-48fe-b162-149481ca738b,Play Store,quick and good pantry,5,2026-07-25T07:36:02,0
938e8805-93de-444b-ba67-21259a0f41c1,Play Store,yeah they are doing well work,5,2026-07-25T07:35:59,0
5138ab22-39fc-4cd3-b36f-cc7b28f6f31f,Play Store,speedy and service it's help to me,4,2026-07-25T07:32:09,0
844fefae-bcad-4c14-a17c-f2b213b57bc2,Play Store,send food to those in need,1,2026-07-25T07:30:47,0
33369daf-d232-4f43-a78b-b769cb1cb746,Play Store,🫶🏻,5,2026-07-25T07:30:37,0
297132e7-724d-42c4-bc01-533157b92e6d,Play Store,super,5,2026-07-25T07:29:42,0
6c2accff-fd81-4464-8449-80f992f004cf,Play Store,Recently I have experienced that product icons of the app are not visible. Kindly look into it and fix the problem. If we can't see the product. When we navigate through the categories it's tough to place quick orders,3,2026-07-25T07:26:53,1
997f91f8-861e-490b-9561-b574e4171af0,Play Store,good 👍,5,2026-07-25T07:25:24,0
b4407336-f550-4b39-b232-d4e70a163cb8,Play Store,great service,5,2026-07-25T07:25:20,0
0e8767ba-dec4-4651-b92c-11278dc82ccd,Play Store,"99/100 times, blinkit meets expectations. 1 Request, please apply more discounts on products",5,2026-07-25T07:24:47,0
57bc3125-bd6f-4616-b2ff-a4fdda50c237,Play Store,good,5,2026-07-25T07:18:30,0
0630b4d0-7aac-495b-a90b-d7fc846f1ac9,Play Store,🥰🥰,5,2026-07-25T07:17:38,0
8bfdd6a5-f477-42b7-a84b-59f7fa0e01fe,Play Store,please kocham fast ga evvanddi,5,2026-07-25T07:16:43,0
d3ce15f6-f3b5-4c13-a1f5-00f28d0ee3ba,Play Store,good,4,2026-07-25T07:14:15,0
93fa24dd-d904-429c-8a42-9f19c7246468,Play Store,best,5,2026-07-25T07:14:09,0
621c8aee-a53d-4b65-8ef3-1b95f2ed0b13,Play Store,awesome 👍,5,2026-07-25T07:13:08,0
19b80280-6572-462a-86b0-19500009f92d,Play Store,very fast delivery,5,2026-07-25T07:10:47,0
e8e5c73d-c1b6-4e9a-8a76-7a38d02ae181,Play Store,good,4,2026-07-25T06:53:26,0
3139aff0-f559-4cac-a242-04561ad6e5d0,Play Store,good 👍😊,5,2026-07-25T06:50:55,0
b4b124dc-942d-47e8-a90b-673b607efba2,Play Store,nex level,5,2026-07-25T06:46:38,0
10737263-7894-4817-8bdc-23de1a502c6a,Play Store,very nice,5,2026-07-25T06:37:30,0
881a5df8-3c02-4f4a-b47b-2b1ab6688694,Play Store,the rates are high compared to other but providing wide varieties,3,2026-07-25T06:29:59,0
70150f9e-0d95-41f2-9fb1-9b58137c68a5,Play Store,Very good and fast service.. very reliable,5,2026-07-25T06:28:54,0
21fe3fdb-6745-4b66-b7f9-daf50320a398,Play Store,good,5,2026-07-25T06:21:11,0
e308689d-121e-4f2f-9386-c9d8a0176372,Play Store,fast & Seamless Performance ❤️‍🔥💯,5,2026-07-25T06:15:57,0
062152bb-2dbf-40ec-b8cb-abe676359c12,Play Store,ok,5,2026-07-25T06:13:23,0
dc182bbc-ca30-48b5-886e-fd5b4fa3a94e,Play Store,superb.,5,2026-07-25T06:12:53,0
3e416f5b-cd92-4f6d-a62f-8aaae4ea23c3,Play Store,👍🏻👍🏻,5,2026-07-25T05:57:57,0
4f39c8a2-72ef-4edf-bb4a-0ee3cbd740b9,Play Store,items are always missing. very poor experience,1,2026-07-25T05:43:33,0
9f6079be-9dcb-495f-afb5-becf72173b9d,Play Store,good,5,2026-07-25T04:26:10,0
6c04b931-88c5-4cdf-85a7-1b6182ca3d97,Play Store,best,5,2026-07-25T04:04:02,0
83930182-1a9a-4fec-995a-7e04729430cf,Play Store,"payment will deduct from our account , again refund takes 5 to 7 working days. location won't understand for the delivery people, wrost service for my first order",1,2026-07-25T03:56:38,0
2c9224e3-96b8-40cc-8561-344fb8050351,Play Store,"I bought Boult W20 earbuds from Blinkit, but they are defective. Only one earbud works at a time—sometimes the right one, sometimes the left. I completed all the troubleshooting steps suggested by customer support, but the issue still wasn't resolved. I'm disappointed with both the product quality and the support I received. I expected a replacement or a better resolution. from Bangalore thigalarapalya",1,2026-07-25T03:52:07,0
5754025d-4192-45b9-a4d0-2da856bbcd17,Play Store,Extremely prompt and supportive team at Blinkit...even in 4 am delivery requests,5,2026-07-25T03:46:07,0
2b6d86fb-ea2b-41e5-a442-09e4924b08a2,Play Store,delivery boy didn't came to deliver. causing trouble and money both. fake app,1,2026-07-25T03:45:11,0
2983877c-16bb-4a3c-bc67-2d4113713af0,Play Store,spineless people stopped delivering at the protest site. shame on you,1,2026-07-25T03:35:13,0
5e6d3a41-f540-43c0-8280-3929a0caeba2,Play Store,awesome and fast delivery best package,5,2026-07-25T03:21:59,0
3f2ce2fa-4d14-4815-9f91-04e2337c82f4,Play Store,good,5,2026-07-25T03:16:17,0
8b828916-6aa0-4296-9628-c2fb8a5d4a0e,Play Store,very good service,5,2026-07-25T02:54:27,0
2872d773-3954-4102-bc28-92b8e432c5f6,Play Store,great service always,5,2026-07-25T02:05:00,0
60d615f1-2f5e-436c-a7ff-c49a647d584b,Play Store,very. nice,5,2026-07-25T02:02:12,0
c79fa888-b9ed-4640-9d6f-ff2bb492d748,Play Store,Good 👍😊 happy with service,5,2026-07-25T01:59:44,0
34c7d62a-7edc-4363-be23-0f8a53958e2e,Play Store,good,4,2026-07-25T01:53:40,0
8d971f32-c7ac-4529-9282-61fef22c2975,Play Store,good work,5,2026-07-25T01:46:51,0
c91de821-740a-493e-af1c-35c9290546fc,Play Store,"wrost experience, totally waste don't waste time on this",1,2026-07-25T01:44:44,0
607f156b-de2e-4919-bbdd-0aedc4317b3b,Play Store,excellence,5,2026-07-25T01:44:04,0
3992e13d-f3bf-4dfd-917d-da731404a681,Play Store,good application,5,2026-07-25T01:43:14,0
ef965d63-4e8d-4cb8-a628-228638021afb,Play Store,"Very worst customer friendly, less no of products available, more concentration on advertisements rather than on customers, I don't think blinkit is going to win over other instant delivery apps..",1,2026-07-25T01:43:06,0
ccc45d6b-0362-47b1-bf9e-8733dfe9458f,Play Store,in my location they will not delivered anything,1,2026-07-25T01:32:30,0
16a45bac-822c-4934-8784-3cda4232d907,Play Store,very fast,5,2026-07-25T01:27:11,0
0cc6f01b-4a25-48c3-b50d-6aa82d89e1ab,Play Store,because blinkit blocked food dilivery in cjp janthar manthar protest area shame on you blinkit,1,2026-07-25T01:26:36,0
978fad4a-32bf-4b40-9748-f062b633fc3d,Play Store,good warking,5,2026-07-25T01:24:29,0
1e1100f6-84ab-4842-88c1-c59599237655,Play Store,very late service,1,2026-07-25T01:24:04,0
01e238ab-326b-4dea-8504-d84dfcb486a5,Play Store,Best service for last minute printouts.,5,2026-07-25T01:11:39,1
534a8889-ea1c-4474-95a4-da33f40f99a1,Play Store,too late and costly,1,2026-07-25T01:08:37,0
c7960ebe-ec18-452a-8ac3-f8e928ed41e6,Play Store,always serve chilled,5,2026-07-25T01:07:17,0
83cd8baa-e835-468e-9d07-1ce7a4fb59fc,Play Store,Disgusting,1,2026-07-25T01:03:46,0
65f47e72-9703-4991-8e4c-572c476ce2ae,Play Store,Great 👍,5,2026-07-25T00:59:34,0
419466a2-6d81-4877-89c7-7069ed3e0028,Play Store,"Very poor services nowadays. Even the app is very poor compared to other similar existing apps. Even if you want to refund the defective product, you are not given option to choose time when to collect, will send for collection evenbat midnight. very poor.",1,2026-07-25T00:58:02,0
6efae0d9-0a8f-41e7-99a4-5751120e3aab,Play Store,i ordered a fan but it's not working when I reached to customer support he tell I can proceed,1,2026-07-25T00:52:26,0
83318f4d-6d7c-4554-b9b5-69d67160f9a3,Play Store,very quick and nice package,5,2026-07-25T00:51:08,0
6386e21c-c3ad-4be1-a0a4-26719b6a3684,Play Store,bikau plateform,1,2026-07-25T00:44:54,0
b033b476-f9ca-461c-815f-28583128b2c6,Play Store,very bad,1,2026-07-25T00:42:08,0
39b19240-851b-4a1c-9c23-5f30ab16a9f1,Play Store,"I ordered a new pair of earbuds, but I received what appears to be a used product. The yet the delivery person did not wait for me to inspect the item. As soon as I checked the product, I immediately called the delivery person, but he refused to take it back and asked me to raise a complaint instead.The entire incident, including the delivery and my conversation with the delivery person, was recorded on my home's CCTV camera they not ready to resolve. blinkit is big Scam platform i suggest don't",1,2026-07-25T00:39:30,0
65bac94f-155b-4943-8f11-ca377767e583,Play Store,i hate you,1,2026-07-25T00:38:15,0
0d04d7ce-2091-4df3-90a2-f693892a8fd7,Play Store,good 👍,5,2026-07-25T00:38:08,0
5864e88e-f58a-4117-8508-e49737069274,Play Store,best minutes app in ind,5,2026-07-25T00:35:48,0
ce11e4a7-a5a5-4e0b-97de-a319f016d857,Play Store,nit received total product,3,2026-07-25T00:34:21,0
3bb0d8a6-7698-4adb-a7f7-29f450ec49ae,Play Store,horrible service and very expensive app I hate it,1,2026-07-25T00:33:20,0
02600272-d571-430e-b28f-49013973f633,Play Store,left us when we needed you most,1,2026-07-25T00:28:16,0
ca4731b4-24af-49d6-9cd0-cf3e44377d31,Play Store,nice,5,2026-07-25T00:24:06,0
8c0d91da-0ab5-4cdc-820b-9a576f34867e,Play Store,get more offars &ret not benifit,3,2026-07-25T00:22:38,0
1f6690ea-7de9-46aa-9026-41e680c8864f,Play Store,"Very unprofessional people, Unmanaged team.",1,2026-07-25T00:20:31,0
b131850c-0614-459e-8eba-37c708cbf5ba,Play Store,just Amazing,5,2026-07-25T00:18:22,0
21eaec5c-8b78-438c-8703-38a03a640690,Play Store,very good sarvice,5,2026-07-25T00:18:15,0
e0318094-486f-4bee-a17d-03712cecc270,Play Store,blinkit items charge okay but any charges very high blinkit app not interested,1,2026-07-25T00:17:53,0
85dee6c8-7071-4003-914e-dc8c779b1b03,Play Store,fast service on time,5,2026-07-25T00:16:46,0
a5212a47-f230-4427-9789-f75b2ac3db95,Play Store,nice service,5,2026-07-25T00:15:17,0
3012fd5c-c92c-47a0-94bc-7c90891ab460,Play Store,worst experience overall. delivery guy didn't deliver the item but he just gave delivered and went off. while we talk with the support. they initiated refund. that's it actually I ordered for an very very important cause such an irresponsible behaviour,1,2026-07-25T00:12:19,0
136c985a-4141-4a7e-ae89-45b109af95a5,Play Store,nice 👍👍👍👍,5,2026-07-25T00:09:37,0
13e1ee1e-8196-4db1-aaeb-ce4a4214eb71,Play Store,"literally product are missing from my order, I have already paid. please don't fool. bad experience 😪",1,2026-07-25T00:09:14,0
fc4e65a3-8e80-410b-99fb-4930472f9a49,Play Store,very poor service very bad not recommended,1,2026-07-25T00:07:37,0
d871d84b-2d63-40a5-98f8-87a8e28de804,Play Store,very bad experience,1,2026-07-25T00:02:10,0
fe10bfa5-3142-4489-8869-1232bc7a1765,Play Store,Really it is a last minute ordering app. when I required I ordered at last minute,5,2026-07-25T00:01:48,0
b584263b-62fb-40dd-bd6a-2d17a2dcd22c,Play Store,super,4,2026-07-24T23:59:02,0
84ec7488-883e-4455-b101-4009f76ad4fe,Play Store,very bad service,1,2026-07-24T23:57:33,0
1212ea5d-a963-41fc-9e45-86a42b284712,Play Store,very good,5,2026-07-24T23:56:52,0
5b1952f9-7cd9-4608-83d8-6de7851d7a76,Play Store,jab a jayega tab reting denge achha 5 ⭐,1,2026-07-24T23:55:08,0
9c3bfe82-4627-4175-9a6a-7555b911cfbd,Play Store,good 💯😊,5,2026-07-24T23:53:40,0
154d08f5-6a85-495d-a75e-68ead6b150e9,Play Store,dalle hain bkl,1,2026-07-24T23:52:03,0
28724800-3fb3-4714-ae67-db455fee4c9a,Play Store,too expensive then others,3,2026-07-24T23:50:09,0
b637dfee-7af0-47a9-9c04-e5a8c8469f39,Play Store,EXCELLENT,5,2026-07-24T23:48:57,0
42a2c978-27e8-4a8e-a80e-42924d94d7c6,Play Store,good app,5,2026-07-24T23:48:00,0
81670c2b-3fe0-48d1-885b-65de30695097,Play Store,good service and fast service,5,2026-07-24T23:47:22,0
b22d6067-be60-481e-964b-cec43cd4de37,Play Store,good,5,2026-07-24T23:46:09,0
2d86bc7d-c9b9-47dc-b95a-440fadb4e9db,Play Store,so good,5,2026-07-24T23:45:28,0
61d446d4-b518-430b-b100-431ff7a079bd,Play Store,good service I am happy with us,5,2026-07-24T23:45:26,0
7cd2e2e1-0f72-4d02-9bbc-375b6a3b16d3,Play Store,delivery is slow here in raipur,2,2026-07-24T23:45:19,0
cd1ba997-18b3-42e2-8f6e-1557becaf0e5,Play Store,Nice and useful 🥰,5,2026-07-24T23:45:14,0
5a9aa930-ee01-47b0-9e00-4ff95fe188f5,Play Store,छान,5,2026-07-24T23:44:22,0
ff6e3b75-97c9-42d3-9d36-eef27937ea5a,Play Store,It is very good and safe,5,2026-07-24T23:44:15,0
7eb56693-5694-4323-a2e8-1823140d1390,Play Store,❤️❤️❤️❤️ as,5,2026-07-24T23:44:05,0
57d0d01e-7257-4805-941d-884fb78a5ccf,Play Store,"This app is absolutely rubbish... not a single order of theirs reaches home in good condition. Sometimes the packaging is torn, sometimes the items are dirty, sometimes they are stuck to the packaging, and sometimes they even smell bad; the truth is, they just can't handle it. They fail to provide the peace of mind one gets from personally checking and buying items at a local store.",1,2026-07-24T23:44:05,1
2bce142a-be5f-4922-9a4e-f7169abfa731,Play Store,everthing is good,5,2026-07-24T23:43:22,0
885a0082-034f-4ca1-931c-660c30bd7bd5,Play Store,Good... Appreciate the doctor Calling and checking. before confirming...,5,2026-07-24T23:42:24,0
69d58a63-b719-465e-9fe0-2407e26ab492,Play Store,Very fast delivery,5,2026-07-24T23:37:43,0
824892b9-5f35-4307-a3dc-b0fe8ea52016,Play Store,best,5,2026-07-24T23:37:20,0
5657662c-a5c6-4a60-9156-0e918266ca79,Play Store,beat experience,5,2026-07-24T23:36:03,0
a92db9ab-9c6f-4e50-a3dc-c6aa86f4effc,Play Store,18% off on everything,5,2026-07-24T23:34:33,0
c9136430-0dcb-463c-add3-7f5d0c1fc99e,Play Store,received broken item,1,2026-07-24T23:32:26,0
9c7930cb-079d-4c26-bbbd-203443d240a9,Play Store,good,3,2026-07-24T23:31:13,0
58b0b3e7-c2f4-4173-af48-af39a5824740,Play Store,"My husband forgot my birthday but in last hour he ordered a cake from blinkit and it's delivered in some times, unforgettable moments with blink it",5,2026-07-24T23:30:51,0
01dfcbff-c1a4-4f9c-a6a5-22db2f2391c5,Play Store,gud,4,2026-07-24T23:29:59,0
3976d194-bc26-4d44-811b-39f431a29be1,Play Store,super,5,2026-07-24T23:29:20,0
954afcbb-758c-4bbd-9722-0c2494eaf175,Play Store,nice,1,2026-07-24T23:29:12,0
f0182d03-ab25-466c-b9a9-b9c519d731ff,Play Store,excellent service,5,2026-07-24T23:28:10,0
19fa5b47-1b2a-4854-9471-aa2585375fae,Play Store,nice,3,2026-07-24T23:27:56,0
02506927-a12a-438f-a56b-9d85899c21c2,Play Store,super,5,2026-07-24T23:26:49,0
149ad356-cddd-44c0-befd-b892c77be156,Play Store,good app ..,5,2026-07-24T23:26:48,0
3c9b2320-593f-41eb-8174-e75f6889bc3c,Play Store,🤩,5,2026-07-24T23:26:30,0
c5756820-d6c6-461a-b484-15359d0718dc,Play Store,good,5,2026-07-24T23:24:32,0
05b5c287-f90a-479b-b180-ae8a2a5006d6,Play Store,good,5,2026-07-24T23:23:29,0
7e264791-a8ca-414b-83f1-1c150528d72b,Play Store,too costly,1,2026-07-24T23:23:13,0
3263ba5c-dd90-4f0e-8cee-ef8d77f11424,Play Store,Best fast,5,2026-07-24T23:22:11,0
ff96b3e3-b927-4c17-8367-bb90d2ab4c40,Play Store,best,5,2026-07-24T23:20:28,0
66395462-51a6-426d-8883-fe89fd82d9f9,Play Store,fraud owner,1,2026-07-24T23:19:32,0
04b08edb-023b-45d5-8423-502df29bf291,Play Store,Good Application,5,2026-07-24T23:19:27,0
dc065fd1-3ed8-446a-9d07-ac645afa0ea2,Play Store,good good,3,2026-07-24T23:19:06,0
0686cdc4-91ea-4d2e-8fc3-29146e8254dd,Play Store,jaldi aao,5,2026-07-24T23:18:45,0
f2671b7b-9ac4-4b4e-b075-bf28e88e657a,Play Store,fast,5,2026-07-24T23:18:19,0
88fc6979-8e88-4a60-822d-46101772599d,Play Store,such a pathetic app.. left youngsters when they needed you.. will never use your pathetic app again.,1,2026-07-24T23:16:25,0
789564ec-7d69-4aa4-a74d-162705da1f62,Play Store,good service 👍,5,2026-07-24T23:13:42,0
c046a0a7-952f-42a6-a1a3-041000997443,Play Store,it's good,5,2026-07-24T23:13:28,0
7c6316eb-87f7-4e9e-bc0b-30413edd162e,Play Store,fast service good,5,2026-07-24T23:10:56,0
8cd51ca3-750c-42ff-aec0-19e07de4a7cf,Play Store,so good,5,2026-07-24T23:09:19,0
ab9fcf9e-2830-4197-99a1-911bc481a7d4,Play Store,just nice blinkit help me alot,5,2026-07-24T23:08:33,0
7d6ace95-280e-44b1-89c8-882e185b725e,Play Store,super,5,2026-07-24T23:07:45,0
104648d0-5123-4abd-8ac1-ebc5c5b90184,Play Store,amazing aap very usefull,5,2026-07-24T23:07:22,0
c69221cf-e006-4957-bd7a-191ff34e77bb,Play Store,good,5,2026-07-24T23:06:40,0
cdb451a2-7d5e-4b5d-968b-7cf063e05bac,Play Store,change the handling charge only,5,2026-07-24T23:06:36,0
85bd84a3-f58f-4a54-80f9-02837973216d,Play Store,very nice service,5,2026-07-24T23:06:02,0
e07b2136-d986-486d-8e8b-97574a696df5,Play Store,good 😊,5,2026-07-24T23:05:55,0
2760fed3-3fd3-43d3-857f-92ebb7f3bc26,Play Store,nice 👍,4,2026-07-24T23:04:09,0
5bb202ce-2ca4-475a-a62f-8195f0dea8a2,Play Store,good aap,5,2026-07-24T23:03:18,0
8b35c0a0-6c9a-434f-a2b1-28db6f4279bf,Play Store,Great Service,5,2026-07-24T23:03:10,0
fb90dfa7-2903-467b-a4d9-e2b8d43eb865,Play Store,good,5,2026-07-24T23:02:28,0
d11728fb-cb1d-4629-bb40-9a39b40cdccb,Play Store,When an app is genuinely good despite some odd criticism it always stands out.,5,2026-07-24T23:02:04,0
d6459fa9-b646-4f67-83c3-c42180078957,Play Store,good,4,2026-07-24T23:00:15,0
23203bcc-8f66-494a-909e-7fe2124a9f96,Play Store,good,5,2026-07-24T23:00:15,0
949605e0-40f0-4a8b-8e2b-e5dc189fb315,Play Store,supre,5,2026-07-24T22:57:46,0
1709fb5f-1bef-4baa-9b73-ba96a83cfc52,Play Store,thank you,5,2026-07-24T22:57:38,0
62b816d6-f736-44a7-8288-329b1b96ee21,Play Store,good,5,2026-07-24T22:57:04,0
ce84e1ff-5db9-4cfb-967c-7d2415948db0,Play Store,really nice service,5,2026-07-24T22:56:35,0
4e4cb265-2d27-4a77-95f2-f17b42258baf,Play Store,not good experience. again provided damaged cover sanitary napkins looked like they were picked from some stores corner. the store manager did not check the cover is scratched or not. raised complaint about this but the customer care said we don't have an option regarding this. careless system,1,2026-07-24T22:55:54,0
764ad511-fdb1-4fc7-9feb-9a98a8fb8c1c,Play Store,"easy to use..and it's user friendly for kids as well, In this busy robotics life Blinkit made our some works easy. Thankyou for your excellent service 👏😊",5,2026-07-24T22:55:33,0
dec55d4d-28a3-49c8-ae47-32c6255f4f0a,Play Store,good app,5,2026-07-24T22:55:21,0
f076e214-e1de-4a40-836f-889557209b6e,Play Store,price to much good 👍🏻,5,2026-07-24T22:53:18,0
54a87300-2781-4a9c-885e-e890989c5df4,Play Store,"payment doesn't work for the first time, always gets debited but order doesn't get placed.. Though we get the money back, it's a frustrating experience.",1,2026-07-24T22:52:47,0
d55b87f3-af17-40e0-9c60-cb1a947ee2e6,Play Store,this is very helpful for every sechvation,5,2026-07-24T22:51:58,0
1e45c8bd-8f1b-42d5-9d55-92b779fbfd9c,Play Store,Very high delivery charges and high demand charges too... charges more than that of the actual product price,1,2026-07-24T22:51:39,0
585ef907-5a0b-4088-9242-cbd42b528986,Play Store,please avoid blinkit. bad quality products delivered. horrible experience. stay away from it.,1,2026-07-24T22:50:55,0
82cd2799-ce9b-4881-bcec-10e3cb0d8be1,Play Store,your delivery boy take extra charge for early order,1,2026-07-24T22:50:51,0
f0b9de14-5567-4330-ad6f-0274b7e7a568,Play Store,useless when must needed.,1,2026-07-24T22:50:38,0
b88da4a2-e050-46c5-9240-63f7519e2091,Play Store,good,5,2026-07-24T22:49:37,0
873ae030-fb0a-4b60-9e54-27d1b780c3e3,Play Store,"Excellent, Super fast delivery and neatly packed👌👍",5,2026-07-24T22:49:06,0
5483ab8a-3320-41a0-95b1-204446660400,Play Store,good,3,2026-07-24T22:48:49,0
80d11918-1d02-4094-b102-f0878435a5f5,Play Store,bhot hi badiya hai,5,2026-07-24T22:48:42,0
ed8089aa-a321-492f-ac25-2f752cf5fafa,Play Store,nice app,5,2026-07-24T22:48:38,0
b6997368-03f6-4f18-be0f-b1f5b44598cb,Play Store,very good app,5,2026-07-24T22:48:22,0
560a0a02-2927-4498-8797-a12f19e8a719,Play Store,very good,5,2026-07-24T22:47:38,0
4821d49f-6956-4f21-bde8-0db9d5b888bd,Play Store,"Compared to Zepto, the products are more expensive on Blinkit.",1,2026-07-24T22:47:33,0
ac319bd8-a597-483e-b5fc-0acd45c68a5a,Play Store,don't use this app very bad experience,1,2026-07-24T22:46:09,0
d0074d55-18d5-4d19-9e66-b1d4355d1be2,Play Store,good,5,2026-07-24T22:45:51,0
779fb887-aa40-4b29-acc0-d37f2960799c,Play Store,good and fast in delivery,5,2026-07-24T22:42:32,0
07b3e573-d1ae-4fbc-833c-323b8705e250,Play Store,best grocery app,5,2026-07-24T22:41:26,0
44861386-4257-46f6-89b8-2a66a44fdb04,Play Store,good,5,2026-07-24T22:40:47,0
62c40d97-d167-4793-84da-189c625bcbbe,Play Store,good delivery,4,2026-07-24T22:40:25,0
4dc8f65d-dbe0-4e7e-a4e6-19c9d1f89561,Play Store,Good 👍,4,2026-07-24T22:37:21,0
7c84254c-a557-4cc1-ba02-1f8c08b8da42,Play Store,perfect app for me as I am a person with children,5,2026-07-24T22:36:47,0
bb355eaf-0d77-44c9-a7ec-cb87076f7aaf,Play Store,fast please,5,2026-07-24T22:36:38,0
77dcf135-4bb9-42c3-b26e-fe4401ba2b54,Play Store,Ultimate service provider Thank you Team BLINKIT,5,2026-07-24T22:36:36,0
53e0b100-18a3-426f-b926-c5e1f461b4e3,Play Store,bad sarvise,1,2026-07-24T22:36:29,0
ba0e74e4-584f-4d02-a6ab-bee2a969f8b7,Play Store,super protein,5,2026-07-24T22:35:57,0
7782dbbc-89dd-4282-b9c6-de5f59a97328,Play Store,wrost service,1,2026-07-24T22:35:55,0
44e47834-be14-48c4-aa14-ce31997ece6b,Play Store,nice 👍,5,2026-07-24T22:34:47,0
e6973eb1-c9b1-4970-bca5-bb78c6c26087,Play Store,Very good 👍😊,4,2026-07-24T22:34:03,0
578b1676-f1e9-4d9d-91d1-e5339f7b0b67,Play Store,nice,5,2026-07-24T22:33:37,0
b5984b9e-839c-4d97-855f-6da9782db127,Play Store,good sarvice..,4,2026-07-24T22:32:12,0
2e3a5c31-982c-466b-8f88-76a3bf0d9b0f,Play Store,Nice💯,5,2026-07-24T22:31:10,0
492be41c-ad6c-4887-af04-c49e2924800c,Play Store,why there is no UPI ID option or removed from the current app?????,1,2026-07-24T22:30:53,0
880efbf4-39b3-445d-a9d5-29eb242ce4bf,Play Store,good response,5,2026-07-24T22:30:49,0
57eb0577-c428-4f92-bbd6-0e4044d31fad,Play Store,it charge double than the cart price,3,2026-07-24T22:30:06,0
557c1966-21b3-4e41-a429-12ca630e1241,Play Store,👍 nice,5,2026-07-24T22:30:02,0
6cc01218-5672-4bc8-a66f-e7b22ff63c46,Play Store,wow nice 👍,5,2026-07-24T22:28:43,0
baf5ae40-8f69-49e8-a839-07676ac9230a,Play Store,thank you,5,2026-07-24T22:28:42,0
5440ed08-2cda-4d79-a812-2990190d90aa,Play Store,good,5,2026-07-24T22:28:35,0
f46eb095-5ee0-4458-bf0e-35d4621d0d22,Play Store,great 👍,5,2026-07-24T22:28:26,0
ea324e0e-47f8-4424-8af3-fc42014b70fe,Play Store,"Very disappointing customer service. Blinkit's support was unhelpful and took far too long to respond. Instead of resolving my issue, I kept getting generic replies with no real assistance. It felt like they didn't care about customer satisfaction at all. This was a frustrating experience, and I expected much better service. I hope Blinkit improves its customer support and handles customer concerns more responsibly",1,2026-07-24T22:25:41,0
617fbbd1-c6c2-4af8-bb56-80dea8df2b66,Play Store,nice,5,2026-07-24T22:25:31,0
6cd5c1cf-4411-4c48-81e4-a6e18f2c85ec,Play Store,very good,5,2026-07-24T22:25:19,0
0f14f914-5702-43a7-81a1-c6da7ac2f5e5,Play Store,nice,5,2026-07-24T22:24:47,0
ed8bf69f-3ea6-40b7-b0f5-2bbc5b4a8f33,Play Store,👍,4,2026-07-24T22:24:27,0
2787a793-03bb-4fd7-8d2b-bf589e24e323,Play Store,very nice app,5,2026-07-24T22:23:43,0
396c7601-43c4-4d6c-a2b7-e23d3909d485,Play Store,good 👍,5,2026-07-24T22:23:33,0
437621ab-2f4f-4534-897c-747e1aa9f998,Play Store,"Excellent app! Super-fast delivery, easy to use, and reliable service. Highly recommended!",5,2026-07-24T22:23:26,0
e58cdbeb-9114-4296-9ac6-d356bf51d3d5,Play Store,Great,5,2026-07-24T22:23:18,0
99acae6c-e243-4b21-b79a-691ef5d7dad3,Play Store,👍🏻,5,2026-07-24T22:22:40,0
b51d6688-11fd-4db9-a0bb-3071335dc3c9,Play Store,wonderful app😊,5,2026-07-24T22:22:05,0
920ad8a4-a3eb-4db7-9369-fced2b2d0b8b,Play Store,worst experience cashback not received,1,2026-07-24T22:21:44,0
8d57c2eb-c45f-44d2-ae8d-374ba749996c,Play Store,not better service plz improve and don't any reason cancel order,3,2026-07-24T22:21:30,0
787b726b-e175-4637-b35a-52a6950b5fad,Play Store,good,5,2026-07-24T22:20:56,0
bdaf0d86-2110-4004-9f41-73ceb5a92cc6,Play Store,good,3,2026-07-24T22:17:57,0
e454bbe2-5736-44a2-ac69-87e6612ed8e8,Play Store,awesome,5,2026-07-24T22:16:36,0
74e381e2-60cd-42ea-8b6a-3d3ec7598523,Play Store,very good,5,2026-07-24T22:16:16,0
bd113bdb-222d-4404-acaf-cb89bb751346,Play Store,nice,3,2026-07-24T22:16:02,0
a75ccb56-b328-4515-95f8-2115d100c592,Play Store,nice service,5,2026-07-24T22:15:00,0
53f3b299-ee74-4796-8141-b12d3e571303,Play Store,Very fast,5,2026-07-24T22:14:21,0
d47e5936-992e-4f90-ae09-0ad03b8e7c2b,Play Store,bahut badiya ghar baithe har saman easly mil jata hai paise to har chiz ke lagte hai ye to enjoy or time bachat ka kharch hai bhai gud hai ji gud hai,5,2026-07-24T22:14:01,0
dec1584b-e8b6-4c1e-8730-d7c1d1758f05,Play Store,nice 👍,5,2026-07-24T22:13:53,0
281b28b3-cff3-40a3-984e-f1f192669c77,Play Store,uninstalling in protest,1,2026-07-24T22:12:31,0
4ba0d45c-b363-44ab-9e75-524f57814f4d,Play Store,it's very good service,5,2026-07-24T22:11:57,0
7f2d9eb9-0e0f-4ea4-8c80-d4e5eaf86fc1,Play Store,"Driver partner excellent,but product not good",1,2026-07-24T22:10:54,0
32831879-b956-49d0-8ede-964a31204036,Play Store,Superb...,5,2026-07-24T22:09:53,0
2e1509c6-ad4c-48de-9f20-554d563f8264,Play Store,worst customer support... there is no call option and through texts they won't understand the problem and keep on sending the same messages... worst ke worsttt it is .... if u have cash and no amount in account then u should opt for blinkit. becz the delivery partner won't accept cash because they won't have change nither in their account .... worst chiii,2,2026-07-24T22:09:53,0
8bb48c21-38d6-449a-859e-c6caa9f8e73e,Play Store,good app 👍🏻,4,2026-07-24T22:09:49,0
42ac52bf-3c66-49ea-b216-41e377311dee,Play Store,best app and really faster,5,2026-07-24T22:08:41,0
638b7ef1-484b-4b3e-b751-5f4bd741c692,Play Store,good,5,2026-07-24T22:08:40,0
153413eb-7fad-4f3c-bfce-45b1e35704a5,Play Store,good,5,2026-07-24T22:07:53,0
d68221a9-d7f9-471d-b1dc-e0d9638d7d39,Play Store,always unavailable like From past 5 days it has been showing me only this unavailable like why?? Now I'm really disappointed in this app like what do you mean everytime I open this app and it says we are unable to provide service! like what is it !,1,2026-07-24T22:07:49,0
138a63c2-3255-4d7f-afcb-1407f2425d0e,Play Store,nice,5,2026-07-24T22:07:27,0
abc7a97f-a7e2-4a54-8baf-ee20b16ec8a7,Play Store,worst delivery,1,2026-07-24T22:07:10,0
b374534f-c48e-4a25-93ae-b0262cb628e9,Play Store,good,5,2026-07-24T22:06:52,0
7772ec30-6d45-4485-8017-fbb26e751bfa,Play Store,verry good 💯,5,2026-07-24T22:06:47,0
caf1c40a-fa51-4059-b51d-af166c482b5f,Play Store,yupp,5,2026-07-24T22:06:32,0
8e0491e2-55c2-47a1-9f03-4c308dbd31de,Play Store,best last minute app but give less discount,3,2026-07-24T22:06:31,0
3a54fdf2-981b-44f5-9baf-b7e346ddfd4f,Play Store,nice,4,2026-07-24T22:06:29,0
41b91234-2925-4e5a-a31e-09a7ca51c5d5,Play Store,very fast,5,2026-07-24T22:06:01,0
b6ccfc2d-4548-4301-8636-a33ecb96ba0f,Play Store,cool ..... .,5,2026-07-24T22:06:01,0
88e53a60-b0eb-4ec7-a4b3-39f8540fed95,Play Store,nice,5,2026-07-24T22:05:55,0
7c5b10c7-b475-4515-9051-c697e0bd2f37,Play Store,he. sell. non. veg. in. Vrindavan,1,2026-07-24T22:05:47,0
96617e7f-95d1-40df-ac48-67a7e1c27150,Play Store,"I bought two cables from you, each costing between ₹300 and ₹400. Unfortunately, neither of them even lasted for a month. After the first one stopped working, I decided to give your product another chance and bought a second cable, but the same issue happened again. When I requested a replacement or return, it wasn't accepted. Instead, I was kept going around in circles without getting a proper solution. This was really disappointing.",1,2026-07-24T22:05:33,0
00c62260-b661-4c1e-b022-b40c73a8b865,Play Store,"y r not accessible in protest, shame on u",1,2026-07-24T22:04:54,0
5b233384-068a-47de-91d9-91f73bea985f,Play Store,Excellent job,5,2026-07-24T22:04:44,0
1816696d-c851-4f02-9387-ea8dd183898e,Play Store,"experience not good, all products is 😭wet ... open products delivered... no package📦📦",1,2026-07-24T22:04:04,0
2063f4ec-162b-441b-9d3a-c60c98b2dceb,Play Store,good,5,2026-07-24T22:03:55,0
e627fc3e-0575-49fc-8e99-520655a4b2b3,Play Store,some delivery persons are behaving good and on time,5,2026-07-24T22:03:52,0
41e9d0f8-f48a-4e53-9cb5-abde68af92a1,Play Store,zero star rating,1,2026-07-24T22:03:33,0
c64b0687-a288-4ab3-b1c6-f7c503891f5b,Play Store,good work,5,2026-07-24T22:02:50,0
64e995e6-9e0d-43fb-9d6b-73519d3c10bd,Play Store,exllent app,5,2026-07-24T22:02:46,0
